Ag13As3I4O12,-0.43157655725,1.01082197164,-0.00439602054316
Ag1As1Ba1,3.40896998651,0.341260001244,-0.907443708289
Ag1As1Ca1,2.828210419,-0.518144694004,-0.778427508532
Ag1As1Cs2S4,0.364929062501,1.12082100366,-1.20481976221
Ag1As1Eu1,3.11757048601,0.425186868629,-0.674972928298
Ag1As1F6N4O2S6,-4.62754480111,1.23537393807,0.741838465453
Ag1As1F6S16,-4.03593146924,1.80307656746,0.842573288118
Ag1As1F6Se3,-4.06385183203,2.409919274,1.24177864456
Ag1As1F7,-5.35914366367,2.01890464031,1.50595521771
Ag1As1Hg1S3,-0.391945564372,1.58771551785,0.0422395911261
Ag1As1Hg2O4,-1.4590020137,1.30368331061,-0.07082059664
Ag1As1K2,3.0995701436,-0.725356073227,-2.69502405382
Ag1As1Mg1,2.11617559076,-0.810495371993,-0.688715560392
Ag1As1Na2,2.41969802675,-1.34519531088,-2.44778430158
Ag1As1O3,-2.48777712085,0.671346502715,0.403443563832
Ag1As1Pb1S3,-0.372652597659,1.66342806316,0.227677238299
Ag1As1S1,0.466828415971,0.969987800506,0.256989621503
Ag1As1S2,-0.528354395775,1.15763961019,0.32666059852
Ag1As1Se1,1.18674489445,1.59254445662,0.301607628149
Ag1As1Se2,0.551520321943,2.09147459435,0.393587608492
Ag1As1Sr1,3.00108725211,-0.00354970870641,-0.875369565662
Ag1As2Ce1,2.58119517871,0.68061993061,-0.0600182040669
Ag1As2Gd1,2.63251781081,0.647946335998,0.108510552718
Ag1As2La1,2.61528172146,0.673549217706,-0.0464497925212
Ag1As2Nd1,2.5832463895,0.648241058887,-0.0213569121692
Ag1As2Pr1,2.59699839168,0.639822264528,-0.0169047355819
Ag1As2Sm1,2.50062828141,0.68204650662,-0.0663866591063
Ag1As3Cu4O12,-2.45534055924,0.370604576751,0.336897987468
Ag1As3K2Se6,0.400427149916,1.79015488448,-0.318446288422
Ag1As3Rb2Se6,0.563367700799,1.99148765175,-0.355048802085
Ag1As4Cs3Se8,0.810612058055,2.21989106124,-0.501308900595
Ag2As1Cs1S3,0.721644676914,0.937297880942,-0.771635749349
Ag2As1K1O4,-1.22910732969,0.224539104337,-0.516499523523
Ag2As1O6V1,-2.17292148019,0.316564801244,0.31323589911
Ag2As1S2,0.507017539374,0.87861607448,0.0142300000852
Ag2As3Rb1Se6,0.55744401137,2.04148112306,0.0192694032087
Ag2As4Cl6Hg6,-0.0527104171652,2.46368030185,0.161995904632
Ag3As1O4,-1.11578745067,0.45052888674,0.0175258991555
Ag3As1S3,0.524241449403,0.839456763331,-0.089809837657
Ag3As1S4,0.0194734143563,0.949599047811,-0.0116244167611
Ag3As1Se3,1.44984835031,1.63988674976,-0.0324438291118
Ag3As2K1S5,0.0590648664153,0.790803411345,-0.326748168281
Ag3As2K3,3.21289002263,-0.499366290824,-2.16099863114
Ag3As2S6Tl3,0.348255550663,1.55200851887,-0.0243604073379
Ag5As3Cu1O11,-1.79367314536,0.485752213238,0.193848337405
Ag7As1S6,0.837285912339,0.720576441967,-0.283115560678
Ag7As1Se6,1.76289281324,1.52100642839,-0.225749552133
Ag7As4Cl1Cu1O14,-1.8083103137,0.599189940398,0.22832829295
Al1As1,0.685432562656,-0.239051991572,0.745650012426
Al1As1Cu1O5,-2.97952815153,0.226132878612,0.446190073377
Al1As1F1Na1O4,-3.37212676403,0.19405810673,0.0945743647089
Al1As1O4,-3.62780551982,0.40195248087,0.644532778416
Al1As2Cs3,3.28795525699,0.381828618758,-2.51045559549
Al1As2K1O7,-3.19202525048,0.360048103594,0.146564646197
Al1As2K2Na1,1.91714040563,-1.07118750177,-2.17775334456
Al1As2Li1O7,-3.44169859524,0.161351928533,0.236831525279
Al1As2Li3Mo2O14,-2.97463252312,-0.289871520233,-0.00581237834658
Al1As2Na1O7,-3.31563836265,0.247350060376,0.191517328424
Al1As2Na3,1.46389232773,-1.4844136602,-2.01292684307
Al1As2Na3O8,-2.6780030373,-0.223346016037,-0.523269126224
Al1As2O7Rb1,-3.10314858637,0.46986597665,0.126599638746
Al1As3Ca3,1.80190860821,-0.836545493534,-0.468408299936
Al1As4B1Na2O14,-3.33589444818,0.168653733406,0.364418251599
Al1As4Ca3Na3,1.82053173624,-1.29856331207,-1.53161083481
Al2As2Cs2O7,-1.97604507166,0.384291889487,-0.375086797801
Al2As2K1Na1O9,-2.87959616914,0.0143608904804,-0.146169636207
Al2As3K3,1.7791814741,-0.708193814802,-1.50871244338
Al2As3Na2,1.11028815394,-0.871358734491,-0.79614925184
Al2As3Na3O12,-2.96294378205,-0.0357564669599,-0.172928554829
Al2As4Ba3,2.13456238783,0.155635535483,-0.327633763621
Al2As4Ca3,1.55380282031,-0.703769159763,-0.19861756386
Al2As4Sr3,1.72667965341,-0.189174174476,-0.295559620985
Al3As5Ba3,1.87108423779,0.0838741669357,-0.132491258882
Al4As8K12,2.14376444458,-0.864574422545,-2.26016659531
As10Br18Hg19,0.200601611593,3.47983375689,0.150523791067
As10Pb6S20,-1.31307776838,1.95713484682,0.626773136508
As11Ca14Ga1,2.0956480694,-0.839864523265,-0.792710203306
As12Br1Cu1P4S12,-1.62990337815,1.44283403029,0.75128245425
As12Cl1Cu1P4S12,-1.69920298653,1.38956155789,0.759718863881
As12Er5Ni16Zr3,2.4403471747,0.140554313989,0.883638298415
As12Eu11Zn6,2.19225874256,0.648993552629,-0.454931757051
As12Fe4La1,1.19669499406,0.692480055335,0.983012474187
As13Pb9S28,-1.28820318857,1.98780797576,0.5966565371
As14Ba3,1.1564661663,1.14582852668,0.689302871799
As19Pb4S68Sb21Tl8,-1.31244845944,2.02761605178,0.635289463709
As1Au1Ba1,3.63416894333,1.14520028954,-0.517335058831
As1Au1Ca1,3.05340937581,0.28579559429,-0.388318859071
As1Au1Eu1,3.34276944281,1.22912715692,-0.284864278836
As1Au1F9Sb1,-5.10061278415,2.35749789562,1.62826056877
As1Au1K2S4,-0.122716734897,0.799097091116,-0.933384518571
As1Au1Na2,2.58859724436,-0.742240094664,-2.15520281448
As1B1,0.462615621682,-1.10471158837,2.64756016736
As1B1Ba1F10,-5.36046745772,1.68332585998,1.64335685021
As1B1Ba1O5,-2.83554621016,0.154657756277,0.663420585252
As1B1Ba3O3,-0.0613095997308,-0.0673530126357,-0.224479570058
As1B1O4,-3.70207783348,0.113399281943,1.27850283007
As1B1O5Pb1,-3.07568584172,0.629033163463,0.973592330994
As1B2Ir5Mg2,3.62441338019,-0.549985733331,1.99817636453
As1B6,0.603139066501,-2.91296731625,3.48811190935
As1Ba1Cd1F1,0.230002625161,1.25439852728,-0.218308290775
As1Ba1Cu1,3.09781238244,-0.0212828337788,-0.792829658714
As1Ba1F1Mn1,0.164475025076,0.593454841866,-0.0376409278179
As1Ba1F1Zn1,-0.0216882162588,0.953043260021,-0.1452276525
As1Ba1K1Se3,0.876315123442,1.66344279453,-0.830991976301
As1Ba1Li1,2.19131471167,-0.98993206037,-2.00053294548
As1Ba1O6V1,-2.85707816458,0.386112865626,0.293968590955
As1Ba1Pd1,3.24134278285,0.0954228644827,-1.16688190142
As1Ba1Pt1,3.68171752573,1.09330951544,-0.208825989829
As1Ba2,3.6303088534,0.36522323785,-1.48148839702
As1Ba2Fe1O3Sc1,-0.0410250910578,-0.0744860043741,-0.410627589649
As1Be1Cs1O4,-2.29262594034,-0.0302103412575,-0.46012643242
As1Be1Li1,0.684842748245,-2.59325175515,-1.36775600078
As1Be1Na1,1.14706360112,-2.27792527171,-1.53390805592
As1Bi1Ca2O6,-2.45382568035,0.468672886398,0.00202203140123
As1Bi1Cu2O6,-2.42486782241,0.752412060568,0.33780755452
As1Bi1Mg2O6,-2.88104657729,0.293262479598,0.055849200288
As1Bi1Mn1O5,-2.90280502131,1.01732694491,0.500132796981
As1Bi1Ni1O5,-2.90067406464,1.1375219045,0.699613827224
As1Bi1O4,-3.35164900625,1.45490405307,0.662237952046
As1Bi1O5Pb1,-2.81286422131,1.6351617418,0.511393672474
As1Br1Hg3S4,-0.782703825447,2.53073881354,0.0111029070936
As1Br1Hg3Se4,0.177184812519,3.36081435502,0.0705935826291
As1Br1O8Pr4,-2.01858356581,0.851484648638,0.0272037460024
As1Br3,-2.24468954084,4.06321449731,1.30750651775
As1Br3Ca3,0.247424481564,1.14592152234,-0.354529644369
As1Br3F6S1,-5.27699627627,2.95712742341,1.56194424612
As1Br3F6Te1,-4.91299669239,3.17382294827,1.62096793224
As1Br5F6,-5.05801251522,3.390984527,1.59598933938
As1Ca1,1.91806298852,-0.658478006815,-0.549895065976
As1Ca1Cu1,2.51705281495,-0.880687529021,-0.66381345896
As1Ca1F1Fe1,-0.197041426102,-0.0620314545908,0.260308693446
As1Ca1F1Mg1O4,-3.18247707265,0.0472291434969,0.109659876924
As1Ca1Li1,1.61055514415,-1.84933675563,-1.87151674572
As1Ca1Na1O4,-2.4170528933,-0.244601706876,-0.533872822419
As1Ca1Pd1,2.66058321535,-0.763981830773,-1.03786570166
As1Ca1Pt1,3.10095795822,0.233904820197,-0.0798097900714
As1Ca1Rb1,2.85190517672,-0.718118579193,-2.27570032969
As1Ca2,2.46878971839,-1.35358615264,-1.22345599749
As1Ca2Cl1O4,-2.61148304095,0.271611261408,0.0264625486797
As1Ca2I1,1.4999940303,0.390030515786,-0.643799789526
As1Ca2O12W2Y1,-2.33214179423,0.107808600227,0.517396099529
As1Ca3Cl3,-0.643570483213,0.460989734316,-0.246061520612
As1Ca3N1,1.23238646923,-1.50117807543,-1.30899930225
As1Cd1,1.59993581371,1.37867884808,0.0908893894677
As1Cd1Ce1O1,0.63998922584,0.896519335691,-0.292600734853
As1Cd1K1,2.31393929172,0.237320456185,-1.77530566538
As1Cd1Li1,1.39847036095,-0.491232185687,-1.44432710876
As1Cd1Na1,1.86069121382,-0.175905702247,-1.61047916389
As1Cd1Na1S3,-0.826605808595,0.772344668499,-0.537402817156
As1Cd1Pd5,3.41828428176,-0.302512813892,-1.41246515516
As1Cd1Pt5,4.36194444505,1.83581572387,0.64051179821
As1Cd2Cl2,-0.837442004253,2.15510566466,0.381022660356
As1Cd2F1O4,-3.07452759947,1.1754390752,0.396410124091
As1Cd3Cl3,-0.916250918771,2.20712418137,0.303182298335
As1Ce1,2.70519631796,0.766555680081,-0.237684075592
As1Ce1Cl2Cs2S3,-0.376858954335,1.58637503883,-0.874727960104
As1Ce1F1O4,-3.61709837367,0.978393571437,0.543306144611
As1Ce1Fe1O1,0.648514850212,0.224642875255,0.0892540995471
As1Ce1Ni1O1,0.578723539106,0.47596556945,0.287028688589
As1Ce1O1Ru1,1.13801793366,0.272654509534,0.20460140981
As1Ce1O3,-2.38857620945,0.740095102291,0.261310866614
As1Ce1O4,-2.95455093472,0.737155038094,0.316754749084
As1Ce1Pd1,3.1853387683,0.186040627159,-0.829725041412
As1Ce1Rh1,3.33542074855,0.281905828611,-0.0537977853732
As1Ce1S1,0.632163268303,1.08456879979,0.0201017927934
As1Cl13Nb1P1,-4.01195062482,2.70071660013,1.29199583305
As1Cl13P1Sb1,-4.2453470753,3.0142313347,1.34911703207
As1Cl13P1Ta1,-3.87806643728,2.78308253606,1.45433455254
As1Cl1Co2O4,-2.77834652768,0.733398974993,0.849727032735
As1Cl1Cu2O4,-2.57528571854,0.62628522912,0.446194452577
As1Cl1F6N2S2Se1,-5.26617457815,1.91941699052,1.19426306644
As1Cl1F8,-6.56337164991,2.41772742835,1.81978756071
As1Cl1Hg3O4,-2.02282328893,1.90954598459,0.0651356644403
As1Cl1Hg3S4,-1.01370252003,2.35316390553,0.0392242725157
As1Cl1Nb1O5Rb1,-2.64763708625,0.598408532921,0.0350616791273
As1Cl1O2Pb1,-2.61441934672,1.96900008892,0.737731058757
As1Cl2F3,-5.47205611676,2.56533001781,1.69849579241
As1Cl2Hg2,-0.700778724517,2.89295700931,0.261074889474
As1Cl2Pr3S5,-1.09104852424,1.50424579855,0.167308439236
As1Cl3,-3.8039307292,2.86458386827,1.49732573432
As1Cl3F5O1P1,-5.60005901138,2.2531473223,1.42011154722
As1Cl3F6S1,-5.84399307204,2.52126174012,1.63096941578
As1Cl3F6Se1,-5.64765221426,2.69104991907,1.64313796305
As1Cl3F6Te1,-5.47999348816,2.73795726497,1.6899931019
As1Cl5,-4.25613223234,3.02433247246,1.50027440164
As1Cl7O3Pb5,-2.26588208834,2.82175580265,0.713415618574
As1Co1,1.58433601507,0.265097420356,1.09663390214
As1Co1Hf1,3.27654065584,-0.0700295376655,1.02050949066
As1Co1Li1,1.38807049519,-1.23361980417,-0.773830766981
As1Co1Li1O4,-2.71049810838,-0.115862934877,0.00777204924612
As1Co1Mn1,1.94685015276,-0.261022878487,0.542309435482
As1Co1Nb1,2.81237464855,-0.543226111978,0.763101167212
As1Co1Nd1O1,0.634240537309,0.307349750103,0.248932813381
As1Co1Ni1,1.9525327039,0.0594970137421,1.07425884947
As1Co1O1Sm1,0.551622429222,0.341155197834,0.203903066443
As1Co1Rh1,2.58818054663,-0.0523996778696,0.835747533114
As1Co1S1,-0.115076933624,0.750263293312,0.909647111282
As1Co1Se1,0.604839544866,1.37281994943,0.954265117925
As1Co2,2.02382042045,-0.122152249745,0.971915959991
As1Cr1,1.87973032862,-0.570346197272,0.249551306105
As1Cr1Fe1O3Sr2,-0.305996793144,-0.341294724542,-0.400421572428
As1Cr1La1O1,0.813973026051,-0.0850638998912,-0.199701364991
As1Cr1Ni1,2.14946224626,-0.497465398005,0.509537118777
As1Cr1O4,-3.2297062645,0.291521078979,0.479166542978
As1Cr1Rh1,2.785110089,-0.609362089622,0.271025802409
As1Cr1Ti1,2.3498584967,-1.20974088824,0.0906031517797
As1Cr2,2.41767950519,-1.23607707325,-0.157527501399
As1Cr3N1,1.18638727735,-1.39541990397,-0.349663655756
As1Cs1,3.14810533575,0.937128092835,-2.26874302344
As1Cs1Eu1S3,0.0321375929396,1.18703892451,-0.865113262998
As1Cs1F4,-4.01222022636,1.92959254528,0.512162004031
As1Cs1F6,-4.90726092163,2.05365060184,0.859775132474
As1Cs1Mn1,2.98936303321,0.186997569838,-1.70127518156
As1Cs1O5Ti1,-2.41697466262,0.374749937618,-0.224363549584
As1Cs1Se2,0.896975970088,2.2626965502,-0.799607736957
As1Cs2Li1O4,-1.22695253059,0.122553819479,-1.58557791024
As1Cs2Na1O4,-1.05361971076,0.240801250768,-1.64788493091
As1Cs3,4.58921660416,0.692268923927,-4.13850839945
As1Cs3Ge1Se5,1.33884678581,2.16920778009,-1.11992673475
As1Cs3O4,-0.597603978449,0.707361820511,-1.77226711902
As1Cs3Se4,1.61753160429,2.14026696574,-1.73449042496
As1Cs5P4S12,-1.01380264773,1.1913573485,-1.09286315758
As1Cs5P4Se12,0.164242498857,2.21008642213,-1.01985187397
As1Cs7Mo8O30,-1.89973718919,0.157475642142,-0.30898208571
As1Cu1,1.99045763335,0.0508699286104,0.289568741822
As1Cu1Eu1,2.80641288195,0.0626440336107,-0.560358878728
As1Cu1F7,-5.46286286503,1.89805702865,1.5441599009
As1Cu1Ge1Zr1,2.64407138376,-0.125677906385,0.713768916524
As1Cu1Hf1Si1,2.90247371709,-0.602743946122,1.24121279323
As1Cu1K2,2.86620194056,-0.997263199496,-2.60906351664
As1Cu1Li2,1.49299854439,-2.09009216232,-2.1125956817
As1Cu1Mg1,1.8050179867,-1.17303820702,-0.574101510814
As1Cu1Mn1,2.21759789829,-0.403841206313,0.00426599528382
As1Cu1Na1O4,-2.39636870907,-0.0419308681815,-0.294026020179
As1Cu1Na2,2.1863298237,-1.61710243715,-2.3618237644
As1Cu1O4Pb1,-2.25219687847,0.945853374928,0.354111662195
As1Cu1O4Tl1,-2.18993503213,0.868474597582,0.289281772923
As1Cu1O4Tl2,-1.43778843406,1.14588570507,0.13686383646
As1Cu1Pb1S3,-0.528231399687,1.48215664565,0.284984263082
As1Cu1Pt1S2,0.483971500462,1.11232008198,0.502169060906
As1Cu1S1,0.155670811902,0.607444965486,0.371603671083
As1Cu1Se1,0.875587290378,1.23000162159,0.416221677728
As1Cu1Se2,0.318152118894,1.81956746808,0.479548145674
As1Cu1Si1Zr1,2.43548669499,-0.81420522024,1.09135004624
As1Cu1Sr1,2.68992964803,-0.366092543735,-0.760755516083
As1Cu1Te1,1.49033595276,1.40199522327,0.588023853514
As1Cu2,2.5653159115,-0.407788905422,-0.104170920437
As1Cu2K1S3,0.128026498464,0.270431724838,-0.601883992524
As1Cu3,2.85274505057,-0.637118322416,-0.301040751558
As1Cu3S4,-0.33057889022,0.541738358411,0.117316389011
As1Cu3Se4,0.7492958275,1.47557334257,0.184243398983
As1Cu4K1S4,0.481234759378,0.0963403966262,-0.546081490793
As1Dy1,2.73272623536,0.682637086672,0.0913868943807
As1Dy1O4,-2.94537429558,0.709182173629,0.426445072407
As1Dy1Pd1,3.20369204657,0.130094898223,-0.610344394755
As1Dy1Pt1,3.64406678943,1.12798154918,0.347711516835
As1Dy1S1,0.65051654658,1.02862307086,0.23948243944
As1Dy1Se1,1.37043302505,1.65117972696,0.28410044609
As1Er1,2.85894958449,0.545767673121,0.423689569788
As1Er1O1Zn1,0.465175017683,0.484770064949,0.111166726114
As1Er1Pd1,3.28784094599,0.038848622517,-0.388809277819
As1Er1Pt1,3.72821568886,1.03673527348,0.569246633771
As1Er1S1,0.734665445996,0.937376795156,0.461017556382
As1Er1Se1,1.45458192447,1.55993345126,0.505635563036
As1Eu1,2.35210308903,0.75651933713,-0.394713195628
As1Eu1Li1,1.89991521116,-0.906005192988,-1.76806216549
As1Eu1Li1S3,-0.806993809922,0.407294923122,-0.616194317958
As1Eu1Na1S4,-0.995600447414,0.730049146891,-0.522849791945
As1Eu1O4,-3.0722486777,0.733809590443,0.264411709073
As1Eu1Pt1,3.39031802522,1.17723638282,0.0236447901606
As1Eu1Rb1S3,-0.186318793651,0.972904011337,-0.818286109934
As1Eu1S1,0.396767782356,1.0778779045,-0.0845842872284
As1F10N1S2,-6.25003092318,2.03035391066,1.51887352195
As1F1Fe1Sr1,-0.0673838012815,0.323914784377,0.187602150599
As1F1Mn1Sr1,-0.141437025737,0.334847559397,-0.013585320843
As1F1O4Rb1Sc1,-2.82231922889,0.425395377871,-0.104862545429
As1F1Sr1Zn1,-0.327600267073,0.694435977552,-0.121172045525
As1F3,-5.62781655583,2.17608018629,1.79465782048
As1F5,-6.2826720397,2.25932838136,1.83064338625
As1F5N4S4,-5.07216882219,1.25950232468,0.850739414491
As1F6I1Se6,-3.91569490378,3.08087611616,1.28562921192
As1F6I3Se1,-4.62379524937,3.31206378459,1.53104626254
As1F6I3Te1,-4.45613652327,3.3589711305,1.57790140139
As1F6I5,-4.36003170128,3.67384980542,1.53019325059
As1F6In1,-5.32293356484,2.21375811983,1.48573723017
As1F6K1,-5.19330862473,1.74204984152,0.922347382516
As1F6Li1,-5.53660947377,1.46884260081,1.04646434125
As1F6N1O2,-6.16719443548,1.6725375019,1.37703724999
As1F6N1S2,-5.71309008948,1.87216556633,1.36537712362
As1F6N2S3,-5.45495697607,1.64507676896,1.15711617563
As1F6N5S3Se1,-5.07860481685,1.32657486315,0.85267310515
As1F6N5S4,-5.21358915657,1.20984549013,0.844307228903
As1F6Na1,-5.36327665395,1.5870900321,0.984157320581
As1F6Rb1,-5.07110321157,1.89304941697,0.894895497268
As1F6Tl1,-5.18264718664,2.38369481465,1.49455163955
As1F7Pb1,-5.49882149165,2.44855941445,1.59031520657
As1F7Sn1,-5.62380136378,2.35968915704,1.64802993014
As1F8Sb1,-5.89390725527,2.36898071793,1.77016787526
As1F9O1S1,-6.44699097166,2.14185992755,1.64366383997
As1Fe1,1.61698706245,0.034925927211,0.854599058267
As1Fe13Nd6,3.48836790588,-0.81767932024,-0.308947075056
As1Fe13Pr6,3.5048703085,-0.827781873473,-0.303604463149
As1Fe1Gd1O1,0.699837482319,0.191969280643,0.257782856331
As1Fe1La1O1,0.682601392967,0.21757216235,0.102822511093
As1Fe1Li1,1.40983786011,-1.38706746628,-0.935187329564
As1Fe1Li1O4,-2.70116923769,-0.181626218638,-0.0613807632969
As1Fe1Mn1,1.96861751768,-0.414470540581,0.380952872902
As1Fe1Na1,1.87205871298,-1.07174098283,-1.10133938469
As1Fe1Nb1,2.83414201348,-0.696673774083,0.601744604638
As1Fe1Nd1O1,0.650566061003,0.192264003531,0.127915391445
As1Fe1Ni1,1.97430006881,-0.0939506483531,0.912902286889
As1Fe1O1Pr1,0.664318063189,0.183845209171,0.132367568032
As1Fe1O1Sm1,0.567947952916,0.226069451262,0.0828856445078
As1Fe1O3Sr2V1,-0.315889124745,-0.2854736944,-0.207872047714
As1Fe1O4,-3.31728735322,0.493278453809,0.680849127035
As1Fe1S1,-0.0933095686982,0.596815631227,0.748290548706
As1Fe1Se1,0.626606909782,1.21937228733,0.792908555351
As1Fe1Ta1,3.54819101368,-0.257388782435,1.46755110857
As1Fe1Te1,1.24135557216,1.39136588899,0.964710731145
As1Fe1Ti1,2.17469631925,-0.806226138595,0.493968319889
As1Fe1V1,2.21613777681,-0.683706243219,0.759303065959
As1Fe2,2.0673551503,-0.429047573938,0.649202834826
As1Ga1,0.922308660775,1.15414615435,0.33487373786
As1Ga1O4,-3.54884682044,0.866351862842,0.507607353562
As1Ga1Pd5,3.22467652378,-0.366665012091,-1.34275534133
As1Ga2Rh5,3.30033748662,-0.0309038981031,0.179822649762
As1Gd1,2.80784158217,0.701208490857,0.0993734379772
As1Gd1O1Ru1,1.18934056577,0.239980914921,0.373130166595
As1Gd1O1Zn1,0.439621016527,0.562490473818,-0.0509913397938
As1Gd1Pt1,3.69414368732,1.14036248531,0.353035879226
As1Gd1S1,0.700593444449,1.04100400698,0.244806801842
As1Ge1,1.03412560915,1.20426174905,1.73895811564
As1Ge1Nb1,2.44556771128,0.0828834404847,1.19131730955
As1Ge1Se1,0.238032607566,1.99892950188,1.38248126027
As1Hf1,3.46341636815,0.343281488467,1.16952419814
As1Hf1Os1,4.60367164535,0.493563991581,1.97863912985
As1Hf1Ru1,3.95097879869,-0.1594616874,1.01294934177
As1Hf2,4.52926089121,-0.0179068256098,1.06910302133
As1Hf3,5.06218315276,-0.198500982628,1.01889243292
As1Hf9Mo4,5.86055402471,-1.05213878556,0.968749835375
As1Hf9Re4,6.41950552019,-0.446269556682,1.60748635598
As1Hf9W4,6.53268351759,-0.556924793915,1.65899535191
As1Hg1K1,2.42782535818,0.852196576734,-1.87526214112
As1Hg1Pd5,3.46709259596,-0.0389944765161,-1.45530364476
As1Hg1S3Tl1,-0.528823485622,2.14192243884,0.0931447036134
As1Hg3I1Se4,0.363313029561,3.43624509593,0.0530479589522
As1Hg3S3Sb1,0.135653012147,2.37130162579,-0.0848564914341
As1Ho1,2.81290542789,0.592655208024,0.292815706589
As1Ho1O4,-2.91864789808,0.679188214078,0.493588009814
As1Ho1Pd1,3.25714484159,0.0701069791194,-0.47605851995
As1Ho1Pt1,3.69751958446,1.06799363008,0.481997391642
As1Ho1S1,0.703969341587,0.968635151752,0.373768314255
As1Ho1Se1,1.42388582008,1.59119180787,0.418386320898
As1I1Se1,-0.831554543531,3.54533065309,1.07849470416
As1I3,-0.988324075748,4.57237199846,1.18907355794
As1I3La3,1.69846738872,2.64620488964,-0.131336066997
As1I3S24,-3.15310586597,2.1279917477,0.629016390775
As1In1,1.48541476293,1.5775581648,0.23510536732
As1In1Pd5,3.38556398154,-0.245690151958,-1.37126059006
As1In1Pt5,4.32922414485,1.89263838581,0.681716363323
As1In2Pt8,4.49179631215,1.91206818384,0.577501803139
As1Ir1La1,3.96833138415,1.00744579668,0.890648147437
As1K1,2.00391452335,-0.309274948471,-2.01845402326
As1K1Li2,1.49972698938,-2.27016460086,-3.26660706424
As1K1Mg1,1.81398924669,-1.41313479174,-2.1127833542
As1K1Mn1,2.22656915828,-0.643937791021,-1.53441584811
As1K1Mo1O6,-2.80448747687,0.14917986883,0.0662531012615
As1K1Mo4O15,-2.90120072658,0.0344777387823,0.435717539615
As1K1Ni1O4,-2.34870615943,0.274223595985,-0.0902146652568
As1K1O2,-1.89025501886,0.206589884314,-0.712239930924
As1K1O3,-2.66908892729,0.30976285087,-0.450997112454
As1K1O5Sn1,-2.83096347245,0.727913283846,-0.127982152648
As1K1O5Ti1,-2.70302236572,0.0631491772917,-0.161791299539
As1K1Se2,0.324880563888,1.63949502955,-0.674463236867
As1K1Sn1,2.09147167524,0.737010895096,-1.33124267608
As1K1Zn1,1.97835150316,-0.164486566826,-1.67786481435
As1K3,2.87293038555,-1.17733563804,-3.76307489918
As1K3O4,-1.45574708775,-0.227440460468,-1.58455036888
As1K3S3,0.135716149896,0.0646346522331,-1.920754144
As1K3S4,-0.320486222728,0.271629700603,-1.6137006848
As1K3Se3,1.06132305079,0.865064638651,-1.86338813545
As1K3Se4,0.759388494989,1.20546468476,-1.54677367483
As1La1,2.77336940347,0.752414254273,-0.210547252502
As1La1Ni1O1,0.61281008186,0.468894856546,0.300597100134
As1La1O1Ru1,1.17210447642,0.265583796629,0.218169821356
As1La1O1Zn1,0.422384927175,0.588093355525,-0.205951685032
As1La1O3,-2.36130697524,0.734438531967,0.27216559585
As1La1O4,-2.93182657288,0.732441229494,0.325800356782
As1La1Pd1,3.23078749198,0.176613009951,-0.811633826007
As1La1Rh1,3.38086947223,0.272478211411,-0.035706569984
As1La1S1,0.677611991984,1.07514118259,0.0381930081898
As1La1Te1,2.01227713284,1.86969144036,0.254613190623
As1La5Pb3,4.09381970261,1.41166683521,-1.04637565788
As1Li1,0.630711127178,-1.40210391129,-1.52198618832
As1Li1Mg1,0.898520315912,-2.14168743362,-1.78180479758
As1Li1Mg1O4,-2.92030532808,-0.505034776068,-0.424216821008
As1Li1Mn1,1.3111002275,-1.37249043291,-1.20343729148
As1Li1Mn1O4,-2.74348536597,-0.175378918621,-0.176345032683
As1Li1Mo1O6,-3.10964378714,-0.0936710118043,0.176579286803
As1Li1Mo2O9,-3.06782590306,-0.0807103493233,0.341575158063
As1Li1Ni1O4,-2.74104998689,-0.0380132505251,0.0516332875792
As1Li1O3,-3.21837028576,-0.127368734257,-0.252409978478
As1Li1O4Rb2,-1.55463711046,-0.198648550266,-1.51533718065
As1Li1O4Zn1,-2.84986436101,0.0301001774734,-0.237823161073
As1Li1O5Ti1,-3.04632321476,-0.210058063413,-0.0376743408036
As1Li1O5V1,-3.03078266817,-0.164113102645,0.0618261889721
As1Li1S2,-1.44159585191,0.159245563975,-0.493156329368
As1Li1Se2,-0.361721134195,1.09308054814,-0.426229319396
As1Li1Sr1,1.78343197725,-1.33474177033,-1.96845880285
As1Li1Yb1,1.87981645874,-0.852418589701,-1.77546961729
As1Li1Zn1,1.06288257238,-0.89303920871,-1.34688625772
As1Li2Na1O4,-2.31231681505,-0.928814751295,-1.27450651335
As1Li3,0.8131252913,-2.81657908227,-3.01837314677
As1Li3O25W7,-2.40785064144,0.0642465913991,0.754785098035
As1Li3O4,-2.48564963487,-1.04706218258,-1.21219949268
As1Li3S3,-1.04131533255,-0.87207588733,-1.49521028547
As1Lu1,3.06734080248,0.537611613167,0.606222542866
As1Lu1O4,-2.83383610654,0.660840349124,0.598056955234
As1Lu1Pd1,3.42676842464,0.033411249209,-0.267120629105
As1Lu1Pt1,3.86714316751,1.03129790017,0.690935282488
As1Lu1Se1,1.59350940314,1.55449607796,0.627324211752
As1Mg1Na1,1.36074116879,-1.82636095018,-1.94795685271
As1Mg1Pt5,4.14768014005,1.12847776048,0.495878503001
As1Mn1,1.46888061354,0.0567914772518,0.452224115382
As1Mn1Na1,1.77332108038,-1.05716394946,-1.36958934661
As1Mn1Na1O4,-2.54539071472,-0.0402389971417,-0.247553056313
As1Mn1Nd1O1,0.576512836546,0.203196778551,-0.0732720799977
As1Mn1Ni1,1.87556243621,-0.0793736149798,0.644652324968
As1Mn1O4,-3.36665616953,0.500566970474,0.546724146071
As1Mn1Pd1,2.36112829868,-0.287135508055,-0.369786247419
As1Mn1Pd2,2.80725214126,-0.459099000713,-0.780791428822
As1Mn1Rb1,2.55245026006,-0.241272256478,-1.60762087544
As1Mn1Rh1,2.51121027896,-0.191270306605,0.406141008603
As1Mn1Ru1,2.62128829561,-0.350455028206,0.534749286596
As1Mn1Ti1,2.07595868663,-0.79164910524,0.225718357967
As1Mn1V1,2.11740014419,-0.669129209854,0.49105310403
As1Mn2,1.86987988507,-0.399893507222,0.112702910981
As1Mn3,2.07037952084,-0.628235999453,-0.0570576912166
As1Mn7O12Sb1,-2.32904543947,0.179039108544,0.268765526797
As1Mo1,2.86210691332,-0.47335657779,1.27006435897
As1Mo1Na1O6,-2.95557016951,0.0114378160103,0.121195268424
As1Mo1O6Rb1,-2.69586044295,0.283401713676,0.0418514254812
As1N1V3,1.13890408567,-1.12747895929,0.574574062869
As1Na1,1.32404240649,-0.929114186127,-1.77121427102
As1Na1Nb2O8,-2.75753398703,-0.0331947490655,0.116786345331
As1Na1Ni1O4,-2.54295533567,0.0971266709464,-0.0195747360449
As1Na1O2,-2.23019107728,-0.103329734516,-0.588620054801
As1Na1O3,-2.94103777404,0.0618271558083,-0.352101211559
As1Na1O4Zn1,-2.65176970977,0.165240098951,-0.309031184701
As1Na1O5Ti1,-2.87299039493,-0.091810632123,-0.0999813614788
As1Na1O5V1,-2.85744984835,-0.0458656713545,-0.000480831703641
As1Na1O9W2,-2.59924367162,0.258710988527,0.674903038869
As1Na1S2,-1.09493021226,0.395740426557,-0.617770370719
As1Na1Se2,-0.0150554945395,1.32957541072,-0.550843360747
As1Na1Sr1,2.24565283013,-1.01941528689,-2.13461085798
As1Na1Zn1,1.52510342525,-0.577712725266,-1.51303831285
As1Na2Nb1O6,-2.44078086238,-0.296844804923,-0.489576414682
As1Na3,1.85312221027,-2.10709449452,-3.39221527082
As1Na3S3,-0.447031378846,-0.466656122904,-1.70883435636
As1Na3Se3,0.478575522056,0.333773863525,-1.65146834781
As1Na5O5,-1.52229363056,-1.03511399986,-1.87503843795
As1Nb1,2.76716735724,-0.366513372993,0.783411712963
As1Nb1Ni1,2.741086932,-0.361576848479,0.865444056688
As1Nb1Si1,2.16745479291,-0.835152977996,1.69475881583
As1Nb3,4.01780963638,-1.26319327482,0.439723705155
As1Nb3Te3,2.50593090289,1.03713776264,0.759099578762
As1Nd1,2.70929873954,0.701797936631,-0.160361491796
As1Nd1O1Ru1,1.14006914445,0.24027563781,0.243262701708
As1Nd1O1Zn1,0.390349595211,0.562785196706,-0.18085880468
As1Nd1O4,-2.95318346086,0.715569123614,0.342528943686
As1Nd1Pd1,3.18807371602,0.142868798189,-0.778176652205
As1Nd1S1,0.634898216019,1.04139697082,0.0716501819968
As1Ni1,1.47740444024,0.537571315603,1.25014823635
As1Ni1Pd1,2.36681084981,0.0333843841722,0.16216316656
As1Ni1Rh1,2.51689283009,0.129249585626,0.938090422581
As1Ni1S1,-0.186364650174,0.931912556821,1.01199000076
As1Ni1Se1,0.533551828305,1.55446921293,1.05660800742
As1Ni1Sm1,2.5923503761,0.39570462158,0.176222257589
As1Ni1Ta1,3.4551359322,0.0777081431505,1.73125056063
As1Ni1Ti1,2.08164123777,-0.471129213001,0.757667771946
As1Ni1V1,2.12308269532,-0.348609317624,1.02300251801
As1Ni2Si1,1.65294115657,-0.262248339062,1.7618145596
As1O1Ru1Sm1,1.05745103636,0.274081085541,0.198232954771
As1O1Y1Zn1,0.203822119155,0.221717307979,-0.0116293135235
As1O2Rb1,-1.64584419252,0.508589035223,-0.767143701424
As1O3Sb1,-3.11065643529,1.2901146317,0.852537018916
As1O4P1,-4.25173367588,0.79856196612,0.561926951001
As1O4Sb1,-3.55628445625,1.19550464593,0.809443209334
As1O4Sc1,-3.28429339613,0.302456329243,0.497632662653
As1O4Sm1,-3.00826219958,0.738106088768,0.312509112394
As1O4Tl1Zn1,-2.44533603284,1.07564556471,0.274276608403
As1O4Tl3,-1.42376277347,1.69749445893,0.132062402228
As1O4Y1,-3.07753511157,0.488190531128,0.455348604457
As1O4Yb1,-3.08229805391,0.760602892087,0.260707983176
As1O5P1,-4.47068951662,0.787689501965,0.566505123915
As1O5Rb1Sn1,-2.70875805927,0.878912859299,-0.155434037893
As1O5Rb1Ti1,-2.58081695255,0.214148752746,-0.18924318479
As1O5Rb1Zr1,-2.39295607553,0.326948967747,-0.127230330213
As1O5Sb1,-3.87459018551,1.12792608468,0.778661916778
As1O5V1,-3.60597154298,0.416878490289,0.715624230998
As1O6V2,-3.0679762396,0.1688481739,0.685783873303
As1Os1Zr1,3.98102228255,0.211615626103,1.77882213386
As1Pb2Pd3,3.24759391037,0.960117965423,-0.920523029696
As1Pb3Zr5,3.82278961426,0.487160930729,0.154008738409
As1Pd1S1,0.299201212306,0.724150663746,-0.00244857161951
As1Pd1Se1,1.01911769078,1.34670731985,0.0421694350262
As1Pd1Sm1,3.07791623857,0.187942728495,-0.838216314793
As1Pd1Sr1,2.83346004844,-0.249386845473,-1.13480775879
As1Pd1Tm1,3.19599306804,0.101191063626,-0.512658498364
As1Pd1Yb1,2.92984452993,0.232936335146,-0.941818573226
As1Pd1Zr1,3.06816943897,-0.378090532738,-0.091403188239
As1Pd2,2.85237671231,-0.174377508888,-0.852275405814
As1Pd3,3.17568845147,-0.374530501342,-1.14265829762
As1Pd5,3.49900019063,-0.574683493794,-1.43304118943
As1Pd5Sb1,3.21830140737,-0.0845340551656,-1.08403889354
As1Pd5Tl1,3.54589127091,-0.0514767864526,-1.36118697932
As1Pr1,2.73680274392,0.684960347915,-0.151457138622
As1Pr1S1,0.65323421895,1.03017191169,0.0775864174406
As1Pr1Se1,1.37315069743,1.65272856779,0.122204424086
As1Pt1Sm1,3.51829098145,1.18582937946,0.119839596802
As1Pt1Sr1,3.27383479131,0.748499805486,-0.176751847201
As1Pt1Tm1,3.63636781091,1.09907771459,0.445397413222
As1Pt1Y1,3.37974515749,0.685998264191,0.40551858093
As1Pt1Yb1,3.37021927279,1.23082298611,0.0162373383613
As1Pt5Tl1,4.4895514342,2.08685175131,0.691789974061
As1Pt5Zn1,4.21812110711,1.66361271401,0.682272162942
As1Rb1,2.49273617602,0.294723353348,-2.12826156427
As1Rb1Se2,0.569291390224,1.94149418046,-0.72936700737
As1Rb3,3.60616286456,-0.271338185308,-3.92778621069
As1Rb3Se4,1.1260047345,1.65846341113,-1.62912933058
As1Rh1,2.43087620435,0.369726278179,0.892381261813
As1Rh1Ti1,2.71728908051,-0.583025904618,0.519156455587
As1Rh1V1,2.75873053807,-0.46050600923,0.784491201653
As1Rh2,3.15254067282,0.0173528940165,0.699579106217
As1Ru1,2.59599322935,0.13094919577,1.08529367879
As1Ru1Te1,1.8940263501,1.45538140137,1.11850714483
As1Ru1Ti1,2.82736709718,-0.74221062622,0.647764733571
As1Ru1Zr1,3.32832943589,-0.441410052885,0.813132345783
As1S1,-1.62401001604,1.57372073495,1.00323062908
As1S1Sm1,0.52474073857,1.08647090113,0.0116105194145
As1S1Tm1,0.642817568052,0.999719236265,0.337168335834
As1S1Y1,0.386194914621,0.586639785861,0.297289503537
As1S1Yb1,0.37666902992,1.13146450778,-0.0919917390243
As1S2Tl1,-0.733671277644,1.98894999165,0.403018267235
As1S3Tl3,0.172269651923,2.2645602744,0.0410890229794
As1S4Tl3,-0.288501908447,2.19656462001,0.10291208631
As1Sb3Zr5,3.20369090745,0.229476823247,0.649417863618
As1Sc1,1.71596893371,-0.537540446476,0.304949665119
As1Se1,-0.544135298319,2.50755571911,1.07015763905
As1Se1Sm1,1.24465721707,1.70902755725,0.0562285260587
As1Se1Tm1,1.36273404653,1.62227589237,0.381786342481
As1Se1Y1,1.1061113931,1.20919644197,0.341907510183
As1Se2Tl1,0.346203440074,2.92278497582,0.469945277207
As1Se3Tl3,1.09787655283,3.06499026082,0.0984550315264
As1Se4Tl3,0.791372809271,3.13039960417,0.169839096283
As1Si1,0.6169562316,-0.172792878663,2.49412037508
As1Si1Ta1,2.88150379311,-0.395867986353,2.56056531977
As1Sm1,2.54406252337,0.769408832097,-0.250420985671
As1Sn1,1.26623438898,2.12821450644,0.75698387343
As1Sn3Zr5,3.44784999788,0.22055015848,0.327152909128
As1Sr1,2.17737823816,0.113414471122,-0.695308151669
As1Sr2,2.81454338458,-0.324396182054,-1.41734011175
As1Ta1,3.83824085752,0.292414114455,2.08212146888
As1Ta2,5.02902687705,-0.0857299909439,2.28589938232
As1Ta3,5.62441988682,-0.274802043639,2.38778833903
As1Te1,0.377987695258,2.76554612162,1.32786090274
As1Te1Ti1,1.34869674112,1.01418732435,0.809476216202
As1Ti1,1.77799881589,-0.530841919775,0.621747285854
As1Ti1Zr1,2.78299982691,-0.882604129918,0.504101417156
As1Ti3,2.53405682436,-1.50968609499,0.197227064491
As1Tm1,2.72117776757,0.639281334789,0.237915738968
As1V1,1.84016100222,-0.347062076705,1.01974940496
As1V3,2.62730010386,-1.23401633038,0.794230243148
As1Y1,2.33624378743,0.0196621591809,0.178097490517
As1Yb1,2.32195496038,0.836899242058,-0.405824373324
As1Zn1,1.09655413087,0.775968313561,0.237050666019
As1Zr1,2.52944232395,-0.0796410597663,0.86979870416
As1Zr3,3.66122208646,-0.832884804983,0.569304191954
As22Ba13Si6Sn8,2.01740962945,0.841633476394,0.313435598498
As23Cu44Sr7,2.67836282027,-0.45793707763,-0.343707043822
As2Au1Gd1,2.80141702842,1.25090155222,0.401092039814
As2Au1K5,3.07069987338,-0.649868247524,-3.08275873296
As2Au1Nd1,2.7521456071,1.25119627511,0.271224574928
As2Au1Pr1,2.76589760929,1.24277748075,0.275676751515
As2Au1Sm1,2.66952749902,1.28500172284,0.22619482799
As2B12,0.603139066501,-2.91296731625,3.48811190935
As2B1Cs3,3.21368294333,0.093275419833,-1.87648554384
As2B1K3,2.06949213093,-1.15312762147,-1.62619654366
As2B1Rb3,2.5583137836,-0.549129319654,-1.73600408467
As2B4Cl4,-1.74729815788,0.168393315495,2.42635928267
As2Ba1,1.94809582618,0.89603483427,-0.00535033421727
As2Ba1Cd2,2.3424530271,1.06982540676,-0.518813780389
As2Ba1Co1O7,-2.88580865614,0.622603266587,0.442204382083
As2Ba1Co2,2.32997318818,0.178960264574,0.285781829748
As2Ba1Co2O8,-2.66350234981,0.513418389211,0.475438649238
As2Ba1Cr2,2.56628863903,-0.489394629527,-0.391884247083
As2Ba1Cu1O7,-2.81196836192,0.583652813538,0.295465262025
As2Ba1Cu2,2.65487048282,0.00757827117858,-0.359870298506
As2Ba1Cu2O8,-2.53854185188,0.447502237895,0.227110907597
As2Ba1Cu4,2.9577739071,-0.373188827288,-0.511807426066
As2Ba1Fe2,2.35609402609,-0.00517692994051,0.0921539546518
As2Ba1Ga2,1.80035130475,0.890199251769,-0.323626301674
As2Ba1Ge2,1.88980486345,0.930291727531,0.79964120055
As2Ba1Mg2,1.74251297306,-0.910720890759,-0.923787006976
As2Ba1Mn2,2.23760886696,0.0123155100933,-0.229745999656
As2Ba1Ni2,2.24442792832,0.396939380772,0.408593297117
As2Ba1Ni2O8,-2.69640437284,0.597256510828,0.522673829004
As2Ba1O1Ti2,1.10668209718,-0.261083553426,0.0205561408384
As2Ba1O7Zn1,-2.97449627145,0.715488883531,0.285916520967
As2Ba1O8Zn2,-2.81358908342,0.670609433257,0.210951499659
As2Ba1Pd1,2.49747778687,0.428278756026,-0.507464493917
As2Ba1Pd2,2.8271069633,0.147625109087,-0.808732989738
As2Ba1Pt1,2.82775884403,1.17669374425,0.211077439767
As2Ba1Rh2,3.00720533961,0.262663350831,0.122379717486
As2Ba1Ru2,3.13929895961,0.0716416849039,0.276709651074
As2Ba1Zn2,1.93974768083,0.587656979141,-0.401884759149
As2Ba2Cd1,2.81815963753,0.770605481949,-0.852537282423
As2Ba2Ge1,2.5918355557,0.700838642332,-0.193309791953
As2Ba2Mn1O2Zn2,0.679365510093,0.322704721694,-0.482826825611
As2Ba2Mn1O8,-2.49590066931,0.537606954217,0.0932135639256
As2Ba2Mn2O1,1.5308773792,0.0883491298545,-0.501768899529
As2Ba2Mn3O2,0.844843946842,0.00307057221939,-0.387194181455
As2Ba2O2Zn3,0.596626291718,0.482521796418,-0.530643147699
As2Ba2S5,-0.712522755101,1.2361657045,-0.0328122016092
As2Ba2Se5,0.487338042363,2.27376013134,0.0415511427991
As2Ba2Zn1,2.61680696439,0.529521268139,-0.794072771802
As2Ba3O8,-2.29277424989,0.625889655575,-0.0907315869952
As2Ba4O1,2.28534693706,0.416256306323,-1.18499374581
As2Ba6Na2O17Ru2,-1.76936928649,0.180753352303,-0.459774339337
As2Be1K4,2.32752236847,-1.47191998457,-2.87835760986
As2Be2Ca1,1.13764415136,-1.96824089374,-0.349518730968
As2Be2Mg1,0.710423254415,-2.14365130054,-0.295691562082
As2Br1La3O7,-2.09216809946,1.00667892058,0.205909794914
As2Br2Cd2Hg2,0.848492916952,2.71862529403,-0.0385050376116
As2Br3Cd4,0.335897772177,2.55574994244,0.171642000106
As2Br4F26O5Te5,-5.61114381886,2.61492035668,1.57896218812
As2Ca1Cd2,1.99399728659,0.55418258961,-0.441404060532
As2Ca1Co2,1.98151744768,-0.336682552575,0.363191549605
As2Ca1Cu1O7,-2.97035733487,0.349269714839,0.330651498322
As2Ca1Cu4,2.70887694959,-0.741505125258,-0.456514769023
As2Ca1Fe1O7Sb1,-2.65723025981,0.555536786428,0.481433499695
As2Ca1Fe2,2.00763828558,-0.520819747089,0.169563674508
As2Ca1Ga2,1.45189556424,0.37455643462,-0.246216581817
As2Ca1K2O7,-2.40875588799,0.0896900651231,-0.540547901973
As2Ca1Mg2,1.39405723255,-1.42636370791,-0.846377287119
As2Ca1Mn2,1.88915312645,-0.503327307056,-0.1523362798
As2Ca1Ni2,1.89597218781,-0.118703436378,0.486003016975
As2Ca1O6,-3.40050428781,0.4938465244,0.437204729456
As2Ca1Pd2,2.47865122279,-0.368017708062,-0.731323269881
As2Ca1Ru2,2.7908432191,-0.444001132245,0.354119370929
As2Ca1Zn2,1.59129194032,0.0720141619929,-0.324475039292
As2Ca2Cd1,2.12124815651,-0.26068015235,-0.697717842709
As2Ca2O7,-2.98351999757,0.220297362943,0.178021715085
As2Ca4O1,1.28975910704,-1.05700888554,-0.963823117652
As2Cd1,1.15525147545,1.39473470894,0.550855502505
As2Cd1Eu2,2.46848023692,0.871317722806,-0.573572346432
As2Cd1Ge1,1.31703071143,1.29147029856,0.914923752555
As2Cd1Ge1K1,1.8020138187,0.624096973333,-0.369600152977
As2Cd1Ge1Rb1,1.99754247977,0.86569629406,-0.413523169379
As2Cd1K4,2.63336277391,-0.571054454797,-2.91117379899
As2Cd1O6,-3.47119921555,0.946548047714,0.579601275111
As2Cd1Si1,1.10844602266,0.60294298471,1.29250488227
As2Cd1Sn1,1.43308510134,1.75344667726,0.423936631448
As2Cd1Sr2,2.32870035623,0.356833829998,-0.814048311263
As2Cd2Eu1,2.16761332679,1.12018152719,-0.379331312394
As2Cd2O7,-3.09920260659,0.961081673815,0.411034244342
As2Cd2Sr1,2.09772338645,0.862939580784,-0.499569294809
As2Cd3,1.86674641666,1.36904533157,-0.185090278355
As2Cd3O8,-2.84166649271,0.971143414974,0.294333992279
As2Ce1Co2,2.29637077945,0.233330922184,0.488075945758
As2Ce1Ir2,3.67855722516,1.19899511076,1.43629949441
As2Ce1K3O8,-2.0980915936,0.18595761034,-0.769705318329
As2Ce1Li2,1.53347086914,-1.10043014313,-1.60682012661
As2Ce1Ni2,2.21082551959,0.451310038382,0.610887413128
As2Ce1Pd2,2.79350455457,0.201995766697,-0.606438873727
As2Ce1Pd3,3.01885774031,0.00583155913142,-0.841000223613
As2Ce1Rh2,2.97360293088,0.317034008442,0.324673833495
As2Cl1I1Pb4S6,-0.968068596286,2.61854520675,0.48942480213
As2Cl1Nd5O10,-2.03941343614,0.739212051448,0.0794408470368
As2Cl1O10Pr5,-2.0241334337,0.72985783549,0.0843877099099
As2Cl2In2O5,-3.0274122028,1.51001505511,0.62933052262
As2Cl3F5O1,-5.33601633783,2.33970549804,1.59701249239
As2Cl3Hg3Tl1,-0.143962364649,2.8331515825,0.195932646274
As2Cl4F6,-5.47205611676,2.56533001781,1.69849579241
As2Cl4O17Pb14,-1.91799798109,2.14385271245,0.335034817084
As2Cl5Cu1O9Pb8,-1.85937842206,2.15140585349,0.444661255808
As2Cl6Hf1Hg4,-0.820608291145,2.68284200007,0.499334848834
As2Cl6Hg4Zr1,-0.964296605643,2.61777699264,0.453223234377
As2Cl6O2,-4.20002949558,2.43615803804,1.31665541975
As2Cl7Cu1O6Pb6,-2.10159395462,2.32030053408,0.604520789599
As2Cl9Cs3,-1.98729056654,2.44931351812,-0.109121445944
As2Co1,1.14485160969,0.652347090455,1.22135184429
As2Co1F12O8S4,-5.48166848418,1.61959097863,1.23666359836
As2Co1F18N6S6,-5.55151018827,1.56780244074,1.19093497215
As2Co1O6,-3.47466583747,0.69908550822,0.803100055703
As2Co1O7Sr1,-2.99704940189,0.528564254784,0.450951875531
As2Co1Zr6,3.57695176921,-0.839970003314,0.586323734596
As2Co2Eu1,2.15513348788,0.229316385004,0.425264297744
As2Co2K1,2.0158580616,-0.197001329237,-0.22423203331
As2Co2La1,2.32364001366,0.22767435186,0.498930674995
As2Co2Nd1,2.29801174808,0.207427824804,0.519004979277
As2Co2O5,-2.50941986055,0.519184807433,0.817378490623
As2Co2O7,-3.10487526064,0.556142972827,0.776759521682
As2Co2O8Sr1,-2.75762913468,0.433846917678,0.482840374463
As2Co2Pr1,2.30901334983,0.200692789316,0.522566720547
As2Co2Sr1,2.08524354753,-0.0279255614006,0.305026315328
As2Co3O8,-2.84886639977,0.457182756022,0.758523767357
As2Co5,2.1493873934,-0.232795012642,0.936282262241
As2Co7O12,-2.31246688173,0.249837539843,0.720315520189
As2Co8O16Te1,-2.52987484954,0.420148201039,0.718886545275
As2Cr1,1.34178115205,0.0953846787085,0.6566301136
As2Cr2Eu1,2.39144893872,-0.439038509097,-0.252401779087
As2Cr2Fe2O6Sr4,-0.305996793144,-0.341294724542,-0.400421572428
As2Cr2O9Rb2,-2.34011470858,0.169727214443,-0.340709935815
As2Cr2Sr1,2.32155899838,-0.696280455502,-0.372639761504
As2Cs1Fe2,2.49965522448,0.117422692768,-0.51797550848
As2Cs1Rh2,3.15076653799,0.385262973542,-0.487749745643
As2Cs1Ru2,3.28286015799,0.194241307616,-0.333419812057
As2Cs1Se3,0.416605547287,2.34431627317,-0.176352611622
As2Cs2F10O1,-4.60772221949,1.9152809869,0.703009816367
As2Cs2F8O2,-4.26539227418,1.7571442841,0.523849455083
As2Cs2Pd1,3.34760900239,0.554704578534,-2.21775581336
As2Cs2Si1,2.71209020145,0.395216036673,-1.11150381444
As2Cs2Sn1,2.9718014644,1.31561899071,-1.8063584151
As2Cs3Ga1,3.36691395636,0.846228000729,-2.64738102035
As2Cs4Mn1S8,-0.0524178087903,1.13965524794,-1.15816472706
As2Cs4Te6,2.29946938647,2.43906722973,-1.16515959861
As2Cs6P6Se18,-0.109142123338,2.28047376604,-0.747103353555
As2Cu1,1.41559935522,0.509528762642,0.683308404082
As2Cu1F12O8S4,-5.45158540132,1.60372227554,1.17688099389
As2Cu1F28N8O4S8,-5.84522131238,1.57834555437,1.16768649659
As2Cu1Ho1,2.40168153062,0.32176256832,0.291192224205
As2Cu1K5,2.86956616305,-1.08729941877,-3.18606920791
As2Cu1Lu1,2.52889921792,0.294240770888,0.447895642343
As2Cu1Na4O8,-2.1666526911,-0.388805012477,-0.883409771929
As2Cu1O4,-2.69870002551,0.631200736607,0.63226026541
As2Cu1O7Pb1,-2.9866153667,0.928653109677,0.521044713481
As2Cu1O7Sr1,-2.92320910767,0.489613801736,0.304212755472
As2Cu1O8Zn2,-2.9364728844,0.581415724434,0.369872746968
As2Cu1Yb1,2.15620629687,0.443884585336,-0.0581278157523
As2Cu2O7,-2.95719467218,0.478242066733,0.483281281562
As2Cu2Sr1,2.41014084217,-0.199307554796,-0.340625812927
As2Cu3K3,2.86283771806,-0.907226980226,-2.03205782537
As2Cu3O8,-2.66142565286,0.358308529061,0.386032154895
As2Cu4Eu1,2.83288840688,-0.337220169832,-0.412177091779
As2Cu4K1,2.73340595953,-0.641732822869,-0.876103042529
As2Cu4O9,-2.44452837204,0.270357268085,0.314716128671
As2Cu4Sr1,2.78296702092,-0.520964417269,-0.498061364936
As2Cu5,2.72956113382,-0.53883428655,-0.216667966791
As2Dy1Ni4,2.35529137083,0.197900772315,0.824513784835
As2Dy2Ni1,2.7239662046,0.475768909447,0.279011264329
As2Er1Ni4,2.39135518488,0.158795225588,0.919457406385
As2Er2Ni1,2.8249448839,0.366273378603,0.544853404658
As2Eu1Fe2,2.18125432579,0.045179190487,0.231636422646
As2Eu1In2,2.07599648617,1.27928498056,-0.26395853011
As2Eu1Mn2,2.06276916666,0.06267163052,-0.0902635316622
As2Eu1Ni2,2.06958822802,0.447295501202,0.548075765113
As2Eu1Pd2,2.65226726299,0.197981229517,-0.669250521741
As2Eu1Pt2,3.18071695444,1.39544521067,0.480416572153
As2Eu1Rh2,2.8323656393,0.313019471262,0.261862185483
As2Eu1Ru2,2.96445925931,0.121997805334,0.416192119069
As2Eu1Zn2,1.76490798052,0.638013099569,-0.262402291154
As2Eu2,2.35210308903,0.75651933713,-0.394713195628
As2Eu3S8,-1.09726822406,1.29823306971,0.0343324103378
As2Eu4O1,1.78580493619,0.560130936121,-0.786472408685
As2F12Fe1O8S4,-5.47924988807,1.6025412384,1.21873509141
As2F12Hg4,-4.30412457667,2.48134159045,1.07874645351
As2F12I4,-5.34457792372,3.02483956688,1.67520138934
As2F12I4S2,-5.16151041446,2.89441511411,1.56124860336
As2F12Mg1O4S2,-5.68134265258,1.65113069465,1.28184530282
As2F12Mn1,-5.86033013755,2.04335510955,1.68044067819
As2F12Mn1O4S2,-5.62240266521,1.76101598047,1.36446923226
As2F12N2S1Se2,-5.60149474145,2.07673980127,1.42313563067
As2F12N2Se3,-5.48782371854,2.17503822065,1.43018057909
As2F12N4Se6,-4.91501961721,2.11199426104,1.19057968062
As2F12Ni1O12S6,-5.40558836754,1.53348221698,1.12558150088
As2F12O2S1Se8Te2,-4.2782453491,2.66828541773,1.30454296566
As2F12O2S1Te4,-4.938057718,2.45457513539,1.53506227764
As2F12O8S4Zn1,-5.51780047559,1.65743326702,1.17299076606
As2F12Se8Te2,-4.1845780197,2.86992507522,1.39579325919
As2F18N6Ni1S6,-5.55799088978,1.58431601015,1.20023887119
As2F18Sb2Sn1,-5.68679674526,2.39394984711,1.70659854604
As2F24I3S14Sb3,-5.01080259116,2.40420754826,1.35693879232
As2F24Mn1N4S4,-6.06651084071,1.82392246167,1.3989850249
As2F2O1Sr2Ti2,-0.631049773063,0.116744622681,0.129264919612
As2F7K1,-4.88729692063,1.77890699343,1.07521813065
As2F8K2O2,-4.59230393487,1.40102912946,0.595360597997
As2F8O2Rb2,-4.45264060552,1.57360007283,0.563987014853
As2Fe1,1.16661897461,0.498899428361,1.05999528171
As2Fe1K1O7,-3.02265170507,0.40986227065,0.166373563629
As2Fe1Li1O7,-3.27232504983,0.211166095592,0.256640442712
As2Fe2K1,2.04197889951,-0.381138523751,-0.417859908406
As2Fe2K2O9,-2.54053202029,0.170066900499,-0.150081857618
As2Fe2O5Sc2Sr3,-0.275388813301,-0.34656641558,-0.279837275161
As2Fe2O6Sc2Sr4,-0.346937141871,-0.333093286843,-0.386571982674
As2Fe2O9Rb2,-2.41017957956,0.331133114325,-0.179363868555
As2Fe2Sr1,2.11136438544,-0.212062755915,0.111398440231
As2Fe4O11,-3.01320819235,0.316042143791,0.613466634387
As2Ga1K1O7,-3.14895686901,0.613356857401,0.0718780508242
As2Ga1K2Li1,1.76498867856,-0.764451361515,-2.23160274185
As2Ga1K2Na1,1.996099105,-0.606788119796,-2.31467876941
As2Ga1Li1Na2,1.31174060066,-1.17767751995,-2.06677624036
As2Ga1Li1O7,-3.39863021378,0.414660682338,0.162144929907
As2Ga2Sr1,1.5556216641,0.683313425794,-0.304381816094
As2Gd1Ni2,2.25188362528,0.425171162691,0.745710418555
As2Gd1Ni4,2.37675289849,0.203206887793,0.826795654432
As2Gd1Pd3,3.05307282837,-0.0159508372751,-0.728647719088
As2Gd2K2Se9,0.435191884268,2.06722842508,-0.306143323503
As2Ge1,0.778044672412,1.27845664293,1.64956798662
As2Ge1K2,1.96360530255,-0.0510845452892,-1.21333751807
As2Ge1Mg1,0.942068177654,0.0536288626176,0.661815485941
As2Ge1Te4,0.613500626216,2.89319331129,1.38406289535
As2Ge1Zn1,1.06533987001,0.990115031302,0.988004390831
As2Ge2Te5,0.731885043819,2.81536400655,1.431166983
As2Ge3Te6,0.807220582314,2.76583626719,1.46114231151
As2Ge4Te7,0.859375955101,2.73154783225,1.48189446202
As2Ge5Te8,0.897623228495,2.70640297994,1.49711270572
As2Hf1,2.39757184509,0.704469802536,1.26994537495
As2Hf1Ni4,2.56405998021,0.100942029962,1.13255301448
As2Hf3,4.102923082,0.126568500031,1.10927149205
As2Hg1K4,2.6821710881,-0.307536117423,-2.95401228859
As2Hg1O6,-3.43323719341,1.15150675455,0.546282449867
As2Hg2O6,-2.76234877128,1.35387004182,0.332766367195
As2Hg3O8,-2.76282229284,1.39682688304,0.225133355227
As2Hg4I3,1.04613051191,3.60187699254,-0.0142701718993
As2Hg4O7,-2.06589370909,1.58549495304,0.0572216215184
As2Hg6O8,-1.63060929522,1.73026052255,-0.114993844542
As2Ho1Ni4,2.37819971156,0.17219166413,0.882064874037
As2Ho2Ni1,2.78810955862,0.403783406529,0.440154314095
As2In1K2Li1,1.95269071261,-0.623314024698,-2.26485886537
As2In1K2Na1,2.18380113905,-0.465650782975,-2.34793489293
As2In1Na1O7,-3.17018705351,0.577642816085,0.0986910293206
As2In1Na3,1.73055306116,-0.878876941411,-2.18310839144
As2In1O7Rb1,-2.95769727722,0.800158732361,0.0337733396363
As2In1O7Tl1,-3.03882016819,1.15699174886,0.469886897664
As2Ir1,2.29667364778,1.4570672476,2.01153813483
As2Ir2La1,3.70582645937,1.19333854043,1.44715422365
As2K2Mo1O9,-2.75613085203,0.206530933842,-0.118479117927
As2K2Ni1,2.14091683498,-0.317760718667,-1.40886146978
As2K2O10V2,-2.68748181913,0.109094138059,-0.0622907697632
As2K2Pd1,2.43225635247,-0.442417854511,-2.01752461321
As2K2Pt1,2.6964811982,0.156314136065,-1.44269106627
As2K2S6Sn1,-0.981924810341,1.08327754761,-0.437872263388
As2K2Se9Sm2,0.364850801924,2.08541518274,-0.399421836476
As2K2Si1,1.79673755153,-0.601906396373,-0.911272614293
As2K3Nb1O9,-2.33558431952,0.0706482103729,-0.542647247881
As2K3O14V3,-2.68095554077,0.0213162802535,-0.161806380198
As2K4Mn1S8,-0.662652908733,0.474906959253,-1.02467726029
As2K4Te4,1.74599209552,1.10890908012,-1.43494713357
As2K4Zn1,2.48953943595,-0.743257464666,-2.86941343426
As2K6P6Se18,-0.53821367799,1.81307262555,-0.653244978487
As2La1,1.93754053529,0.977224979738,0.349897741189
As2La1Li3,1.46653999536,-1.62691463676,-2.08243118201
As2La1Ni2,2.23809475379,0.445653468058,0.621742142364
As2La1Pd2,2.82077378877,0.196339196373,-0.595584144491
As2La1Rh2,3.00087216508,0.311377438118,0.335528562732
As2La1Ru2,3.13296578508,0.12035577219,0.489858496319
As2Li1O7Sc1,-3.25432834596,0.10708130037,0.156704189402
As2Li2Nd1,1.53511183777,-1.12633324051,-1.57589109309
As2Li2Pr1,1.54611343952,-1.133068276,-1.57232935182
As2Li3Nd1,1.44518310738,-1.64378674264,-2.06570259511
As2Lu1Ni4,2.45089553287,0.156464922742,0.971609684402
As2Mg1Si1,0.733483488879,-0.634898451236,1.03939661566
As2Mg2O7,-3.37190263117,0.0608333567557,0.226955504987
As2Mg2Sr1,1.49778333241,-1.11760671673,-0.904542521395
As2Mg2Zn1,1.06545368949,-0.852585179757,-0.531598994319
As2Mg3,0.966836335605,-1.60177411471,-0.792550118234
As2Mn1O6,-3.50032259337,0.652795298642,0.659897880879
As2Mn1S5Tl2,-0.6711394624,1.63189314963,0.319348016963
As2Mn2O7,-3.14685904301,0.480395357142,0.542428690124
As2Mn2Sr1,1.99287922631,-0.194570315882,-0.210501514077
As2Mn2Yb1,2.0507099152,0.0948235924905,-0.0947080027411
As2Mn2Zn1,1.56054958339,0.0704512210947,0.162442012998
As2Mn3,1.70948017646,-0.21721951343,0.248511392743
As2Mn3O2Sr2,0.572922123893,-0.226802567752,-0.365811419695
As2Mo1,1.9966988752,0.160044425032,1.33697214884
As2Mo1O7,-3.45008753018,0.553731629474,0.816873557641
As2Mo1O9Rb2,-2.61646752268,0.379101877214,-0.149852701079
As2Mo2O12Sr1,-3.16916431777,0.328000753275,0.549796667122
As2Na1Sn2,1.48942791399,1.04555664457,-0.39705615538
As2Na2,1.32404240649,-0.929114186127,-1.77121427102
As2Na2Sn1,1.512551121,-0.177374832459,-1.40833541316
As2Na3Nb1O9,-2.60753316626,-0.177287484689,-0.443751346985
As2Na3O14Sb3,-3.12278391325,0.530996464621,-0.0342050204298
As2Na4O7,-2.34079986718,-0.402263333119,-0.996420807335
As2Na4O9Ti1,-2.41932078516,-0.392065260418,-0.74955095809
As2Na4Te4,1.20209440204,0.613037689995,-1.23715533178
As2Nb1,1.93340583779,0.231273228237,1.01253705151
As2Nb1Ni1,2.12228589874,0.085528971306,1.01677997465
As2Nd1,1.89482675934,0.94348076798,0.383354914991
As2Nd1Ni2,2.21246648822,0.425406941002,0.641816446646
As2Nd1Pd2,2.7951455232,0.176092669317,-0.575509840209
As2Nd1Rh2,2.97524389951,0.291130911061,0.355602867017
As2Ni1,1.07356389314,0.833996353947,1.32369473376
As2Ni1O6,-3.49842840966,0.759635262709,0.837214352194
As2Ni1Tm2,2.71472743037,0.44108430794,0.396234339998
As2Ni1Zr2,2.56133907547,-0.134053607706,0.901740712153
As2Ni2O7,-3.14375946968,0.655224389282,0.832582915943
As2Ni2Pr1,2.22346808997,0.418671905514,0.645378187916
As2Ni2Sm1,2.14637200175,0.452451299187,0.605792649096
As2Ni2Sr1,1.99969828767,0.190053554797,0.427837782697
As2Ni3O8,-2.89821943429,0.582939938439,0.829376536981
As2Ni4Sc1,2.06478928465,-0.150721380016,0.885531719335
As2Ni4Tm1,2.35199180861,0.185513414636,0.866379169002
As2Ni4Y1,2.24201067143,0.00847936445619,0.849288240877
As2Ni4Yb1,2.2379281494,0.241975673846,0.68245342264
As2Ni4Zr1,2.29721025329,-0.0198929838178,1.04691715906
As2Ni5,1.99662800079,0.156453409145,1.15558845397
As2O10Sr1V2,-3.09298186162,0.309085425054,0.477155680143
As2O11Te3,-3.85166417494,1.4445895117,0.814380841465
As2O11W2,-3.16502240455,0.634671567896,1.09637945514
As2O12S3,-4.67194338987,0.981466740258,0.686840351939
As2O13Pb8,-2.06671804655,1.79482275543,0.297966069761
As2O13V4,-3.21094720388,0.197985360383,0.680951783201
As2O14Pb3Te1Zn3,-2.78279107793,1.2319921739,0.348840483594
As2O1Sr4,1.58611939234,-0.174846053613,-1.1300095013
As2O1Yb4,1.75134993202,0.651993684608,-0.799170897478
As2O3,-3.36430161706,1.00421140253,0.944699588282
As2O4Pb1,-2.74493254546,1.33898951838,0.691602801283
As2O4Zn1,-2.95410102623,0.838371703751,0.617255100911
As2O5,-4.05576531534,0.923709492407,0.844492323467
As2O5Pb2,-2.4008386168,1.52497736052,0.550993475169
As2O6Pb1,-3.42037521558,1.20198178477,0.66990754798
As2O6Pd1,-3.33657312216,0.690381298361,0.499068161406
As2O6S1,-4.18763162217,0.989890689239,0.782343772808
As2O6Sr1,-3.34287867679,0.66537818616,0.404890710415
As2O6Zn3,-2.58119139818,0.687608341213,0.319578294187
As2O7Sr2,-2.88922354316,0.500985536732,0.125144229385
As2O7Ti1,-3.66690914966,0.542234561079,0.687210143023
As2O8Pb3,-2.73610895432,1.50165963806,0.481893174372
As2O8Sr1Zn2,-2.90771586827,0.59103796173,0.218353224878
As2O8Sr3,-2.57515460449,0.387175240991,-0.0685264113271
As2O8Zn3,-3.07399650016,0.692969322119,0.361793042993
As2O9S2,-4.50429700874,0.984382722602,0.719899228398
As2O9V3,-2.94890984536,0.213776683072,0.713819725278
As2O9Zn4,-2.92127690669,0.657076406739,0.286706488248
As2Os1,2.4719825992,1.21594061972,2.17948148349
As2P2S7,-2.66752067629,1.44066101193,0.52191316616
As2Pb1S4,-1.44749155686,1.90935541675,0.658288154522
As2Pb2S5,-1.13943765565,2.07949976171,0.518604235254
As2Pd1,1.55912975561,0.626234460873,0.309256161367
As2Pd2Pr1,2.80614712495,0.169357633829,-0.571948098939
As2Pd2Sm1,2.72905103673,0.203137027503,-0.611533637758
As2Pd2Sr1,2.58237732265,-0.0592607168877,-0.789488504158
As2Pr1Rh2,2.98624550126,0.284395875573,0.359164608286
As2Pt1,1.99950449849,1.62412111183,1.26731207296
As2Pt1Rb2,3.08753852034,0.63951277752,-1.53053709907
As2Pt2Sr1,3.1108270141,1.13820326426,0.360178589737
As2Rb2Si1,2.18779487367,-0.118707754918,-0.999118647097
As2Rb2Sn1,2.44750613662,0.801695199121,-1.69397324776
As2Rh1,1.70921173588,0.722099662337,1.08518341741
As2Rh2Sr1,2.76247569896,0.0557775248578,0.141624203063
As2Ru1,1.81928975253,0.562914940738,1.2137916954
As2Ru2Sr1,2.89456931896,-0.135244141069,0.295954136651
As2S3,-2.00198857903,1.60309559581,0.909719209182
As2S4Tl2,-0.733671277644,1.98894999165,0.403018267235
As2S6Sn1Tl2,-0.966417264004,2.01657932672,0.394424837751
As2Sc3,2.00598616067,-0.930417821902,0.0717820524284
As2Se3,-0.706138917769,2.7236975768,0.990031621149
As2Si1,0.499931754035,0.360420224452,2.15300949292
As2Si1Zn1,0.856755181235,0.301587717449,1.36558552055
As2Sn1Zn1,1.18139425992,1.45209141,0.497017269723
As2Sn2Sr1,1.83076224666,1.46256810747,0.0333062923614
As2Sr1Zn2,1.69501804017,0.380771153167,-0.382640273568
As2Sr2,2.17737823816,0.113414471122,-0.695308151669
As2Ta1,2.647454838,0.670558219867,1.87834355545
As2Te3,0.400408674522,3.03328605981,1.29927553757
As2Ti1,1.27396014357,0.121720863702,0.904760766758
As2V1,1.31540160111,0.24424075909,1.17009551283
As2V3,2.15501664287,-0.701843778176,0.929541740233
As2W1,2.7808499502,0.73779408195,2.1422585848
As2Yb1Zn2,1.75284872906,0.67016506154,-0.266846762232
As2Zn1,0.81966368689,0.992927685921,0.648296353538
As2Zn3,1.26268839726,0.645792690141,-0.00969674649356
As2Zr1,1.77492248229,0.422521437042,1.07012837896
As2Zr3,2.98215422896,-0.380938557854,0.749600899282
As3Ba3In1,2.77716582366,0.787434873604,-0.780156169662
As3Ba3Nb1O1,2.02740517415,0.293294469599,-0.471313291868
As3Ba3O1Ta1,2.29517354923,0.458026341463,-0.146635852889
As3Ba5Cl1O12,-2.24825581766,0.736470656438,-0.0829479733471
As3Be3Cl1Li4O12,-2.93106546876,-0.676392772326,-0.35611749735
As3Bi2K3O12,-2.59328823886,0.781966247648,-0.236477376328
As3Bi7Mo2O24,-2.99384525442,1.32671240181,0.602600789009
As3Br1Cd2,0.59734651106,1.9805942793,0.514570788984
As3Br1Hg2,0.711232577512,2.59547039985,0.414614313247
As3Br1O6Pb2,-2.51730302505,1.73467510377,0.689731884498
As3Ca1,1.09197289373,0.384184211923,0.460446331302
As3Ca1Fe5,2.13426091165,-0.583137337057,0.33709302944
As3Ca2,1.58762695061,-0.241413119321,-0.145758507066
As3Ca2Cl1O12Pb3,-2.68863241589,1.03306978029,0.308395793156
As3Ca3Ga1,1.86958749339,-0.438488880409,-0.585772949812
As3Ca5,2.33110803592,-1.17980911618,-1.05506576461
As3Ca5F1O12,-2.77888635489,0.0788956403397,0.0280846827492
As3Cd2Eu2,2.22032468742,1.01627804431,-0.383726136169
As3Cd2I1,0.876538836635,2.09374039067,0.488252353469
As3Cd4Cs1,2.32049144791,1.25624926362,-0.843993298538
As3Cd4K1,2.03444374481,0.944648503298,-0.781421048494
As3Cd4Na1,1.8644757156,0.789688693885,-0.719611110433
As3Cd4Rb1,2.15664915798,1.09564807875,-0.808872933745
As3Ce1Si1,1.38203757961,0.522874406699,1.19673206551
As3Ce4,3.05366967781,0.672228429991,-0.481751476184
As3Cl1O12Pb5,-2.7056646397,1.64004286061,0.507855351892
As3Cl1O12Sr5,-2.53960062798,0.490178006464,-0.0600378714592
As3Cl1O6Pb2,-2.69055204597,1.60149392277,0.710822908559
As3Cl1O9Pb5,-2.19253798613,1.79297421786,0.493502216963
As3Co1,0.925109407,0.845971925508,1.28371081536
As3Co1F18K1,-5.61828305469,1.95666683747,1.47279168723
As3Co1Hf5,4.11168747942,-0.0352810629565,1.05290517777
As3Co2Na1O10,-3.05367604608,0.401669280008,0.423990542542
As3Cr2Na3O12,-2.72408422885,-0.102015308101,-0.272148296094
As3Cr4,2.11027997572,-0.855659429842,0.0750889600364
As3Cr5,2.28319221104,-1.06964435426,-0.0557577995198
As3Cs1O12Zr2,-2.94439526474,0.568063808433,0.33718881704
As3Cs1Zn4,1.81710976507,0.653538729105,-0.697832021988
As3Cs5Ge1,3.63907290878,0.833251681603,-2.624653021
As3Cs5Si1,3.54636860266,0.527239542118,-2.45683918556
As3Cs6In1,3.96845623591,0.869326772098,-3.2637856461
As3Cu13S16V1,-0.112573806438,0.377657693371,0.0594059865536
As3Cu1O1Sm2,1.19610582845,0.55740427182,0.024489671768
As3Cu3Sm2,2.69840378697,0.0661452548402,-0.275730868615
As3Cu4K1O12,-2.50066851085,0.280208663789,0.123287818394
As3Cu4Na1O12,-2.56865572253,0.218224740024,0.148011793619
As3Cu4Yb2,2.71264805684,-0.0584425438654,-0.413234527151
As3Eu1,1.30899294398,1.0916828839,0.538037266477
As3Eu1Ni5,2.07562246485,0.289801393141,0.811076976284
As3Eu3O1Ta1,1.96734911115,0.552444067266,0.114893774603
As3Eu4,2.65013455904,0.66075832377,-0.661213327658
As3Eu5,2.87365816155,0.588937563753,-0.861088426677
As3F18K1Mg1,-5.6821374259,1.83822323361,1.34131681367
As3F18K1Mn1,-5.62832265482,1.93855327719,1.4167560536
As3F18K1Ni1,-5.6275814525,1.98036021966,1.48614075978
As3F18K1Zn1,-5.66069887071,2.00109039338,1.39804531887
As3F1O12Sr5,-2.65540290268,0.446463486976,-0.0411596437721
As3Fe2Li3O12,-2.98463226588,-0.122857800752,-0.0763703208509
As3Fe2Na3O12,-2.77663288209,0.0190391167965,-0.151138745662
As3Ga2K2,1.63414427679,0.278948341842,-1.17215841002
As3Ga2Na2,1.2456459243,-0.0752455082479,-1.03087855159
As3Gd1Mn3Na3O15,-2.61826713308,0.0519166304903,-0.187549302038
As3Ge1K1Na4,1.76341901336,-1.10260879776,-2.12678546325
As3Hf1Na5,2.15217871161,-1.43167979737,-2.19838416664
As3Hf2Ni3,2.77329081452,0.218107623269,1.15467634419
As3Hg1S6Tl1,-1.19844398263,1.89700114654,0.464314933418
As3I1O6Pb2,-2.37770686226,1.79124815947,0.676572666742
As3In2K2,1.95591919231,0.520898062098,-1.22916890747
As3In2K3,2.17917257424,0.200111263382,-1.76398476593
As3In2Na3O12,-2.80294734199,0.327565564314,-0.275037483849
As3Ir1,1.78897593557,1.44951204337,1.87635053327
As3K1Ni3O11,-2.83457207124,0.507057414103,0.473717189909
As3K1O12Zr2,-3.07152757723,0.429574581623,0.364998705949
As3K5O10,-2.12982588749,0.0710058236139,-0.954798559757
As3K5Pb3,2.69832673819,0.449254759158,-2.23226119741
As3K6Nb1O1,2.06666847616,-0.857205193923,-2.54034560055
As3K7P8Se24,-0.633740529585,1.90187564669,-0.520805414227
As3La1Mn3Na3O15,-2.62102490738,0.0560130915636,-0.212342957276
As3La1Ni5,2.1692372014,0.288889152511,0.852002741422
As3La1Si1,1.40930681381,0.517217836377,1.20758679475
As3La4,3.13158177556,0.656066800506,-0.450737964083
As3Li1O12Zr2,-3.22410573236,0.308149141315,0.420161798722
As3Mg4Na1O12,-3.02483447741,-0.240924840946,-0.133946560616
As3Mn3Na3O15Sm1,-2.63936945778,0.05737265779,-0.215532855931
As3Mn4O12Rb1,-2.66041715351,0.342977113427,0.177369213718
As3Mo2,2.34286209044,-0.0933159760992,1.31020903289
As3Na1O12Ti2,-3.31405636979,0.260436697432,0.337347252128
As3Na1O12Zr2,-3.14706892355,0.360703555219,0.392469789533
As3Na1Zn4,1.36109403276,0.186978159364,-0.573449833883
As3Na5Sn1,1.66391604956,-1.03502801561,-2.29005979435
As3Nb5,3.39248849681,-0.814853323904,0.611567709054
As3Ni3Zr2,2.30630379242,0.0066463491531,1.0048135972
As3Ni5Sr1,2.03679472022,0.146889200699,0.744278097162
As3O12Rb1Zr2,-3.01721406027,0.496685504047,0.352797868062
As3O12Rb3Sc2,-2.40622837698,0.271697103901,-0.368182812265
As3O1Sr3Ta1,1.836305473,0.0701154177598,-0.110552442427
As3Pb1S6Tl1,-1.18792054624,1.93829889853,0.565462740961
As3Pr1Si1,1.39468014999,0.490236273833,1.2312228403
As3Pr4,3.08979130749,0.57897662181,-0.383206405364
As3Rb1Zn4,1.65326747514,0.492937544231,-0.662711657194
As3Rb5Si1,2.81818064739,-0.186543501769,-2.30074867537
As3Rh1,1.34837950164,0.898286354419,1.18158449519
As3Sc5,2.07849046741,-1.02863716576,0.0134901492556
As3Sn4,1.40914175898,2.22840994585,0.655011894124
As3Sr1,1.22163051855,0.770130450891,0.387739788456
As3Sr5,2.65525209797,-0.214943518764,-1.23683212173
As3Ti5,2.15602782013,-1.02026400738,0.409487175173
As3V4,2.0650578884,-0.600477577764,0.955315358724
As3V5,2.23373055304,-0.790539203545,0.90698982405
As3W2,3.28384338045,0.599983612213,2.27655275604
As3Yb4,2.61567955488,0.752621072268,-0.673911816457
As4Ba2Fe2O1Ti2,1.67459661033,-0.144762360922,0.0531006016574
As4Ba3Cd2,2.54100827718,0.874627019774,-0.618638484935
As4Ba3Li4,1.90756860539,-1.06487239691,-1.91352444418
As4Ba3Si2,2.10412846291,0.185084030105,0.449464175331
As4Ba3Sn2,2.39269653286,1.20775397904,-0.322596492071
As4Ba3Zn2,2.31728308481,0.606755671106,-0.553677917583
As4Ba4Ge1,2.67955412641,0.669634372879,-0.437802935802
As4Ba4Si1,2.58684982029,0.363622233396,-0.269989100374
As4Ba4Ti1,2.84485928346,0.284055779807,-0.68607200909
As4Bi1Cl7Hg6,-0.702467327757,2.92098834836,0.389990341386
As4Bi2Br12Hg9,-0.0337172810329,3.7930817274,0.254580946979
As4Bi3Cl13Hg8,-1.12616023073,3.13630591599,0.469020945878
As4Br1K1O6,-2.7485514092,1.07822679588,0.43269829627
As4Br1Na1O6,-2.86186342866,0.974920256269,0.473904921639
As4Br6Cd1Hg6,0.303654133316,3.27886810988,0.151726375794
As4Br6Cu2Hg6,0.536566465206,2.8755574142,0.115836491568
As4Br6Hg6Sn1,0.264395142181,3.36704877556,0.230090432724
As4Br7Cr1Hg6,0.14667568383,3.15470620168,0.230541759392
As4Br7Hg6Ti1,0.135372182415,3.15909556586,0.271896868262
As4Br7Hg6Yb1,0.195811754025,3.31106680605,0.157722239459
As4Ca1Na2O12,-3.15867980687,0.266467909352,0.0217805499782
As4Ca1Rh6,2.92809018475,-0.105525451586,0.472401984017
As4Ca3Ge2,1.70877750764,-0.0622963861557,0.24285270423
As4Ca3In2,1.90935046487,0.103613131961,-0.425526295018
As4Ca3Si2,1.52336889541,-0.674320665135,0.57848037509
As4Cd5Rb2,2.28842313132,0.971376600209,-1.09241050439
As4Ce1Na4O14,-2.83674325069,0.121205107809,-0.339140512534
As4Cl1Cu1S3,-1.21374222979,1.43198821641,0.900521443819
As4Cl1K1O6,-2.92180043012,0.945045614873,0.453789320332
As4Cl3Nd5O12,-2.41948316049,1.01216994097,0.357158437464
As4Cl6O11Pb8,-2.28955557869,2.16388568576,0.608409557118
As4Cl7Hg6Mo1,-0.552666793307,2.54397064806,0.442356877565
As4Cl7Hg6Ti1,-0.673123248582,2.53758338783,0.370321647227
As4Cs1F13,-5.08928444602,2.09391763929,1.367159215
As4Cs2O14Pd3,-2.40960373509,0.599634905912,-0.16779040417
As4Cs4Se8,0.896975970088,2.2626965502,-0.799607736957
As4Cs5In3,3.27750089494,1.09410368287,-2.26332907874
As4Cu12S12,0.124181672745,0.373330261151,0.0575510832247
As4Cu3,1.74408979986,0.247438000327,0.458314311361
As4Cu6Hg3S12,-0.359446675448,1.11717222537,0.0877878667659
As4Eu3,2.05407161902,0.852280350499,-0.128213063598
As4Eu3Li4,1.66915083224,-0.996204959966,-1.72332107874
As4Eu5,2.58390534349,0.682038548963,-0.6019910761
As4Ga1Na3Sr3,2.00504479933,-0.624222297571,-1.68561365875
As4Ga2Sr3,1.83195791924,0.430025001496,-0.478126854129
As4Ga3K3,1.70255735069,0.221553437394,-1.30430571696
As4Ge1Sr4,2.13571048052,0.209888092929,-0.395037412294
As4Ge1Te7,0.52471231302,2.95156528984,1.34873482961
As4Ge2Sr3,1.88165434073,0.452298599131,0.145910647101
As4Hf7,4.33547097794,0.0477637769584,1.08736141711
As4Hg1I2S4,-1.1390199244,2.45515150444,0.784300393136
As4Hg7I6Sn1,0.990071564765,3.58267937894,0.0763997389398
As4I1K1O6,-2.60895524641,1.13479985156,0.419539078519
As4K2Mo3O20,-3.1298646361,0.308448574173,0.34328501934
As4K4Sn1Sr2,2.40687722914,-0.185877452943,-1.9842963847
As4K6Nb1Tl1,2.71757486253,-0.46975849684,-2.33308747981
As4K7Nb1,2.71046723714,-0.89752181227,-2.71455698451
As4K7Ta1,2.88897948717,-0.787700564363,-2.49810535851
As4Mg1,0.499533977825,0.417306248871,0.716341779645
As4Mg1Rh6,2.73389886798,-0.185257454674,0.496868878965
As4Mn5,1.60254703738,-0.095436850899,0.339050380584
As4Mo5,3.15057625936,-0.684490245401,1.24776176233
As4Na2O11,-3.40004323222,0.416719882642,0.140613773453
As4Na4Se8,-0.0150554945395,1.32957541072,-0.550843360747
As4Na8Ti1,1.80086631853,-1.77398022852,-2.64999018519
As4Nb1Rb7,3.28075916525,-0.192857126819,-2.84266578235
As4Nb5Pd4,3.38371426534,-0.691687544247,-0.130146037776
As4Nb7,3.44933587313,-0.855611501262,0.595945526893
As4O6,-3.36430161706,1.00421140253,0.944699588282
As4O9Sm2,-2.75678702388,0.828894709573,0.485710597816
As4Pb9S15,-0.754370279142,2.29218019293,0.343999336191
As4Rb2Zn5,1.83080341963,0.423457932457,-0.959536616608
As4Rb5Ta1Tl2,3.3105461152,0.571157984669,-1.82667263332
As4Rh6Sr1,2.97523841197,0.0348186353221,0.445963241164
As4Rh6Yb1,3.00152508874,0.166361320944,0.498596655408
As4S16Sb6Tl2,-1.36784951246,2.01966459731,0.666201901452
As4S3,-1.35402532819,1.55273869149,1.07002450044
As4S4,-1.62401001604,1.57372073495,1.00323062908
As4S5,-1.8339981066,1.5900401021,0.951279840257
As4Se3,-0.428418427279,2.35316867791,1.12739050899
As4Se4,-0.544135298319,2.50755571911,1.07015763905
As4Si1Sr4,2.04300617439,-0.0961240465603,-0.227223576861
As4Si2Sr3,1.6962457285,-0.159725679846,0.481538317962
As4Sr3,1.90430746113,0.301047608204,-0.385865883064
As4Sr4Ti1,2.30101563757,-0.175690500144,-0.643306485582
As4Ta5,4.2351695307,0.166366079326,2.15004744002
As4Zr7,3.14677673987,-0.490501284433,0.705892606594
As5B1O20Pb6,-2.91722811916,1.2413608213,0.63125748482
As5Ba2In5,2.12326594922,1.28703374424,-0.29701660387
As5Bi2Na5O18,-2.84517917395,0.417952036176,-0.225570704294
As5Br3In4O12,-2.77118894969,1.56428249637,0.593273289446
As5Cs2Ga3O18,-3.07119174254,0.845627650193,0.129493044246
As5Cs3O9,-1.91996608453,0.881091404241,-0.313242072407
As5Cs5Se9,1.01545646302,2.19292978928,-0.876930646778
As5Cs7In3Nb1,3.55781257493,0.830689809907,-2.35060456686
As5Fe12,2.17332411214,-0.538217809504,0.600874311663
As5I1Te7,0.257974546296,3.19114102788,1.28797277042
As5K6Sn3,2.18434638702,0.2393287096,-1.82590685378
As5K8Nb1Pb1,2.66165604802,-0.517293116353,-2.47252295696
As5La4Mn2,2.52696317117,0.43814850113,-0.122388116998
As5Mn2Pr4,2.50036923695,0.389091114693,-0.0794134887243
As5S8Tl1,-1.63961220721,1.71333970892,0.764947511488
As6Ba1Co10,2.11386535213,-0.0335897455399,0.770111804026
As6Ba1Pt4,2.61589184225,1.49728837475,0.846231178046
As6Ba2Cu7O24,-2.57950311886,0.417771001614,0.280084656694
As6Be2Ca3O20Si2Ti1,-2.84029643386,-0.0354624687865,0.520044048625
As6Bi1K3Se12,-0.0303083546489,2.2680376687,0.0210324081217
As6Bi5K3O24,-2.95251176027,1.10072626075,0.189229884484
As6Ca5Sn2,1.84459112632,0.0385562713018,-0.303215607275
As6Cl2O18Pb10,-2.19253798613,1.79297421786,0.493502216963
As6Cl2O24Pb10,-2.7056646397,1.64004286061,0.507855351892
As6Cs9Nb2,3.90618538105,0.486354119164,-2.65045095371
As6Cu7O24Pb2,-2.67802194208,0.612386553281,0.407334603672
As6Cu7Se13,0.384481920211,1.76664529493,0.434116646187
As6Eu5Sn2,2.17846812672,1.12701576667,-0.183844937777
As6Ga3Na8Rb1,1.67270589039,-0.88403232939,-2.1895241894
As6Ge2Na10,1.6123363207,-1.24035085058,-2.07184329608
As6Ir7Mg4,3.04939052857,0.276483696544,1.2511900552
As6K10Sn2,2.41932951274,-0.346317751535,-2.56477063017
As6K6Na4Sn2,2.11716412748,-0.621801857164,-2.45488629585
As6Mg4Rh7,2.32370228443,-0.631417438196,0.106869521906
As6Na10Si2,1.5196320146,-1.54636299007,-1.90402946066
As6Na10Sn2,1.66391604956,-1.03502801561,-2.29005979435
As6Pt4Sr1,2.50465109649,1.40324936294,0.854978671486
As6Rh7Yb4,3.01638191467,0.278654686923,0.111341413874
As6Sn2Sr5,2.04406439527,0.632319715866,-0.415071827039
As7Br1Cu1P1S7,-1.45536713848,1.53668788626,0.819502078915
As7Ca2Ni12,1.96517994892,0.0133273586999,0.83373634802
As7Ca4Ir8,3.52674710889,0.586988752069,1.30302706508
As7Ce2Cu9Mn3,2.55243460766,-0.269775938843,-0.158127064634
As7Ce2Ni12,2.11511010692,0.284762346675,0.893205108094
As7Co12Mg2,1.88394894066,-0.381600143873,0.683923379806
As7Cu9La2Mn3,2.56541995728,-0.272469543767,-0.152958145948
As7Cu9Mn3Nd2,2.5532160213,-0.282110747124,-0.143398953437
As7Cu9Mn3Pr2,2.55845487929,-0.285317906871,-0.141702886164
As7Dy2Ni12,2.1203539007,0.268777852691,0.955885292853
As7Er2Ni12,2.14439644339,0.242707488206,1.01918104055
As7Eu4Ir8,3.70950083542,1.18277710742,1.36836679996
As7Gd2Ni12,2.13466158581,0.272315263009,0.957406539253
As7Ho2Ni12,2.13562612785,0.251638447237,0.994252685653
As7K2Ni12,1.98153262223,0.0798422269491,0.554010832339
As7Lu2Ni12,2.18409000872,0.241153952978,1.05394922589
As7Mg6Ni16,1.84444238129,-0.598774574015,0.446862134804
As7Mn6Ni16,2.10052646436,-0.121341952873,0.80584886273
As7Mn6O24Rb1,-3.05826709869,0.489733095899,0.405935424476
As7Nb9Pd1,3.1425217942,-0.613289591395,0.538001670765
As7Nd2Ni12,2.11589152054,0.2724275384,0.907933219293
As7Ni12Pr2,2.12113037852,0.269220378636,0.909629286563
As7Ni12Sm2,2.08441795556,0.285305804193,0.890779029988
As7Ni12Tm2,2.11815419255,0.260519614235,0.98379554896
As7Ni12Y2,2.04483343442,0.142496914121,0.972401596877
As7Ni12Yb2,2.04211175309,0.298161120389,0.861178384716
As7Re3,2.41051633781,0.922887315916,2.02102705344
As8Br6Hg3S8,-1.38586004391,2.57427895031,0.752141264785
As8Cs2S13,-1.36926168116,1.50770984632,0.291891746192
As8Cu12S18,-0.43533681456,0.696952717644,0.281805853212
As8Ge38I8,1.09936885287,1.73491748474,1.7925654742
As8Hg3S20Sb2Tl4,-1.07964553296,1.98421270526,0.432779464273
As8Nd4O18,-2.71272403289,0.81086513745,0.509726462847
As8Ni11,1.66869733097,0.397159455331,1.21531042179
As8Pb8S20,-1.13943765565,2.07949976171,0.518604235254
As9Bi6F65O20S10Se4,-5.53319785053,2.13162181495,1.38229668389
As9Pb5S18,-1.37188380084,1.93623134616,0.640560956887
As9Pb7S20,-1.22625771201,2.01831730425,0.572688685879
C10As1Cl1Cr2O10,-2.05247566736,-1.7626124151,3.8843992775
C10As2F12O10Se4W2,-3.29309487154,0.077443312388,3.19033634728
C12As2F12N12Zn1,-3.55474290495,-0.905709889637,3.19565019363
C12As2F48N12Ni1O6S6,-5.36768994591,0.760787478389,2.32101794802
C12H36As2O3Si6,-2.52592762739,-4.16001507329,-0.181991404853
C12H36As2Si4Zn1,-2.39427800363,-4.43524179825,-0.373654687463
C14As1Cl1Fe4O14,-1.90926394549,-1.74620344666,3.9117468181
C14As1Co3Cr1O14,-1.80075329273,-1.89528067143,3.99197980722
C15As2O15W3,-1.51610744527,-1.77070524628,4.33386189974
C16H48As2Ga2Si4,-2.45084046188,-4.47559650575,-0.463124605172
C1As1Cl2F9S1,-5.80366463888,1.9108028154,2.197682898
C1As1F11S1,-6.15107146301,1.77965925692,2.25431758108
C1As1Nb2,2.86300481542,-1.95229607051,2.57202107616
C1As1V2,1.93599846041,-1.93284477423,2.80835876816
C1As1V3,2.23168660943,-1.97046993619,2.36042923079
C1As3V5,2.05767522845,-1.24895533198,1.76457153043
C1H3As1F6O2,-5.25835623288,-0.196839097968,0.848252364994
C1H3As1F9N1O1,-5.63537721724,0.205923865564,0.98981871742
C1H3As2F9,-5.28673654191,0.31336686916,1.1345309136
C20As2Co2Cr3O20,-1.82735661601,-1.92593233277,3.95437164076
C22As2Fe6O22,-1.8198828633,-1.87601012936,3.98450814089
C24As3Co9O24,-1.60536424711,-1.74068727389,3.8695911349
C24H72As2F36N24Ni1S12,-4.11612309989,-2.25735551174,-0.00897862289701
C2As1F6N1O2,-5.03112325761,0.574400525013,2.58506857188
C2As2F12N2Te4,-4.40669794708,1.68842480459,2.14341068292
C2H15As1N6O5,-4.03444314216,-2.9085540549,-1.32741493184
C2H6As1Cs1Se2,-1.61790245325,-2.57670327783,-0.774392981164
C2H6As1F8Sb1,-4.55232254845,-0.904523241979,0.644855218138
C2H9As1N4O4S1,-3.84751289693,-2.46707673829,-0.695261769036
C3As1F8N3,-4.86463488845,0.265373539984,2.77701516269
C3As1N3,-1.74720846675,-2.20371358177,3.77633018542
C3H10As1I1,-2.64632066519,-3.86214805465,-0.697750658304
C3H6As4O3,-2.41520269845,-2.31329750127,0.637250859608
C4Ag1As1F6N4S8,-3.55887175147,0.293275915333,2.05087786545
C4As2Cd1F12N4O2S1,-4.59182242451,0.538044250806,2.28816387176
C4As4F12,-4.37240671833,0.757607277147,3.16077129266
C5As1Cl1F6N1O5Re1S1,-3.66851579462,-0.0417750091454,3.04881833181
C5As1F7N1O5Re1S1,-3.78431806934,-0.0854895286411,3.06769655951
C5As3O5P1S3W1,-1.68043456113,-0.649579328869,3.06252545097
C6As2F12N12O6S12Zn1,-4.302034322,0.375625279084,1.62492027033
C6H18As2Fe1I3,-2.32425073788,-3.38514455855,-0.393912071009
C6H18As6Cl6O6Rh2,-2.81570278961,-2.00749271323,0.0856976561032
C8H24As6Bi1N2Rb1S12,-2.4950059161,-2.37970338405,-0.28394443359
C8H24As6N2S10,-2.70368049537,-2.71041064225,-0.216075579078
C8H24As8Cu4I4O8,-2.26651267213,-2.24120352083,-0.125803032623
C9H27As1Cd1I2Si3,-2.33072384617,-3.98113238912,-0.337204795469
C9H27As1I2Si3Zn1,-2.3541369477,-4.00916543724,-0.330406596562
C9H27As1Si3,-2.50855820364,-4.594024126,-0.385028373113
H10As2Be3N2O10,-3.89127850569,-2.09193170146,-1.252317152
H10As2Co1Fe2O14,-3.86597255213,-1.4094371219,-0.912116462524
H10As4Ca1Cl1Cu5Na1O21,-3.29172813795,-0.899133496408,-0.722957146453
H10As4Ca5O20,-3.51989081468,-1.12291350898,-0.871747362606
H10As4Cu1O16,-4.13787828875,-1.10611419583,-0.787509829994
H10As4Mn5O20,-3.63506578263,-0.939511077172,-0.614793726361
H12As1Cs1Mg1O10,-3.94865173645,-2.19197459014,-1.90354627307
H12As1K1Mg1O10,-4.04018700145,-2.29168683345,-1.88352315305
H12As1Mg1O10Rb1,-4.00108126923,-2.2433669693,-1.89230775633
H12As3Na3O19Zn4,-3.48422701306,-1.25914630093,-1.21995103716
H14As1Na3O10S1,-3.81546401012,-2.40712994271,-2.12291361082
H14As2Ba3O7S8,-3.20104882439,-1.44543121916,-1.52821015676
H15As1Mg1O11,-4.38148732629,-2.48548743569,-1.88067058872
H15As1Na2O11,-4.11556482074,-2.50148080437,-2.0821988624
H16As1K1O12Sr1,-4.06837381384,-2.37157620288,-2.0007499778
H16As2O16Zn3,-4.08217695165,-1.7724733131,-1.42696011676
H18As1N3O7,-4.39905947717,-2.96675618697,-2.25233623045
H18As1Na3O9Se4,-3.5133583297,-2.2282627412,-2.15940539997
H19As1Fe2O18S1,-4.35086036564,-2.00003518762,-1.48171165428
H1As1Ba1O4,-3.08707047549,-0.124576075541,-0.428818754821
H1As1Br3F6O1P1,-5.15432824175,2.07552756643,0.990290420977
H1As1Ca1Co1O5,-2.91482304009,-0.402715943043,-0.144247605256
H1As1Ca1Ni1O5,-2.93858561227,-0.342166188543,-0.110133308768
H1As1Ca1O5Zn1,-3.02321901437,-0.289189077893,-0.335266102173
H1As1Cd2O5,-2.98205134589,0.297448119757,-0.225349840203
H1As1Cl3F6O1P1,-5.63409476123,1.70671814212,1.04869633377
H1As1Cl4O4Pb4,-2.42846691791,1.94189529633,0.291112296106
H1As1Co2O5,-2.98898458975,-0.197476959217,0.221647720996
H1As1Cr2K2O10,-2.9473446477,-0.349849135833,-0.589938852398
H1As1Cu1O5Zn1,-3.0071313155,-0.131556203354,-0.14871858933
H1As1F5K1O1,-4.86541225726,0.801102134263,0.242149945075
H1As1Hg1O5Zn1,-3.05595191995,0.368471152261,-0.226188381766
H1As1Mn2O5,-3.04029810153,-0.290057378389,-0.0647566286834
H1As1Mn4O13Si3,-2.97228334333,-0.217031917503,0.617666531929
H1As1O4Pb1,-3.3615157687,0.417567246955,-0.0743367596834
H1As1O5Pb1Zn1,-3.04308994214,0.418946182478,-0.102563283647
H1As1O5Zn2,-3.20577653827,0.0295767710805,-0.160389272849
H1As2Br3F11P1,-5.49543749,2.21196521859,1.29242564604
H1As2Ca1F13,-5.80289235791,1.56602958691,1.24789394881
H1As2Ca3Li1,1.16969068911,-2.09026831345,-1.88224391825
H1As2Cd1F13,-5.84031908436,1.80569509924,1.32328035533
H1As2Cl3F11P1,-5.84193553185,1.94560285659,1.33460769417
H1As2Co2K1O8,-2.87473613888,-0.0163198841969,-0.0185825766699
H1As2F13Pb1,-5.81341226084,1.94092472474,1.3710895586
H1As2O6P1,-4.08635681422,0.26400181922,0.213950855923
H1As3Ba1O11Zn2,-3.20634715178,0.404945763617,0.116905028342
H1As3Sr5,1.9102018911,-0.749184179945,-1.53171624133
H1As5Cs3Fe5O22,-2.69574127401,0.348955078996,-0.00839412196954
H1As5O18Sr5,-2.97917446486,0.314317936186,-0.00525295894711
H22As1Na3O13S2,-3.99798124191,-2.58789475372,-2.20422468988
H22As4Mn5O26,-3.94871070271,-1.62427223402,-1.17723825855
H24As1Na3O15Se1,-4.04347334777,-2.60358907905,-2.21292413337
H24As4Li2N8,-3.49125326635,-3.3926312065,-2.60415040311
H2Ag1As3O9,-3.64760446002,0.0332623159267,0.0494039899047
H2As1F10N1S1,-6.13912864141,1.11054271809,0.863131825432
H2As1F10Tl1,-5.70936493218,1.33761704746,0.841806627944
H2As1F6Li1O1,-5.28888180716,0.220634234988,0.107646408639
H2As1In1O5,-3.783521423,-0.364314335953,-0.482388539398
H2As1Li1O4,-3.74708443968,-1.24507598661,-1.05620676591
H2As1Li1O5Zn1,-3.38338746157,-0.911306297926,-0.885236636245
H2As1Mn1O5,-3.78719567843,-0.702262488731,-0.434139928709
H2As2Ba1O9Zn2,-3.15384263581,-0.0378650993173,-0.277827171207
H2As2Ba3Mo3O18,-2.83484704655,-0.0644923215725,0.00666698410181
H2As2Cs1O8Sc1,-3.18911767694,-0.247671850655,-0.49695513012
H2As2Cu1Fe2O10,-3.28009790709,-0.235710272484,0.0402887768178
H2As2Cu3O10Pb1,-2.82646540605,-0.017437984872,-0.11397025298
H2As3Co3Na1O12,-3.12501315027,-0.146250124492,0.0434618420378
H2As3F20La1,-5.91805981813,1.64726145621,1.26119972737
H2As3Na1O9,-3.79869134442,-0.169910799713,-0.202444268564
H2As3Na3O10,-3.22224392773,-0.466464271363,-0.692729022682
H2As4Cu3K4O16,-2.53361306601,-0.170222854262,-0.589674990862
H32As4Mn2N8S16,-3.51514499327,-2.18935095838,-1.83252276153
H36As1Li3N12Se4,-3.67406185285,-3.32430626595,-2.73415002538
H3As1,-2.97117912312,-3.41062049433,-2.55039496648
H3As1B2Ba2F18,-5.25399499907,0.862255691469,0.991495913345
H3As1Ba1O5,-3.54943174171,-1.01957967504,-1.01893355186
H3As1Ca1O5,-3.72365961196,-1.27740108362,-0.98022869193
H3As1F11N1Te1,-5.86620688057,0.967323932175,0.682827249901
H3As1F6O1,-5.74758537255,0.148629215341,0.16437103656
H3As1Mo1O8Sr1,-3.47235059112,-0.816887236793,-0.517274972645
H3As1O5Sr1,-3.67179656203,-1.12302258802,-1.00931130907
H3As1O6Zn2,-3.56140107776,-0.754797773481,-0.719258974205
H3As2Cu1F13O1,-5.61946024417,0.935871731332,0.785276025517
H3As2F13Fe1O1,-5.65680730126,0.934277331187,0.841779057159
H3As2Li1O7,-3.93186662812,-0.876115906172,-0.699056393272
H3As3F18Ni1O1,-5.8119747503,1.27872337266,1.10040537758
H43As3Ca1N14S6,-3.85491992647,-3.19331362308,-2.4851465408
H4Al1As1O6,-4.12804010802,-1.35298446314,-0.875667649932
H4As1B1F1N1O4,-4.23502742089,-1.47396224074,-0.524464662714
H4As1Ca2F13,-5.37477044983,0.369126284714,0.275023197302
H4As1Fe1O6,-3.97278102472,-1.30732147669,-0.857509475629
H4As1Ga1O6,-4.08856075833,-1.12078477216,-0.944130362362
H4As1In1O6,-3.99470974131,-1.05021610375,-0.960758424115
H4As1Na1O5,-3.86134882251,-1.66712660584,-1.46688313888
H4As1Na1O6Zn1,-3.56400278045,-1.34544982697,-1.27218667406
H4As2Be3O10,-3.7438926893,-1.31267579861,-0.518932978865
H4As2Ca1O8,-3.89161245117,-0.946860648238,-0.696024393654
H4As2Ca2Cu1O10,-3.29777685493,-0.885626805632,-0.669191878285
H4As2Ca2Mn1O10,-3.35267969913,-0.88500348473,-0.652070260011
H4As2Cs2Mo2O14,-3.06973581298,-0.457361609966,-0.590992026993
H4As2O9Ti1,-4.02742122962,-0.826573927017,-0.468944189973
H4As2O9V1,-4.01965095633,-0.803601446636,-0.419193925086
H4As3Mn1N1S6,-2.57529128023,-0.500194753406,-0.587142839038
H4As6Ba1Co2O14,-3.1284942879,-0.125032770091,0.00239042704462
H5As1Ca1O6,-3.9324169391,-1.6998288506,-1.30691470418
H5As1Cs4O16Se3,-3.18886405839,0.0146554689716,-1.0518649701
H5As1K4O16S3,-3.72792525857,-0.522387090862,-0.996666696255
H5As2O8Rb1,-3.82969000978,-1.08247602953,-1.09299300621
H5As3O10,-4.29431089071,-0.756136715756,-0.505657843934
H6As1Cs5Mo8O32,-2.60228104139,-0.42970552602,-0.468334908801
H6As1F5N2,-5.11618505681,-1.2846675341,-0.926355441993
H6As1F6Li1O3,-5.05572635625,-0.954150109302,-0.775946939686
H6As1N1O4,-4.3323078346,-2.21027674931,-1.65017512274
H6As2Ca1F18,-5.8097068126,0.505039981041,0.417530508426
H6As2Ca1Mn1O10,-3.76857784946,-1.20587413521,-0.880016773799
H6As2Fe1N1O8,-3.99396767414,-1.30909168161,-0.873167039481
H6As4Na6O19Zn3,-2.97544330459,-0.7905213078,-1.03277452686
H6As5F31Hg2O2,-5.72506984533,1.30415939006,0.891314023353
H7As1Ca1O7,-4.06289026856,-1.96384620495,-1.51109346182
H8As12Co1F80Sr5,-5.78541969338,1.54817475568,1.18063924997
H8As1Ba1N1O2S4,-3.36837258024,-1.84103868037,-1.74038591373
H8As2O12Zn3,-3.82005003427,-1.13145822795,-0.961884295227
H9As1Be2O9,-4.12664400685,-2.24905434405,-1.44376851683
H9As3Ca4O16,-3.56012405443,-1.26073063236,-0.980733264286
