Ag1Br1,0.783479146272,2.35226289225,0.00879352690549
Ag1Br13Mo6,-0.133080969521,2.48836072507,1.07352931798
Ag1Br14W6,0.398645379636,3.10041486566,1.77232484068
Ag1Br1Hg1S1,0.332175622343,2.40006511271,-0.258904448366
Ag1Br1O1Pb1,-0.206515360086,2.26409885013,0.0338271803373
Ag1Br2Cs1,1.12893479442,2.52348484809,-1.18440181854
Ag1Br3Cs2,1.24408667713,2.58055883337,-1.58213360036
Ag1Br3Rb2,0.807173903979,2.15228900705,-1.48847929424
Ag1Br5Pb2,-0.497052500109,3.96642137423,0.509674981996
Ag2Br14W6,0.591820829651,2.94869245957,1.63560587547
Ag2Br1N1O3,-2.27892715682,0.847583198932,0.0371380694558
Ag3Br1S1,1.4700132043,1.1900329374,-0.383544840786
Al1Bi2Br1Cl4Se2,-1.98031695911,3.2414420216,0.889082046375
Al1Br3,-2.03491465898,3.2302652862,0.944937659671
Al1Br4Cs1,-0.865146291797,3.05174579211,-0.162573948218
Al1Br4Cu1,-1.25102885926,2.75632640403,0.690196640197
Al1Br4Tl1,-1.23232797847,3.49180474254,0.683794727898
Al1Br7Se1,-2.42444444235,4.03081572931,1.051288442
Al2B8Ba4Br3Na1O18,-2.28464559212,-0.250480262708,0.784520460547
Al2Bi2Br12,-1.82779727382,4.01997896534,0.958216539886
Al2Br6,-2.03491465898,3.2302652862,0.944937659671
Al2Br6N2S2,-2.744706909,2.32338778485,0.668562251669
Al2Br6N2Se2,-2.38474866975,2.63466611291,0.69087125499
Al2Br7K1,-1.56189180115,2.87387298149,0.330488494978
Al2Br8Ti1,-1.7411178558,3.02159997501,0.894397001403
Al3Bi5Br12,-0.992700491583,3.78264950448,0.786610347425
Al3Br12La1,-1.77392255388,3.35419856693,0.825413001559
Al3Br12Nd1,-1.78193138687,3.34787152723,0.831686221646
Al3Br12Pr1,-1.77849338633,3.34576682864,0.832799265793
Al4Br4La5,1.42292472276,0.964471088121,-0.335772630227
Al5Br4La10,2.4214359875,0.580162322177,-0.72652331919
Al6Br2Ge6Li8O24,-2.59958398528,-0.264459851911,-0.156319506058
Al6Br2Ge6Na8O24,-2.35842527942,-0.0999416866355,-0.243007534826
Al6Br2Na8O24Si6,-2.46725207357,-0.459173328653,-0.0460086845404
As10Br18Hg19,0.200601611593,3.47983375689,0.150523791067
As12Br1Cu1P4S12,-1.62990337815,1.44283403029,0.75128245425
As1Br1Hg3S4,-0.782703825447,2.53073881354,0.0111029070936
As1Br1Hg3Se4,0.177184812519,3.36081435502,0.0705935826291
As1Br1O8Pr4,-2.01858356581,0.851484648638,0.0272037460024
As1Br3,-2.24468954084,4.06321449731,1.30750651775
As1Br3Ca3,0.247424481564,1.14592152234,-0.354529644369
As1Br3F6S1,-5.27699627627,2.95712742341,1.56194424612
As1Br3F6Te1,-4.91299669239,3.17382294827,1.62096793224
As1Br5F6,-5.05801251522,3.390984527,1.59598933938
As2Br1La3O7,-2.09216809946,1.00667892058,0.205909794914
As2Br2Cd2Hg2,0.848492916952,2.71862529403,-0.0385050376116
As2Br3Cd4,0.335897772177,2.55574994244,0.171642000106
As2Br4F26O5Te5,-5.61114381886,2.61492035668,1.57896218812
As3Br1Cd2,0.59734651106,1.9805942793,0.514570788984
As3Br1Hg2,0.711232577512,2.59547039985,0.414614313247
As3Br1O6Pb2,-2.51730302505,1.73467510377,0.689731884498
As4Bi2Br12Hg9,-0.0337172810329,3.7930817274,0.254580946979
As4Br1K1O6,-2.7485514092,1.07822679588,0.43269829627
As4Br1Na1O6,-2.86186342866,0.974920256269,0.473904921639
As4Br6Cd1Hg6,0.303654133316,3.27886810988,0.151726375794
As4Br6Cu2Hg6,0.536566465206,2.8755574142,0.115836491568
As4Br6Hg6Sn1,0.264395142181,3.36704877556,0.230090432724
As4Br7Cr1Hg6,0.14667568383,3.15470620168,0.230541759392
As4Br7Hg6Ti1,0.135372182415,3.15909556586,0.271896868262
As4Br7Hg6Yb1,0.195811754025,3.31106680605,0.157722239459
As5Br3In4O12,-2.77118894969,1.56428249637,0.593273289446
As7Br1Cu1P1S7,-1.45536713848,1.53668788626,0.819502078915
As8Br6Hg3S8,-1.38586004391,2.57427895031,0.752141264785
Au1Bi1Br6,-1.30040729582,4.52989061663,0.947506697194
Au1Br1,1.12127758148,3.55817332469,0.593956501099
Au1Br1F6,-5.4139678602,2.7089119098,1.57545001361
Au1Br1Se1,0.296133922459,3.56820388565,0.619146850585
Au1Br4K1,-0.543356591927,3.31616031339,-0.0934240717482
Au1Br4Rb1,-0.380416041037,3.51749308067,-0.130026585415
Au2Br6,-0.980134702976,4.25008858878,0.923517974287
B1Ba2Br1O3,-1.30720406642,0.448845954238,0.134868802615
B1Br1Eu2N2,-0.529151959831,0.0125766304773,-0.00851958375035
B1Br1Mg2N2,-1.53054685507,-1.22310561015,-0.0222622158389
B1Br1N2Sr2,-0.645635193731,-0.416159946862,-0.208916221108
B1Br20K8Zr6,-0.0650860065165,1.98068187223,-0.387508187621
B1Br3,-2.14632312947,2.7974354878,1.89589273714
B1Br3I3P1,-1.93038227872,3.5658862515,1.29924434793
B1Br3P4S3,-2.69830431371,1.6591230054,0.662736442212
B1Br6P1,-2.55856501127,3.31130750092,1.35846082784
B21Br2Na11O36,-2.49074055264,-1.09435867237,0.700783349405
B2Br15Gd10,0.318277619696,2.46715644774,0.508312903629
B2Br4Cl6N2P2,-3.55482723041,2.00657552043,1.25872917291
B2Br6O14Pb14,-1.40757948044,2.31404607018,0.467090145625
B3Br1O9Sr5,-1.81771968426,-0.303599997644,0.209156919951
B3Br3S3,-1.978700458,1.00877642823,1.87102852773
B5Br1Ca2O9,-2.62965526227,-0.719109212874,1.21055024764
B5Br1Eu2O9,-2.5275281798,-0.386168661363,1.2470636289
B5Br1O9Pb2,-2.65069506814,0.0306810628028,1.45694146725
B6Br1K3O10,-2.2871931594,-0.789362780168,0.680786468662
B6Br1Na2O10Rb1,-2.37428541751,-0.852930797518,0.719253665009
B6Br1Na3O10,-2.49115479446,-0.975314551466,0.754958394332
B7Br1Co3O13,-2.70646914486,-0.575413618595,1.57968800067
B7Br1Cr3O13,-2.63262056647,-0.784274523005,1.36791735167
B7Br1Cu3O13,-2.60493874028,-0.628970491537,1.37792171059
B7Br1Fe3O13,-2.69830638301,-0.632956491883,1.51917928971
B7Br1Mn3O13,-2.73533299524,-0.627490104373,1.41858555398
B7Br1Ni3O13,-2.73320203856,-0.507295144787,1.61806658422
B7Br1O13Zn3,-2.8284146159,-0.447695895297,1.36479219164
Ba10Br2O30Re6,-1.71005509226,0.59132629005,0.220388166828
Ba1Bi4Br2O6,-1.88534106383,2.43878336361,0.27841159658
Ba1Br15Cs2O3Ta6,-0.0644336063911,2.6657238476,0.806098942255
Ba1Br1Cl1,-0.976520115129,2.7067483917,-0.0661250920333
Ba1Br1F1,-1.78713603807,2.40074675528,0.0660225018139
Ba1Br2,-0.2835240314,3.23947311573,-0.150489188292
Ba1Br2F8,-5.59905783216,2.64772886539,1.34267714341
Ba1Br2O6,-3.95079105118,1.56146084998,0.345819711518
Ba1Br8Fe2,-1.2185155788,3.33240484654,0.685802717801
Ba2Br1Cu1O2,-0.051719980082,0.788438332754,-0.727645899044
Ba2Br1In1O3,-1.01497574034,1.21520874086,-0.554403997407
Ba2Br1N1,0.68220419669,0.977374415217,-1.2415560326
Ba2Br2Cu3O4,-0.684604641314,0.769757285152,-0.337104373991
Ba2Br2F10Pb4,-3.21645894308,2.68492990553,0.761780065434
Ba2Br2O1,-0.264494954925,2.05505714115,-0.563023972654
Ba2Br5Cs1,0.155954587087,3.10328153778,-0.707266182217
Ba3Br1Ga1S4,0.0421268725757,1.35656275692,-0.697571785171
Ba3Br1O10P3,-3.11199922271,0.770229731824,-0.182672136624
Ba3Br2Fe2O5,-1.10095570718,0.857127255256,-0.243335741796
Ba3Br2In2O5,-1.14481314037,1.37133800112,-0.449833638769
Ba4Br2Si3,1.99900917117,0.433817523067,0.136445791156
Ba4Br6O1,-0.274874451189,2.70110221818,-0.338004999368
Ba5Br1O12P3,-2.56418057842,0.676554197999,-0.37298718664
Ba5Br2O9Ru2,-1.21156101675,0.734903460482,-0.307589260741
Ba5Br6O4Si1,-0.881021318832,1.87134175031,-0.0860191216871
Be1Br2,-1.78999599482,1.63615342095,0.482287756406
Be6Br2Li8O24P6,-3.21951851118,-0.731099103943,-0.620935909495
Bi12Br2Rh3,2.39809245569,3.57499613615,0.29229431387
Bi14Br16Pd1,-0.209426723304,4.51211930444,0.639028094147
Bi1Br1,-0.159812789873,4.67738143609,0.689911392733
Bi1Br1Cd1S2,-0.882688482654,2.82529284323,0.232432178999
Bi1Br1Cu3O8Se2,-2.54388209706,1.22237406025,0.319714696069
Bi1Br1O1,-2.03468338027,3.35907252976,0.657932315627
Bi1Br1O2Sr1,-1.55992020489,1.91993096359,-0.0587265847228
Bi1Br1S1,-1.27784280358,3.69178597047,0.638498771679
Bi1Br1Se1,-0.557926325107,4.31434262657,0.683116778331
Bi1Br3,-1.62067988865,4.80969264448,0.971495420104
Bi1Br6Rb3,-0.156859185764,3.15525829646,-0.953671254849
Bi1Br7Hg6Sb4,0.387856082973,3.86017078102,0.189162707575
Bi1Br8O2W2,-1.37213346988,3.39331369581,1.4084406027
Bi2Br1Dy1O4,-1.93697909306,2.07447106282,0.324306103664
Bi2Br1Er1O4,-1.90542325578,2.04025370943,0.407381772517
Bi2Br1Eu1O4,-2.03213487964,2.09294162544,0.202781081162
Bi2Br1Gd1O4,-1.91820025636,2.07911391387,0.326302739563
Bi2Br1Ho1O4,-1.91693429493,2.05197559316,0.374663306717
Bi2Br1In1Se4,-0.0336713784278,3.73110647759,0.398012415956
Bi2Br1Lu1O4,-1.85332545128,2.03821469445,0.453015015786
Bi2Br1Nd1O4,-1.94283596702,2.07926127531,0.26136900712
Bi2Br1O4Pr1,-1.93595996592,2.07505187813,0.263595095414
Bi2Br1O4Sm1,-1.98414502106,2.09616399918,0.238854133651
Bi2Br1O4Tm1,-1.93986621001,2.06363212485,0.360938314811
Bi2Br1O4Y1,-2.03609970504,1.90872733095,0.345983752698
Bi2Br1O4Yb1,-2.03967191181,2.11303660167,0.200003286738
Bi2Br8Te4,-1.22629733698,4.627038008,1.0727041831
Bi2Br9Cs3,-0.294221175275,3.90327014139,-0.463829973089
Bi3Br1La5,3.51205525286,2.06335458892,-0.869566856275
Bi3Br1O4,-2.24168512607,2.6337624724,0.501150763391
Bi3Br1Se4,-0.0265495433335,4.06666761763,0.538927457448
Bi4Br1Nb1O8,-2.3600575664,1.87234317788,0.471991556297
Bi4Br1O8Ta1,-2.20704706637,1.96647567608,0.657521521429
Bi4Br2O5,-2.18523010449,2.83157430623,0.543909368553
Bi4Br2O9Te2,-2.71735554179,2.48503693306,0.631103991383
Bi5Br1O7,-2.28945475972,2.46638322839,0.464970405183
Bi6Br1K1O9,-2.04869960842,2.11030906442,0.10891830313
Bi6Br2O14Se3,-2.98543878281,2.28958891535,0.543633593258
Bi9Br3Rh2,1.77174220903,3.79757535598,0.39484842674
Br10Co1Pr6,0.196097381785,2.83422544292,0.153591912671
Br10N5P5,-3.40409014299,2.41434618211,0.431746392108
Br10O1Ta2Te4,-1.16578389629,3.81620235839,1.36773031543
Br10O4Pb9,-1.0187184637,3.69454745598,0.461757333716
Br10Pr6Ru1,0.315115877566,2.81844329885,0.152257768757
Br10Rb1Re3,-0.275135466839,3.41597049637,1.19416000371
Br10Si5,-1.73168810354,2.70385850591,2.00787063884
Br10Te4Zr2,-1.20431848813,3.91654779241,1.11300938386
Br10W4,0.0305476526254,3.34705686192,1.89082826168
Br11Cs1Nb4,-0.424555082942,2.88562246437,0.509983933505
Br11Cs2Re3,0.0254764168082,3.40611312726,0.730130175349
Br12Co1Ho7,0.172186088998,2.83583212711,0.478166961878
Br12Co1Sc7,-0.59566945693,2.04469516896,0.48666073285
Br12Fe1Gd7,0.171906501735,2.88880227578,0.318553889462
Br12Gd7Mn1,0.157095856842,2.89098883078,0.278316395173
Br12Ho7Ni1,0.161492931513,2.86307951663,0.493518395299
Br12La6N2,-0.74613938877,2.91846398759,0.153877932587
Br12Mo6,-0.234920982377,2.5034827065,1.19183329476
Br12Os1Se2,-2.18684589605,4.48498034983,1.33152516414
Br12Ta2Te4,-1.12205531393,4.11316628228,1.39797778309
Br12Te1Zr2,-1.79349783731,4.01573566311,1.11730045374
Br12W6,0.549230092621,3.08123236342,1.99711973072
Br12Zr6,-0.456697375301,2.76595971852,0.924989524905
Br13Cd3Cs7,0.476267424207,3.10301965952,-1.28847436783
Br13Cu4Rb3Tm2,-0.0312848560838,2.5516753227,-0.293109692511
Br13Mo6Na1,-0.246396132819,2.33598088835,0.884643124132
Br14Cd1W6,0.317001739094,3.17508102441,1.76977643325
Br14Cu2Mo6,-0.134618487368,2.37711287616,1.0079935323
Br14Cu2W6,0.506959664914,2.84981714092,1.66686425263
Br14Mo6Pb1,-0.333346039512,2.78933863437,1.11823360509
Br14Rb2W6,0.598283036289,2.89415412725,1.22725874245
Br15Cs1N6Nb1Pr9,-0.529468773317,2.11554018464,-0.153239636493
Br15Cs2La1O3Ta6,-0.0656064164833,2.67474497488,0.845570950632
Br15Gd11Ir3,1.09308156016,2.70392622411,0.485615833624
Br15Ta6,-0.0837910149967,3.28942612297,1.66461537939
Br16Ir3Sc12,0.250408872879,1.72907936796,0.61282991037
Br16Sb2W4,-0.681518062387,3.73743383351,1.63681918691
Br18K4Nb6,-0.317476760346,2.42197303506,0.0393164692322
Br1Ca2N1,-0.188935154579,-0.311732627656,-1.04803173296
Br1Cd1S2Sb1,-1.12825102264,2.51401355468,0.409078487751
Br1Cd2P3,-0.854888193399,1.50452431278,-0.458384409439
Br1Ce1Mo1O4,-2.23091490956,0.794932580634,0.393165886092
Br1Ce3S8Si2,-0.987370056847,1.10576389852,0.481064720569
Br1Ce6N3S4,-0.0510099464915,0.739856083008,-0.656665263392
Br1Cl1,-4.12104111301,4.14291676684,1.37962559186
Br1Cl14P3,-4.62471111986,2.95442993761,1.16189531945
Br1Cl1Pb1,-1.61689246596,3.97174947754,0.760999563281
Br1Cl2Hg12O6Sb1,-0.330331444958,2.58738316451,-0.464877170544
Br1Cr1O1,-1.79079789673,1.03230658159,0.291789497512
Br1Cr1S1,-1.03395732005,1.3650200223,0.272355953565
Br1Cr2O4P1,-2.73383451562,0.396431446056,0.151310399014
Br1Cs1,1.47439044256,2.69470680394,-2.377597164
Br1Cs1F4,-4.57012519076,2.51545211564,0.47587729051
Br1Cs1I2,0.0339987042915,4.1577936625,-0.641214164805
Br1Cs1O4,-3.36481955985,1.37987207937,-0.396549613724
Br1Cs3Mo2O7,-1.12037486476,0.507253612687,-0.805787751568
Br1Cu1,0.316742740174,1.80844863971,0.180714601267
Br1Cu1Hg1S1,0.0988074192924,2.12815798645,-0.172943911184
Br1Cu1Hg1Se1,0.638744778151,2.59507547853,-0.139480406198
Br1Cu1La1Nb2O7,-2.00331055066,0.369359668642,0.234953124461
Br1Cu1N4S4,-3.26808457921,0.769395953678,0.128792068796
Br1Cu1O2Sr2,-0.459602714491,0.443628622801,-0.695571756413
Br1Cu1P4S3,-2.27361882806,1.18638982083,0.00755101313095
Br1Cu1Se2,-0.518705327699,2.69835682364,0.425121075397
Br1Cu1Se3,-0.685794941273,2.87633846042,0.474002370225
Br1Cu1Te1,0.374526023975,2.573714364,0.515454426483
Br1Cu1Te2,0.403417665877,2.95634722614,0.682824339079
Br1Cu6P1S5,-0.076880995831,0.466849700455,-0.145659772503
Br1Dy1Mo1O4,-2.22304921888,0.770955839663,0.48718616323
Br1Dy1S1,-0.465293382213,2.2003422116,0.166913012411
Br1Er1Mo1O4,-2.18698540485,0.731850292933,0.582129784777
Br1Eu1I1,-0.0165388807636,3.54969220584,0.0293447206723
Br1Eu1O1,-1.47588272312,1.91688360452,-0.137720170313
Br1Eu2O2,-1.15474987026,1.31185955485,-0.415880093873
Br1Eu2P1,0.789128290207,1.39727370942,-0.935617865116
Br1Eu3O4,-1.61303438678,1.01129993151,-0.393958283296
Br1F15Sb2,-6.3277263713,2.61345003215,1.76734705432
Br1F17Sb2,-6.45419203491,2.59468750608,1.78087380066
Br1F1Pb1,-2.4275083889,3.6657478411,0.893147157121
Br1F1Sr1,-2.19501877249,2.05593704532,0.0980966444496
Br1F3,-6.46467400243,3.05486954185,1.7402307502
Br1F3Rb1Sb1,-3.2674996248,2.37307350332,0.3739311709
Br1F4K1,-4.95152212822,2.09998443521,0.559306957241
Br1F4N1O2,-6.22932601579,1.92361036227,1.2184293979
Br1F4Rb1,-4.78858157735,2.30131720248,0.522704443571
Br1F5,-6.8405770041,2.84518795173,1.79435867273
Br1F5O3Te1,-5.79066431162,2.33427376743,1.37330085975
Br1F5Sn3,-3.80485600971,2.83998616189,1.21063245458
Br1F6O2Sb1,-5.86705854464,2.37982244926,1.48666897587
Br1F8Sb1,-6.22865023391,2.72049646014,1.74839704714
Br1Fe1O3Sr2,-1.32699742712,0.478905493008,-0.349913677735
Br1Fe1O7Te3,-3.26117915118,1.7462441445,0.767009266341
Br1Gd1Mo1O4,-2.20158769122,0.77626195514,0.489468032827
Br1Gd1O1,-1.17205706103,1.880009707,0.191670918756
Br1Hf1N1,-0.411759012392,1.16679697474,0.605763152312
Br1Hg1I1,-0.404097664528,4.57934133368,0.253123301669
Br1Hg2N1,-0.336233229718,2.64773840805,-0.557181991115
Br1Hg2P3,-0.741002126941,2.11940043332,-0.558340885178
Br1Hg3I1Te2,0.902740892181,4.04239926862,-0.00693124213748
Br1Ho1Mo1O4,-2.20014087816,0.745246731478,0.544737252434
Br1I1,-2.24397001071,5.28144218696,1.17412414093
Br1I1Pb1,-0.365511731078,4.73076642429,0.623998595993
Br1In1,-0.188300130256,3.3351368759,0.126251226769
Br1In1O1,-2.05367494052,2.46424282297,0.282158871646
Br1In1O3Te1,-2.87329689202,2.15698061928,0.536559835786
Br1In1Sb2Se4,-0.340624553411,3.34200736689,0.618820301894
Br1In1Te1,0.0378307770269,3.59150652146,0.47914551014
Br1In3La5,3.4930636926,1.16852488212,-1.24534030025
Br1K1,0.330199630161,1.44830376264,-2.12730816381
Br1K1O3,-3.33857488457,1.01279433531,-0.494538768679
Br1K1O4,-3.74621649732,0.964404398948,-0.313119946996
Br1K3Mo2O7,-1.64846293201,-0.0680093294487,-0.690269751487
Br1K3O1,0.471973438957,-0.0943460825681,-2.93520674329
Br1La1,1.09965451029,2.50999296537,-0.319401393054
Br1La1Mo1O4,-2.21143688513,0.790892173259,0.400919264121
Br1La1O1,-1.1950385135,1.91414688261,-0.0149428748975
Br1La1O7Pb6,-1.19621559586,2.12357722294,0.0441000920399
Br1La3Te4,1.84017392537,2.6991166671,0.0396461317861
Br1La5Sb3,3.10278435287,1.54455577464,-0.575156341682
Br1La5Sn3,3.3469434433,1.53562910988,-0.897421296177
Br1La6N3S4,0.00742412680932,0.727734860892,-0.633405129314
Br1Li1,-1.04300376601,0.355474799812,-1.63084032887
Br1Li10N3,-0.540728028173,-2.81946622173,-3.20047668425
Br1Li3O1,-1.17587063644,-1.40574083795,-2.33944534136
Br1Lu1O1,-0.999057580822,1.77094512188,0.529570322016
Br1Lu1S1,-0.242217004144,2.1036585626,0.51013677807
Br1Mn1S2Sb1,-1.18067310271,1.98525860634,0.553612378115
Br1Mn1Sb1Se2,-0.316773328532,2.73232659367,0.607153986092
Br1Mo1Nd1O4,-2.2297427891,0.776430368225,0.415258052889
Br1Mo1O4Pr1,-2.22188450215,0.771619628584,0.417802153799
Br1Mo1O4Sm1,-2.27695313659,0.795747766922,0.389526768931
Br1Mo1O4Tm1,-2.2263487811,0.758568481977,0.529051547395
Br1Mo1S1,-0.379039596918,1.42967976862,0.95269798881
Br1Mo1Te4,0.722859067768,3.16423791948,1.17702612405
Br1N1O3,-5.04990013154,1.28160770585,0.546190254699
Br1N1Sr2,0.0703800950625,0.46015985028,-1.19344481865
Br1N1Ti1,-1.53537071389,0.584048035921,0.240578544123
Br1N1Zn2,-1.01044401223,1.12271369272,-0.261086000963
Br1N1Zr1,-1.03440837518,0.884848609254,0.405946156327
Br1N2Nd3Se1,0.199011954754,1.00826546264,-0.580003779429
Br1N3,-4.38139673718,0.709503857038,0.0852318681971
Br1N3Nd6S4,-0.0474935851305,0.68434944577,-0.590388762996
Br1N3Pr6S4,-0.0239187242519,0.669917226864,-0.582756460271
Br1Na1,-0.349672486694,0.828464524977,-1.88006841157
Br1Na1O3,-3.61052373131,0.764858640248,-0.395642867783
Br1Nd1O1,-1.23775228944,1.88040267085,0.0185142989044
Br1Nd1O3Te1,-2.46533556647,1.86506054322,0.404737549402
Br1Nd1O5Te2,-2.87452999216,1.85994650068,0.533478632911
Br1Nd1S1,-0.480911712775,2.21311611157,-0.000919245033154
Br1O12P3Sr5,-2.85552538871,0.430261548029,-0.350077084761
Br1O1Pr1,-1.21941628654,1.86917761171,0.0244505343562
Br1O1Rb3,1.05855942216,0.630451879612,-3.06697579249
Br1O1Sc1,-1.89997216001,1.05417708211,0.328721736853
Br1O1Sm1,-1.3479097669,1.92547660116,-0.0415253636779
Br1O1Ti1,-1.8586189052,1.05864276659,0.539920150666
Br1O1V1,-1.81717744767,1.18116266197,0.805254896747
Br1O1Yb1,-1.49598147554,1.97047020781,-0.14512762212
Br1O4Tl1,-3.73200124653,1.8199310298,0.449819062393
Br1O4Y3,-1.62492886298,0.458657048044,0.0356497313127
Br1Pr3S8Si2,-0.973824445728,1.07079447045,0.518019122132
Br1Rb1,0.819021282836,2.05230206445,-2.23711570482
Br1S1Sb1,-1.68711370357,3.1729871562,0.932909286269
Br1Se2Tl5,1.66829187299,3.44466889442,-0.257271755941
Br1Te2,-0.700453934757,4.38349849266,1.20764920041
Br1Te2Tl5,2.12935336978,3.57366409567,-0.1284201241
Br1Tl1,0.372845382535,4.01488365517,0.161508864331
Br1Zr1,0.855727430768,1.67793765134,0.760944563609
Br2,-3.08154698744,4.94200385287,1.25307944748
Br20Fe4Sc16,0.0224576662767,1.33453153936,0.306025403195
Br20Ho16Ru4,1.095808095,2.25789271668,0.342457160477
Br20Ru4Y16,0.714478782631,1.7994982776,0.250682587619
Br2Ca1,-0.864283598925,2.38006842048,-0.0214729885263
Br2Ca2Cu1O2,-0.9823463247,0.645172239694,-0.334099821185
Br2Ca3Cu2O4,-1.01454524993,0.172018735839,-0.419361684632
Br2Ca3O4Si1,-1.76220330205,0.276998705327,0.0687774980601
Br2Cd1,-1.07636838213,3.73817299041,0.405716648432
Br2Cd1I2Rb2,0.485326841695,2.96878293792,-1.14959058573
Br2Cd2Hg2S2,-0.0964534905318,2.79206244618,-0.27228358736
Br2Ce1S2Sb1,-1.08538018202,2.71463754837,0.440220826016
Br2Ce4Ga5,2.02805618056,1.3378451649,-0.843969626219
Br2Cl2Cu1Rb2,-0.475707554006,1.93882300657,-0.975395655963
Br2Cl6I3Sb1,-3.31761465004,4.13883249418,1.31988922477
Br2Co1,-1.08676824789,2.99578537192,1.07621299021
Br2Co1O2Sr2,-0.950200930144,1.14746151045,-0.186602967195
Br2Co1O3Te1Zn1,-2.27453254656,1.92300703451,0.649851141906
Br2Co2O3Te1,-2.1525870755,1.79528931121,0.864746950935
Br2Cr1,-0.889838705523,2.43882296017,0.511491259526
Br2Cr4O7Si2,-2.04957967604,0.0750780699003,0.654142906828
Br2Cs1F1,-1.93128727743,3.18931055806,-0.399875090685
Br2Cs1Li1,0.215693338277,1.52509080188,-2.00421874643
Br2Cs2F2,-1.54786737411,2.6050794598,-0.95085993672
Br2Cu1,-0.816020502366,2.85296704411,0.53816955001
Br2Cu1Dy2O13Te5,-2.81721645649,1.66734334795,0.551513706666
Br2Cu1O2Sr2,-0.834166182047,1.08625365567,-0.41719301301
Br2Cu2O5Te2,-2.42499696922,1.73223270631,0.55114521508
Br2Cu3O4Sr2,-0.907086132819,0.581679261539,-0.319609387099
Br2Cu3O6Te2,-2.2111045196,1.41937753178,0.443455483266
Br2Dy1,-0.3211747677,3.27414514946,0.406048318373
Br2Eu1,-0.574923531912,3.32339998311,0.0819815916994
Br2F10Ge1,-6.17573504845,2.70184096063,1.81072558273
Br2F11I1Sb2,-5.50109266719,2.99385536666,1.65937732428
Br2F12Pb7,-3.50151696509,3.06665758363,1.04779836434
Br2F16Sb3,-5.8589950462,2.72696627522,1.71323408689
Br2Fe1,-1.06500088297,2.84233770983,0.914856427635
Br2Fe2O5Sr3,-1.40686775799,0.598519972788,-0.219280134821
Br2Ga6Li8O24Si6,-2.64661701468,-0.260248499329,-0.0664796839188
Br2Ga6Na8O24Si6,-2.40545830883,-0.0957303340659,-0.15316771269
Br2Ge1,-1.45357518516,3.62189492439,1.50442913255
Br2Ge3La3,1.88582241341,1.63287314271,0.356487212789
Br2Hg1,-0.962482315674,4.35304911095,0.305760172694
Br2Hg1K2N2O12,-3.91821100834,0.854481701747,-0.188343284811
Br2Hg2,0.0970500201941,4.05857173999,-0.167899464688
Br2Hg2O6,-3.43183472855,2.05690152625,0.289224710975
Br2Hg2S2Sn1,-0.62471708602,3.21500851723,0.0632756026626
Br2Hg3S2,-0.480565507625,3.26437380936,-0.16987559664
Br2Hg3Se2,0.136505759642,3.79799380031,-0.131631590941
Br2Hg3Se3Zn1,0.169845820536,3.36659020069,-0.138731109296
Br2Hg3Te2,0.663433184541,3.94541688746,0.0156274168777
Br2Hg5O4,-1.17477791636,2.60450224633,-0.278394213061
Br2K4O1,0.431466636437,0.346411016055,-2.70437857772
Br2La1,-0.294079322282,3.3206632612,0.204758887117
Br2La1S2Sb1,-1.06265582019,2.70992373977,0.449266433716
Br2La2P1,0.352006286237,2.10293567182,-0.350545648097
Br2Li1Rb1,-0.111991241587,1.20388843213,-1.93397801684
Br2Li5N1,-0.750009585607,-1.49657412942,-2.54646153617
Br2Mg1,-1.57631842716,2.08771774248,0.0682389596134
Br2Mn1,-1.16373851557,2.8569147432,0.646606465712
Br2Mn2Sb2Se4,-0.316773328532,2.73232659367,0.607153986092
Br2Mn4O7Si1Te1,-2.30056199559,0.801330029693,0.606733808805
Br2Mo1O2,-2.45472241385,1.79107151074,0.952689641426
Br2N3S2V1,-3.02756254909,1.13752984693,0.404258132594
Br2Na4O1,-0.34553006853,-0.361976684115,-2.42181886088
Br2Nb1O1,-1.6697666551,2.11164731155,0.799042188427
Br2Nb1S2,-1.58448954427,2.23306492151,0.734708330291
Br2Nb1Se2,-0.720589770094,2.98013290884,0.788249938268
Br2Ni1,-1.15805596445,3.17743463543,1.1785558797
Br2Ni5O12Se4,-2.93687703836,1.35426110191,0.759108815255
Br2Ni5O12Te4,-2.6161386058,1.44399689409,0.848744733053
Br2O1,-3.98250617865,3.53548747428,1.03337768546
Br2O11Te6,-3.518484663,2.23455181416,0.849972585889
Br2O1Rb4,0.99011995379,1.03669478956,-2.8298729103
Br2O1S1,-3.86535534173,3.08176436551,0.908951646485
Br2O1V1,-2.13326983261,2.12137295969,0.917211034427
Br2O2Pb3,-1.07967551607,3.17388026239,0.323621390884
Br2O5Sb4,-2.63170744992,2.26561196339,0.865084475367
Br2O6Pb3Se2,-2.56951797291,2.48334697849,0.460023190838
Br2O6Sr1,-4.08675196265,1.44652427999,0.356511092399
Br2Pb1,-0.92389638224,4.50447420156,0.676635467025
Br2Pd1,-0.672490101968,2.96967274235,0.16411730731
Br2Pd1Se6,-1.1269322977,3.38206758583,0.501057468797
Br2Re6S8,0.638353184263,1.38316651929,1.66381625002
Br2Re6Se8,1.71822790198,2.31700150346,1.73074325999
Br2S2,-3.29772490922,3.33129944605,0.894376488526
Br2S7Te1,-3.02703212003,2.6032418793,0.744080767892
Br2Se2,-2.2178501915,4.26513443021,0.961303498499
Br2Sn1,-1.29883599861,4.23786342932,0.849779637738
Br2Sr1,-0.691406765834,2.89466340576,-0.118415045655
Br2Ti1,-0.957659714018,2.46515914518,0.759621912702
Br2V1,-0.916218256463,2.58767904055,1.02495665877
Br2Yb1,-0.595022284341,3.37698658639,0.0745741399008
Br2Zn1,-1.41195617068,3.33636596739,0.503157499463
Br36Gd20Ru4,0.262745506656,2.87939595945,0.374487359538
Br36Ho20Ir4,0.361598182859,2.98585756562,0.662998159838
Br36Ru4Y20,-0.0516530231677,2.42503173833,0.426970061228
Br39La28Ru10,0.999281458596,2.38015802665,0.0376024961261
Br3Ca1Cs1,0.0711860176741,2.50592377387,-0.963922658716
Br3Ca1In1,-0.593890211453,2.76209580265,0.0376166975891
Br3Cd1Cs1,-0.0560648522529,3.32078651582,-0.707608876539
Br3Cd1In1,-0.721141081379,3.57695854461,0.293930479768
Br3Cd1Rb1,-0.318212516143,3.06382462003,-0.651416292866
Br3Cd1Tl1,-0.496682876264,3.84885725632,0.308033534795
Br3Ce1,-1.02503278133,3.73306912202,0.453270615664
Br3Ce2N1,-0.628383545896,2.38953532379,-0.0728540125581
Br3Ce3Ga1,1.10966043875,2.28946460359,-0.411467078528
Br3Cl9Cs3Re3,-0.85302726146,2.52798089419,0.511373282026
Br3Cr1,-1.437765776,3.06461818335,0.696888306509
Br3Cr1Cs1,0.055852953712,2.54117649768,-0.644144109884
Br3Cr1In1,-0.609223275412,2.79734852647,0.35739524642
Br3Cs1Cu1,0.100143875606,2.78966294803,-0.628137135596
Br3Cs1Cu2,0.702625307636,2.10386802778,-0.672055987156
Br3Cs1Dy1,0.397051316408,3.04236981126,-0.707409874573
Br3Cs1Eu1,0.244802057875,3.07192271144,-0.901849910575
Br3Cs1Fe1,-0.0492443527536,2.78328534747,-0.402125009019
Br3Cs1Ge1,-0.282388934073,3.25101967621,-0.0483813860694
Br3Cs1Hg1,0.0122667876153,3.68971218815,-0.767582761978
Br3Cs1Mg1,-0.356034879273,2.33051336707,-0.91009548983
Br3Cs1Mn1,-0.10848693232,2.79203156749,-0.563074986172
Br3Cs1Ni1,-0.10507740164,2.98434350283,-0.243905337784
Br3Cs1Pb1,0.035418347683,3.78056724251,-0.545057585384
Br3Cs1Re6S8,0.731246212966,1.52889321757,1.21477031511
Br3Cs1Sn1,-0.189545422143,3.62060077916,-0.441171082953
Br3Cs1Ti1,0.015160348621,2.55697820868,-0.495265717983
Br3Cs1V1,0.0400252231512,2.63049014591,-0.336064870342
Br3Cs1Yb1,0.232742806419,3.10407467342,-0.906294381654
Br3Cu1K2,0.325714000157,1.56835205499,-1.35796724211
Br3Cu1Rb2,0.651595101946,1.97101758954,-1.43117226945
Br3Cu2Rb1,0.484168921061,1.88973311462,-0.625228834098
Br3Cu3P4Se4,-1.00503597008,1.93589841848,0.132993366605
Br3Cu3P8Se6,-1.36665784061,1.80889669322,0.0650235779308
Br3F3N3P3,-4.53179914799,1.78530141177,0.594130159686
Br3F6S1Sb1,-5.16170301184,3.08708343667,1.52005216913
Br3F6Sb1Se1,-4.96536215407,3.25687161562,1.5322207164
Br3Fe1,-1.56913740908,3.36725424559,0.999412182594
Br3Fe1In1,-0.714320581883,3.03945737626,0.599414347289
Br3Fe1K1,-0.506920677716,2.28472413095,-0.302009408945
Br3Fe1Tl1,-0.489862376766,3.31135608797,0.613517402313
Br3Ga1,-1.91647660992,3.92686435916,0.739549522388
Br3Ga1La3,1.16809451205,2.27734338147,-0.388206944451
Br3Ga1Li1,-1.33407339685,2.29528063668,-0.311312403131
Br3Gd1,-0.973710149222,3.70039552741,0.621799372448
Br3Gd2,0.290991953704,2.95543053214,0.243031327434
Br3Gd2N1,-0.559953369765,2.34597053096,0.15185099649
Br3Gd5O10Se2,-2.15240957684,1.455247075,0.233891539625
Br3Ge1Rb1,-0.544536597966,2.99405778041,0.00781119760219
Br3Hg3Sb2Tl1,0.830861698804,3.68354656117,0.00916569516907
Br3In1,-1.63492355884,4.13857036438,0.689665337119
Br3In1K1,-0.559549597524,2.90177702599,-0.549806885326
Br3In1Mg1,-1.0211111084,2.58668539585,0.0914438664744
Br3In1Mn1,-0.773563161444,3.04820359627,0.438464370132
Br3Ir1,-0.721596404206,4.08588011002,1.71306932244
Br3Ir1La3,1.85088320103,2.36820952483,0.168090084143
Br3Ir1Te6,0.00541699326526,4.09689953155,1.39618817511
Br3K1Mn1,-0.56616325728,2.29347035097,-0.462959386099
Br3K1Ti1,-0.442515976342,2.05841699216,-0.395150117911
Br3La1,-0.990946238573,3.72599840912,0.466839027209
Br3La3Ni1,1.32669330618,2.10117914183,-0.126699944887
Br3La3Ru1,1.64629010306,1.9850013933,-0.173801247044
Br3La3Si1,1.08085096086,1.89821794347,0.228720666179
Br3La6Si7,1.82604392097,0.180429919377,1.06438225575
Br3La9Sb16,2.24388580122,2.18677326728,0.103282012429
Br3Li6N1,-0.808608421686,-1.12616434358,-2.36333729472
Br3Li7O2,-1.15372615804,-1.11220489832,-2.22134450593
Br3Mn1Rb1,-0.370634596212,2.5350696717,-0.506882402501
Br3Mo1,-0.94657748365,3.11311299309,1.20714483294
Br3N1Se2,-2.79460462342,3.55020201647,0.799040463866
Br3Nb1O1,-1.95212272157,2.67771861981,0.889849640236
Br3Nb1Se1,-1.06606848847,3.25088067791,0.904960317859
Br3Nd1,-1.02298157054,3.7006902503,0.491931907561
Br3Ni1Rb1,-0.367225065532,2.72738160704,-0.187712754114
Br3O1P1,-3.53353042667,3.20463455466,0.775617967114
Br3P1,-2.97080689307,3.82517951405,0.821028918534
Br3Pr1,-1.00922956835,3.69227145594,0.496384084149
Br3Pt1,-0.944473266174,4.2111705082,1.15489977604
Br3Rb1Ti1,-0.246987315274,2.30001631289,-0.439073134312
Br3Rb1V1,-0.222122440741,2.37352825011,-0.279872286672
Br3Rb1Yb1,-0.0294048574736,2.84711277762,-0.850101797984
Br3Rh1,-1.16219283813,3.53465442107,1.01830328437
Br3Rh1Te6,-0.170821580308,3.87640925597,1.11828175988
Br3Ru1,-1.07963432563,3.41526587987,1.11475949286
Br3Sb1,-1.92763306364,4.42059353378,1.19230330604
Br3Sm1,-1.10559967862,3.73449569803,0.446902160624
Br3Ti1,-1.48863153237,3.0843703221,0.882986296389
Br3Zr1,-1.11290977833,3.3099707521,1.00701200554
Br4Cd1Cs2,0.381208089121,3.14190659815,-1.18474838723
Br4Ce10Ga5,2.47434647543,1.32831021561,-0.971286435373
Br4Co1Rb2,0.00225434109196,2.45665205337,-0.817117692656
Br4Cs1Ga1,-0.786187592422,3.51614517409,-0.299499373073
Br4Cs1Tl1,-0.411437054105,3.88386477067,-0.321002950731
Br4Cs2Cu1,0.492785751879,2.76253262115,-1.127982858
Br4Cs2Hg1,0.430016403306,3.40542493551,-1.22758687683
Br4Cs2I2Pd1,0.118589488496,3.43662294279,-0.758633229467
Br4Cs2Mn1,0.343763746221,2.76422449219,-1.08150989412
Br4Cs2Re6S8,0.805560635923,1.64547457622,0.855533567214
Br4Cs2Re6Se8,1.6694604101,2.39254256355,0.909075175191
Br4Cs2Zn1,0.237384751169,2.96970358829,-1.1429880225
Br4Fe1Li2,-1.05243110185,1.42127318982,-0.539827433215
Br4Fe1Tl1,-0.921809811875,3.58313071544,0.7201110765
Br4Fe3O4Sb2,-1.80703036926,1.8691981311,0.778722720224
Br4Ga1In1,-1.34041778336,3.72962186475,0.535116757187
Br4Ga1K1,-1.16758452991,3.10067749365,-0.21606970634
Br4Ga1Li1,-1.62531899528,2.73640117271,-0.0505804280337
Br4Ga1Na1,-1.39420856885,2.89406441443,-0.133656455601
Br4Ga1Tl1,-1.1533692791,3.95620412451,0.546869303043
Br4Ga5La10,2.54610761809,1.31342450424,-0.942721358437
Br4Gd4Re1,1.83196386376,2.15747559228,0.358785910087
Br4Ge1,-2.10476390608,4.14993849578,1.40388925852
Br4Ge4S6,-1.87143794702,2.42987813691,1.16106235559
Br4Hg3Te1,-0.251144284335,4.17471001318,0.178827092029
Br4I2Pd1Rb2,-0.172685693615,3.15110972523,-0.696197025386
Br4In1K1,-0.97988249585,3.24181483047,-0.249325829856
Br4In1Na1,-1.2065065348,3.03520175125,-0.166912579108
Br4K1Tl1,-0.792833991589,3.46839709022,-0.237573284
Br4K2Pd1,-0.0995245407513,2.10031903966,-1.14526867619
Br4K2Pt1,0.089207491902,2.5279847472,-0.734673285506
Br4K2Zn1,-0.416438570203,2.25747327896,-0.999965736687
Br4Li2Mg1,-1.27156719221,1.09786463239,-0.902663490947
Br4Li2Mn1,-1.0947472301,1.42752048984,-0.654791702617
Br4Li2Zn1,-1.20112622515,1.63299958593,-0.716269831007
Br4Mn1Rb2,-0.0307329164925,2.39713606962,-1.00123477459
Br4Na2Zn1,-0.804936922694,1.90327942888,-0.858685878261
Br4Nb1O1Tl1,-1.2878461204,3.05976577276,0.681752275685
Br4O1Rb6,0.927902255258,1.4060065259,-2.61432483557
Br4O1W1,-1.716638043,3.30835991885,1.51524870809
Br4O4Pb4Si1,-1.61001824747,2.72331243752,0.692358267824
Br4Os1,-1.08840115,4.11242888186,1.72183735663
Br4Os1Y4,1.35382370596,1.66800621779,0.46120175477
Br4Rb2Zn1,-0.137111911529,2.60261516572,-1.06271290298
Br4S1Tl6,0.647575975828,3.63774465414,-0.00294354484475
Br4S1W1,-1.33821775467,3.47471663921,1.50553193612
Br4Se1,-2.73606826906,4.6712560838,1.13636906788
Br4Si1,-2.2716316571,3.5991166447,1.7059541623
Br4Sn1,-2.01192039415,4.51951959874,1.01109956164
Br4Ti1,-1.80721462338,3.45589702825,0.957004926604
Br5Cd1Cs3,0.624137501,3.0425288661,-1.44982589318
Br5Ce2,-0.731245037596,3.56036416049,0.33901221112
Br5Co1Cs3,0.62067087907,2.7950663266,-1.22632711258
Br5Cs1Hg2,-0.353264126119,3.9384635342,-0.365079161472
Br5Cs1Sn2,-0.605529388323,3.85207427297,0.0429354373081
Br5Cs2Tl1,0.060019820056,3.58657527898,-0.835151504044
Br5Cs3Cu2,1.01133136161,2.34020353825,-1.35427245789
Br5Cs3Fe1,0.627926667384,2.74391710591,-1.28011263344
Br5Cs3Hg1,0.662099523149,3.24748757294,-1.48314471843
Br5Cs3Mn1,0.595014123184,2.74877611703,-1.36952928742
Br5Cs3Zn1,0.512274904812,2.90859319175,-1.4173456095
Br5Dy2Li1,-0.501632017272,2.54447756206,-0.103173843437
Br5F6Sb1,-4.95232702283,3.51011087249,1.55758826881
Br5Gd5Ir2,2.0048147984,2.30190748188,0.507605905742
Br5Hg6S4Tl1,-0.373889146358,3.35818754009,-0.128452539012
Br5In1Sn2,-1.02120203153,4.01218179096,0.668897535001
Br5K1Pb2,-0.610372379138,3.74043159183,-0.0243504406856
Br5K1Sn2,-0.891577091423,3.54047351264,0.105507687352
Br5K2N1O1Ru1,-1.359684333,1.94754038122,-0.376027118064
Br5K2Pr1,-0.339514969095,2.57028760929,-0.815462039834
Br5Nb1,-1.6898805036,3.75835768128,1.06023882244
Br5Nd3S2,-0.697739655873,2.80814576706,0.196221216002
Br5P1,-3.00772025786,4.19745429367,0.96504576152
Br5Pb1Tl3,-0.059401872383,4.17808050397,0.333217731893
Br5Pb2Rb1,-0.488166965971,3.89143116728,-0.0518023259376
Br5Pr2,-0.713184222768,3.51373825638,0.38828474653
Br5Rb1Sn2,-0.769371678255,3.6914730881,0.0780558021012
Br5Rb3Zn1,0.0753621316565,2.48032336543,-1.32369130339
Br5Ru1Y4,0.714478782631,1.7994982776,0.250682587619
Br5Sn2Tl1,-0.88091565333,4.18211848578,0.677711944391
Br5Ta1,-1.33285600352,3.9780001771,1.49314207442
Br5W1,-1.26615844741,4.01161810815,1.62509958911
Br6Cd1Rb4,0.302096828755,2.51208504425,-1.51634324484
Br6Ce3N1,-0.787043240075,2.92694884308,0.137595838732
Br6Cl8Cs2Mo6,-0.680132814636,1.95709647983,0.634879498178
Br6Cl8Cs2W6,-0.0385546623615,2.42980074459,1.29375021852
Br6Cs2La1Na1,0.123443184257,2.73397499022,-1.14031693703
Br6Cs2Na1Y1,0.0360180610498,2.5874245712,-1.06258798843
Br6Cs2Pt1,-0.106875364654,3.61839034461,-0.404190011589
Br6Cs2Sn1,-0.462448911163,3.70849168994,-0.494987871974
Br6Cs2Te1,-0.659837065328,3.85012093775,-0.368126309911
Br6Cs2W1,0.153573119252,3.32294800131,-0.112541174317
Br6Cs3La1,0.488255770108,3.10722344601,-1.23982268751
Br6Cs4Pb1,0.820312217612,3.18827973056,-1.54462462826
Br6Dy1Li1Rb2,-0.28549936912,2.36845971587,-0.973891907443
Br6Eu4O1,-0.592764815375,2.7926588008,-0.0844005120978
Br6Gd1Na3,-0.599287551705,1.97723692595,-0.879321297966
Br6Gd4Si1,0.352540836481,2.52562483031,0.540706026901
Br6Hg1Tl4,0.00866510120992,4.10711059766,0.200850130247
Br6Hg3Se2Zr1,-0.548137148604,3.73065362196,0.36330886109
Br6Hg7P4,-0.359652892334,3.16334273515,-0.323774272126
Br6Hg7P4Sn1,-0.213750732816,3.14480050441,-0.303387922667
Br6In2Zr1,-0.920709624647,3.50249270721,0.642903597416
Br6Ir1Y4,0.499581138596,2.32904032267,0.559376785631
Br6K2Os1,-0.457911914371,2.92837327331,0.0111060142055
Br6K2Pt1,-0.615404614615,3.06443343737,-0.292950455949
Br6K2Re1,-0.398969796368,2.81202368631,-0.0213328948781
Br6K2Se1,-1.37328253606,3.23883282996,-0.314154146205
Br6K2Sn1,-0.970978161112,3.15453478269,-0.383748316343
Br6K2Te1,-1.16836631528,3.29616403051,-0.256886754275
Br6K4Mn1,-0.0772380459537,1.83247039369,-1.37078599213
Br6Mo6S3,0.247933049907,1.3714967145,1.03610288064
Br6N3P3,-3.40409014299,2.41434618211,0.431746392108
Br6Na1O2W2,-1.09585095701,2.4119305925,0.96941903013
Br6Na3Sc1,-0.817662081398,1.72948713848,-0.838206052537
Br6Na3Y1,-0.693607110655,1.84092765962,-0.863576487457
Br6Nb2Se2,-1.06606848847,3.25088067791,0.904960317859
Br6Nb2Te2,-0.697219291036,3.35407683891,1.00804162333
Br6Nd4S3,-0.647702438224,2.67083123118,0.15072726345
Br6O10Pb13,-1.1119056817,2.89858496464,0.25058399582
Br6O1S8Ti4,-2.06444577906,1.79921668776,0.604666655545
Br6O1Sr4,-0.719837434187,2.32494617096,-0.303015025587
Br6Pb1Rb4,0.343680101462,2.72107628366,-1.44245629433
Br6Pb2Pd1,-0.840094288812,3.99287371517,0.505796080463
Br6Pb4Se1,-0.570710546145,4.34163161095,0.571181296264
Br6Pd1Rb2,-0.544942127719,3.0002482434,-0.661105778035
Br6Pd1Se2,-1.89466278297,3.98372929485,0.760413867875
Br6Pd1Te2,-1.48483034138,4.09839169596,0.874948651733
Br6Rb2Sn1,-0.753724093264,3.42297847239,-0.432551667896
Br6Rb2Te1,-0.951112247419,3.56460772021,-0.305690105835
Br6Rb2W1,-0.137702062852,3.03743478375,-0.0501049702408
Br6Rh2Se9,-1.26381901559,3.56303649627,0.833657307098
Br6Te1Tl2,-1.14941264756,4.43686620497,0.760365258237
Br6W1,-1.52549966742,4.14453035739,1.57195385459
Br7Cu7P12S9,-1.6815361839,1.32857469372,0.0471312618497
Br7Fe1Se1,-2.21743233128,4.09169971127,1.07549934109
Br7Fe1Te1,-2.0125161105,4.14903091182,1.13276673302
Br7Ga1Se1,-2.37180530944,4.34041531729,0.960004825436
Br7Ge2Rb3,-0.317276951176,2.83709849442,-0.366343286132
Br7Hg6In1Sb4,0.384690822932,3.71103249655,0.126533800243
Br7Hg6Sb5,0.319644266305,3.77370431197,0.23823112667
Br7In5,-0.670507939784,3.60294803873,0.314055930216
Br7La8Ni4,1.6543012357,1.77952991555,-0.118182461047
Br7Mn2Rb3,-0.172358616375,2.45460840381,-0.795254619557
Br7Nb3S1,-0.843579636049,2.71227295267,0.872303341269
Br7S1Ta3,-0.259357726788,3.07168794582,1.58069048086
Br81La48Os8,0.430286423354,2.99560937082,0.288058685982
Br8Cs2Re2,0.186466864116,3.32706798023,0.384827137643
Br8Fe7O18Sb10,-2.15475096835,1.66522975494,0.7554602795
Br8Ga2Pd1,-1.57720756231,3.66581210003,0.582613463736
Br8Gd5,0.161278917502,3.03183719832,0.281879332054
Br8Ge38P8,0.420906132532,1.49328539568,1.52767661735
Br8Hg2Pd1Rb2,-0.347406082196,3.32588624236,-0.509349989316
Br8Li6Mg1,-1.14966669824,0.701923388344,-1.29102447117
Br8Mn7O18Sb10,-2.20297167266,1.67234877122,0.62445448414
Br8N4P4,-3.40409014299,2.41434618211,0.431746392108
Br8Nb3,-0.804274559353,3.00512829936,0.937522061072
Br9Cr2Cs3,-0.189698825193,2.90608473504,-0.620748323699
Br9Cs3Er2,0.0900781050621,3.22497441228,-0.570994534088
Br9Cs3Ho2,0.0769226317544,3.23837085083,-0.608387066434
Br9Cs3Mo2,0.0909801990136,2.93379605488,-0.329173165742
Br9Cs3Sb2,-0.469622989558,3.68092779241,-0.337654038265
Br9Cs3Y2,-0.059266408392,3.07465855115,-0.641163699594
Br9Cs5Nb2S4,-0.0550495508539,2.46388586273,-0.821444416852
Br9Ir1Y5,0.0438237558811,2.60386219972,0.586519349123
Br9K3Mo2,-0.399387292015,2.3996233229,-0.22190645138
Br9Mo2Rb3,-0.189892298016,2.65847973796,-0.268966826096
Br9Nb2Rb3,-0.21701788547,2.68900636789,-0.408010439242
Br9Nb2S4Tl5,-0.605822080869,3.12397428834,0.448108597313
Br9O4Pb8Tl1,-0.905142943332,3.61322437243,0.405160454694
Br9Os2Rb3,0.0138007265536,3.11100667853,0.0921086030265
Br9Rb3Sb2,-0.750495486577,3.4056114755,-0.27744769862
Br9Rb3V2,-0.481876844037,2.69456388112,-0.340485384397
Br9Ta1Te1,-1.80302103447,4.34002384425,1.37782766485
Br9Te1W1,-1.76664054933,4.35836089754,1.44980449104
C10Br2Ge1O10W2,-1.60364305374,-1.29412931524,4.1470272568
C10Br2Mn2O10Sn1,-1.99618681732,-1.27404932351,3.74434613382
C10Br2O10Os3,-1.47449866677,-1.18687606896,4.21955037211
C10H40Br2Co1N20O10,-3.77004595579,-2.98676998287,-0.798698177014
C10H40Br2Mg1N20O10,-3.78774054058,-3.01959170442,-0.835130973303
C12Br1Co3O12Sn1,-1.85272056783,-1.56014910493,3.93427902779
C12Br6La10,1.503931062,-1.02012744346,3.28936987591
C12H24Br2N6P2Pd1,-2.6722707702,-3.69999117455,0.166841788436
C12H36Br2Co1N6O2P2,-3.06575093318,-3.8139942871,-0.572519195902
C12H36Br4Pt4,-2.29420707636,-3.78544028394,-0.501999073576
C13H35Br1Ge1O1Si3Zn1,-2.4645319308,-4.3321199787,-0.19345163268
C15Br1Fe3O15P1W1,-1.83424873074,-1.72783412858,3.97962162172
C15Br1Mn3O15Sn1,-1.99506299042,-1.68787567509,3.93957803184
C18Br2Mn4O18Sn2,-1.89490597801,-1.48179124083,3.77892611615
C18H54Br2N4P2Si6,-2.69669080269,-4.21334325744,-0.388420167217
C1Br12Sc7,-0.708347286904,1.84371353048,0.881797988133
C1Br18K4Zr6,-0.382510933006,2.2876354614,0.371128628068
C1Br1Gd2,2.06682159377,-0.00578485111294,1.8335557309
C1Br1K1N2O4,-3.49526959182,-0.0591685461758,0.68204490922
C1Br1N1,-2.41566478095,-0.22520332716,3.19141799021
C1Br1Pr2,1.99578275552,-0.0220329940579,1.5827251543
C1Br2F3O1Os1Tl2,-1.95367772218,1.99373082907,1.91699473467
C1Br2O3Pb2,-2.01054067125,1.79923966194,1.4951001966
C1Br3Eu2Li1N2,-0.928064676798,0.49426649814,0.304574873606
C1Br3F1,-3.23755826761,2.46711039414,2.85741560832
C1Br3Li1N2Sr2,-1.00572016607,0.208442113259,0.170977115365
C1Br4,-2.33539106361,2.97034621041,2.72750859426
C1Br5Ir1K2O1,-0.670077902555,1.79429058483,0.756224397728
C1Br5K2O1Os1,-0.617485217129,1.72195259647,0.806607402323
C1H13Br1K1N1O7,-4.02702570632,-2.62351026628,-1.76482842711
C1H2Br1Cu1N2,-2.34957734139,-1.82118070979,0.0852820958726
C1H3Br1Cl1F1,-3.90511884189,-1.32485063746,0.230674755493
C1H6Br1N3S1,-3.72428797757,-2.54136089233,-1.15357575043
C1H6Br3Cd1N3,-3.17190414616,-1.50017191257,-0.94010232782
C1H8Br1N5O3,-4.23669922694,-2.30546886024,-1.16590776462
C20Br2In2Mn4O20,-1.93269844573,-1.57893956766,3.80465903691
C20Br2In2O20Re4,-1.53746654293,-1.49058571841,4.12726389601
C20Br2Mn4O20Sn2,-1.95096347691,-1.53305153918,3.84814891242
C2B1Br2La3,1.45466096962,-0.418860548358,2.23816189539
C2Br10La6,0.120451746512,2.22529790428,1.02388619089
C2Br10Pr6,0.0960739734784,2.18032863338,1.06327960014
C2Br1Cs1N2Ni1,-0.384741106297,-0.88535969432,1.84523763748
C2Br1N2Ni1Rb1,-0.571989437657,-1.06890390561,1.88537519724
C2Br2Gd2,0.972495336561,0.000430014825357,2.86875459207
C2Br2Hg1K2N2S2,-0.978386802209,0.106756098859,0.692325915759
C2Br2Y2,0.658096806744,-0.453934206283,2.92123729376
C2Br3La3,0.987049040641,0.653423634174,1.91675525055
C2Br5Ce4,0.588069970384,1.39113729667,1.43011128009
C2Br5La4,0.63765039622,1.38085262337,1.44984715143
C2Br9Ce5,-0.0445567774115,2.19854941278,1.17483662445
C2Br9La5,-0.00194859896779,2.18971102165,1.19179713888
C2Br9Pr5,-0.0248027611911,2.14755233018,1.22872846006
C2H12Br4Cu1N6,-3.39212669227,-2.23499801449,-1.08570625678
C2H12Br4Hg1N6,-3.40970210987,-2.05498816647,-1.11359538206
C2H6Al1Br3Te1,-2.35786918183,-1.76507065981,-0.0868923162023
C2H6Br2N2S1,-3.25454539227,-2.28994474921,-0.28158105524
C2H6Br2S1,-2.97088455685,-2.57878388998,-0.27749567287
C2H8Ag1Br1N4S2,-3.10126112028,-2.48205813945,-0.777951763466
C2H8Au1Br1N4S2,-3.06372796081,-2.34806809141,-0.712933655221
C2H8Br1N1,-3.2499466518,-3.8147308413,-1.07723620278
C2H8Br1N1O1S1,-3.44983480097,-3.09526573852,-0.842656195879
C2H8Br2Cd1N4S2,-3.1904612423,-2.00879228018,-0.673872044789
C2H8Br2N4S2Se1,-3.41615293832,-1.88996313585,-0.570791176409
C3B2Br3Ce6,1.77777234597,-0.468413654108,1.82904598716
C3H12Ag2Br2N6S3,-2.96252039646,-2.30940381689,-0.749853717385
C3H12Br1Cu1N6S3,-3.28657700791,-2.70982542933,-0.794986499688
C3H9Br3P2,-2.88387730362,-2.59890669109,-0.372496131385
C4B2Br6Gd8,1.41123742072,0.125945543655,1.97458579008
C4Br18Dy10,-0.0273505790405,2.1461002919,1.38050598068
C4Br18Er10,0.0515390141677,2.06055690843,1.58819515282
C4Br20Gd10K2,0.0541079702069,2.07888479096,0.995185822176
C4Br2Cs2N4Pt1,-0.407498442602,-0.744073665198,1.89497463064
C4Br2F6Te1,-3.74079760777,0.682928054589,3.81597544647
C4Br2Fe1Hg2O4,-1.32188279313,-0.146002014283,2.80335460773
C4Br2K2N4Pt1,-0.759557154097,-1.12758229328,1.97198663069
C4Br2Mg2Na6O12,-2.14683725806,-1.07937811157,0.363560303905
C4Br2N4Pt1Rb2,-0.609150491735,-0.94173666195,1.938199695
C4Br3Ce4,1.2663935375,-0.401278741914,2.77050141354
C4H11Br2N1,-2.94072449093,-3.65203685386,-0.338648456526
C4H12Be1Br2S2,-2.78110763264,-3.40918098706,-0.460493301141
C4H12Br1Na1O2S2,-2.96824847257,-3.33633738668,-0.622245958798
C4H12Br2Mo1O4S2,-3.07502933969,-2.64403976013,-0.206633042531
C4H12Br3Cd1N1,-2.72051422665,-3.07082179621,-0.477256710377
C4H12Br4Fe1P1,-2.63646135784,-2.77530562439,-0.336952915575
C4H14Br4N2Sn1,-2.95179312445,-2.75174923857,-0.620910062277
C4H16Br4Mn1N2,-3.01814574777,-3.07343688745,-0.885698128491
C4H20Br2Mg1N8O6,-3.81365871448,-2.80829466082,-1.02387138186
C4H24Br6Cd1N12,-3.57317695204,-2.50325923442,-1.19781234455
C4H4Br2N4Na2O2Pt1,-2.12438840254,-1.88344501086,0.644714565174
C4H7B3Br1Mn1O4,-2.3661894645,-2.960857665,1.09005053761
C4H8Br2Cd1N8,-3.11092228812,-2.35852739219,0.0938839921563
C4H8Br4Si1,-2.42134269818,-2.46202529228,0.700256350111
C5Br1Mn1O5,-2.17380235051,-1.44503398624,3.89856138864
C5Br1O5Re1,-1.77857044769,-1.356680137,4.22116624774
C5Br3Cr1O5P1,-2.27104062405,-0.549064598712,3.22722848477
C5Br3O5P1W1,-1.98322686442,-0.420582718059,3.52435417903
C6Br4O6Ru2,-1.84917401147,-0.429158806704,3.42928406137
C6H12Br6Fe3O12,-3.171925745,-1.42370573833,0.523673807599
C6H18Br2N4S4,-3.19075368252,-3.11625313651,-0.436770708778
C6H18Br4P2Si1,-2.76269456334,-3.25705420598,-0.345268677536
C6H24Br2Ca1N12O6,-3.69382267745,-2.88222261873,-0.819152383583
C6H24Br2N12Ni1S6,-3.44398320128,-2.71789045054,-0.755421348028
C6H8B3Br1Mn2O6,-2.26817286478,-2.84389175116,1.37624156699
C7Br4O7W2,-1.63254814749,-0.54347066579,3.8258556892
C7H19Br2In1Si2,-2.38487919386,-3.92856958725,-0.16154614682
C8Br2Mn2O8,-2.09504362767,-1.31465781926,3.75635373209
C8Br4O8W2,-1.71755249451,-0.684692861731,3.89710514213
C8H20Br1Li1O4,-2.97158352938,-4.00563811159,-0.28528725071
C9H15Br2N3O5,-3.07173998568,-3.18237965906,0.700854893744
H10Br2N2O2,-4.24145629432,-2.51905228145,-2.23886788001
H10Br4Ca1O5Zn1,-3.63108760725,-1.40331037829,-1.64252226865
H10Br6O5Pb2Sr1,-3.21007162643,-0.454499403387,-1.34306056289
H10Br6O5Sn2Sr1,-3.30380653053,-0.521152096445,-1.29977452021
H12Au2Br2N4,-3.16880033941,-2.44249691164,-2.27649235032
H12B10Br2,-2.00716694568,-3.61483341667,-0.247499392557
H12B6Br1Cs3S4,-1.68048004587,-2.65108915389,-1.47586625005
H12B6Br1Cs3Se4,-1.34821090197,-2.36375531262,-1.45527332391
H12Br1N7P2,-4.12108533103,-2.69523650491,-2.20522685792
H12Br2Ca1O6,-4.09056168231,-2.32392286037,-2.05666877977
H12Br2Co1O12,-4.49169617192,-1.57853707077,-1.3456719063
H12Br2Co1O14,-4.58084985393,-1.41984798196,-1.21190321198
H12Br2Co1O6,-4.1223452036,-2.23596329587,-1.89985649708
H12Br2Cu1O12,-4.46161308909,-1.59440577387,-1.40545451078
H12Br2Mg1O12,-4.54609063628,-1.67943347405,-1.45766902081
H12Br2Mg1O6,-4.19228094349,-2.36568724294,-2.04385278717
H12Br2Ni1O12,-4.49961702933,-1.55835381927,-1.33430047413
H12Br2Ni1O14,-4.5882244453,-1.40105667884,-1.20131601652
H12Br2Sr7,-1.24492263803,-2.79968706406,-3.05776855745
H12Br3Eu1O6,-4.00523918704,-1.86501734214,-1.89211823576
H12Br4Cu1N2O2,-3.73389341637,-1.99010258617,-1.99947408698
H12Br6Ca1O6Zn2,-3.49531601307,-1.06608089865,-1.48781849548
H12Br6Mg1O6Zn2,-3.57443099397,-1.09856430731,-1.47785050124
H12Br6N4Sc2,-3.3340953709,-1.60143596089,-1.75454054678
H12Br6O6Zn3,-3.55616852105,-0.95982561566,-1.42952621904
H13B10Br1,-2.04752747803,-4.03004647177,-0.461827252799
H14Br14O6W6,-2.19215740918,-0.0160653505179,-0.311322243942
H15Al1Br3N5,-3.87358562619,-2.7471761779,-2.33759752603
H15Br3N5Rh1,-3.72813198937,-2.69644465542,-2.32536992193
H16Br3N1Ni1O6,-4.10667179462,-2.30600166378,-2.00755873236
H16Br4Ca1Hg1O8,-3.88529634843,-1.8130253726,-1.88826574422
H16Br6Cd2O8Sr1,-3.62457646362,-1.31748744281,-1.67944785229
H16Br6Hg1N4,-3.67687226171,-1.86473728386,-2.13108264798
H18Al1Br3O18,-4.62907241209,-1.61226810988,-1.38907300057
H18Br2Cl1Co1N6O3,-4.11502546246,-2.58469023708,-2.10779923629
H18Br2Cl2Cr1Cs1N6O8,-4.07966660211,-1.95770451482,-1.80442559866
H18Br2Mg1O9,-4.32307906931,-2.58835749222,-2.14945737451
H18Br4Cl1Co1Hg1N6,-3.64838589033,-2.23334239251,-2.13569091262
H18Br5Cr1Cu1N6,-3.54809033168,-2.38085720747,-2.17601444001
H18Br6Cr2N6,-3.54043130872,-2.1908438072,-2.07135634575
H18Br6O8Te1,-4.15691459304,-1.54182011459,-1.71451519738
H18Br7N6Ru2Zn1,-3.28185505297,-1.8304331238,-1.84364825066
H1As1Br3F6O1P1,-5.15432824175,2.07552756643,0.990290420977
H1As2Br3F11P1,-5.49543749,2.21196521859,1.29242564604
H1Ba1Br1,-0.606408290199,-0.082231324994,-1.86511207016
H1Br1,-3.56587337562,-0.040552808227,-1.31885487534
H1Br1Ca1,-1.18716785772,-0.941636020247,-1.7360958704
H1Br1K2O1,-1.08645576336,-0.689888710916,-2.6118254279
H1Br1O1Pb1,-2.38119162103,1.0676909999,-0.629997020785
H1Br1O1Rb2,-0.695398441217,-0.206690069458,-2.6996714607
H1Br1O1Sr1,-2.20682440872,-0.139667096946,-1.2262849053
H1Br1Sr1,-1.01429102462,-0.427041034958,-1.83303792752
H24Br6Cd1Mg2O12,-3.98455343941,-1.95876322738,-1.88054815812
H26Br12O15Sn4,-3.85936460014,-0.862134190925,-1.351600584
H26Br4O14Sc2,-4.18002642449,-2.29831129128,-1.94683347607
H27Br3Cr2N6O6,-3.9819887763,-2.85923341615,-2.30672498231
H28Br5N9O2Pt2,-3.75610438119,-2.53840784279,-2.22835839975
H2Ba1Br2O7,-4.12016196243,0.394115285685,-0.339602235946
H2Br1Li1O1,-3.19416632414,-1.72256292439,-2.08985697853
H2Br1Li1O5,-4.34539220721,-0.635888417061,-0.897043138547
H2Br1Li2N1,-2.33425793189,-2.37794217787,-2.64367830292
H2Br1Na1O5,-4.19131858957,-0.530779589238,-0.952427156934
H2Br1O6Rb1Se2Zn1,-3.22692197357,0.438056438804,-0.642276625772
H2Br2Cs2Hg2I4O1,-0.543195415289,2.32991264098,-1.19192879284
H2Br2O1Sr1,-2.65984073102,-0.106629000704,-1.25714156197
H2Br2O7Sr1,-4.22213264604,0.30791285819,-0.331583700287
H3Ag1Br1N1,-2.56638683101,-1.84435534974,-1.99313853315
H3Ba2Br1,-0.767850419583,-1.74308354536,-2.72242351111
H3Br1Ca2,-1.34860998711,-2.60248824062,-2.59340731134
H3Br1Eu2,-1.05924992009,-1.65915667798,-2.48995273111
H3Br1Li4O3,-2.60029655821,-2.26219794697,-2.4269460076
H3Br2K3O7Pt1S2,-2.72999356749,-0.0446925618113,-1.08887605967
H3Br3Ga1N1,-3.07889821478,-0.00790005578101,-1.12727752039
H44Br12Cd3Co2N12O4,-3.65576190386,-2.1433853848,-2.07600713377
H4Au1Br4Na1O2,-2.69912766354,0.00081291349532,-1.20343944965
H4Ba1Br2O2,-3.18002447461,-0.992123232876,-1.6474084483
H4Br1N1,-4.01617100495,-2.64196058322,-2.43568800057
H4Br1N1O4,-4.72347242739,-1.2961944631,-1.22382313577
H4Br1Na1O2,-3.55862414384,-2.12382492415,-2.26691816162
H4Br1Na5O4,-2.17921672976,-2.04899922647,-2.64287586091
H4Br1P1,-3.65348877543,-2.44595458781,-2.46420000224
H4Br2Cd1O8,-4.38035337934,-0.206552077951,-0.639614237062
H4Br2Co1O2,-3.44777254678,-1.07335248081,-1.23850772213
H4Br2Mn1O2,-3.47342930266,-1.11964269039,-1.38170989696
H4Br3Cd1N1,-3.03623679735,-0.515249392007,-1.48855311756
H4Br3K1O2Zn1,-2.84955612991,-0.521983910521,-1.55639566356
H5Br1O2,-4.36267436607,-2.34107925744,-2.12661477756
H5Br3Cd1N2,-3.29009190246,-0.941971224759,-1.59925617404
H6Br1Cu1N2,-3.32970730767,-2.79244184863,-2.35914073029
H6Br1Li1O7,-4.45854520281,-1.62470161312,-1.49657311446
H6Br1Na1O5,-4.14789741242,-1.91303493696,-1.85653855423
H6Br6N2Sc2,-2.88048314654,-0.430821705989,-1.13475853858
H7Br6O3Sb1,-3.6858732498,-0.02858920237,-0.995597078602
H8Br1N4P1,-4.09860368974,-2.68382023599,-2.2546113885
H8Br2Ca1O12,-4.53945841912,-1.05979190818,-1.04621924409
H8Br2Co1O4,-3.91997340655,-1.88718005136,-1.70145186459
H8Br2Cu1O4,-3.86582385745,-1.91574371693,-1.80906055263
H8Br2Fe1O4,-3.91561993356,-1.91786958378,-1.73372317711
H8Br2Mn1O4,-3.9353674601,-1.91495417711,-1.78737316949
H8Br6N2Re1,-3.12385757338,-0.716972286611,-1.23005996502
