Ag1Au1Cl4,-1.77825558732,2.55203057522,0.787338017676
Ag1Au1Cl6Cs2,-0.892994825601,2.2894662323,-0.428017597241
Ag1Bi2Cl1Se3,0.135621810004,3.24238066768,0.361821238166
Ag1Cl1,-0.256014979302,1.55317580621,0.135339671289
Ag1Cl2Cs1,0.0894406688424,1.72439776206,-1.05785567416
Ag1Cl3Cs2,0.204592551556,1.78147174735,-1.45558745597
Ag1Cl3Rb2,-0.232320221596,1.35320192102,-1.36193314986
Ag2As4Cl6Hg6,-0.0527104171652,2.46368030185,0.161995904632
Ag2Cl4Pd1,-1.02850096078,1.70362472968,0.219985026375
Ag2Cl6Re1,-1.58350440106,2.14833385145,1.09677382684
Ag5Cl1Te2,2.38277204306,1.29561637051,-0.287677759786
Al1Bi2Br1Cl4Se2,-1.98031695911,3.2414420216,0.889082046375
Al1Cl3,-3.59415584734,2.03163465715,1.13475687625
Al1Cl4Cs1,-2.25113845923,1.98629634407,0.00615424429517
Al1Cl4Cu1,-2.6370210267,1.69087695599,0.858924832712
Al1Cl4Ga1,-2.99307068423,2.05863569791,0.874026498072
Al1Cl4Hg2Sb1,-1.43146948307,2.58462626753,0.484677171163
Al1Cl4In1,-2.80536865018,2.19977303473,0.840770374555
Al1Cl4K1,-2.6325353967,1.57082866365,0.0895839110228
Al1Cl4Li1,-3.09026986209,1.2065523427,0.255073189335
Al1Cl4Na1,-2.85915943565,1.36421558442,0.171997161768
Al1Cl4Tl1,-2.61832014591,2.42635529448,0.852522920412
Al1Cl6I1,-3.90807776739,2.97236352401,1.26908894352
Al1Cl6I3,-3.40774082071,3.50206692342,1.23430492169
Al1Cl7Se1,-4.04143530436,2.78779137326,1.24813799994
Al1Cl7Te1,-3.83651908356,2.84512257381,1.30540539186
Al1Cl8Nb1,-3.49108476668,2.2685813856,1.21659218835
Al2Ba1Cl8,-3.06925412503,2.07046802366,0.830252002063
Al2Bi2Cl12,-3.38703846218,2.82134833629,1.14803575646
Al2Ca1Cl8,-3.22764309799,1.83608492496,0.865438238361
Al2Cd1Cl8,-3.2854844025,2.20647708039,0.981944502991
Al2Cl8Co1,-3.28832072953,2.0040077299,1.16480714166
Al2Cl8Cu1,-3.21448043529,1.96505727685,1.0180680216
Al2Cl8Eu1,-3.14872671607,2.09335716931,0.893653123875
Al2Cl8Mg1,-3.42183441477,1.75635292187,0.889905133305
Al2Cl8Ni1,-3.30776283404,2.05354843813,1.19271883879
Al2Cl8Pd1,-3.17533578063,1.99688610365,0.916053773588
Al2Cl8Se4,-3.17792363132,2.66384261779,1.0548934772
Al2Cl8Sm1,-3.11382500073,2.09570071385,0.91988807114
Al2Cl8Sr1,-3.18049487078,1.97642901185,0.838999495508
Al2Cl8Te4,-2.6509962064,2.81126570494,1.202152485
Al2Cl8Ti1,-3.25310931119,1.85929148624,1.07846412051
Al2Cl8V1,-3.24180709549,1.89270600315,1.15082814216
Al2Cl8Yb1,-3.15420819399,2.10797169748,0.891632909744
Al3Bi5Cl12,-2.24009344227,2.82374500124,0.938465720686
Al3Cl12Dy1,-3.33824413826,2.14684579194,1.0529739865
Al3Cl12Ho1,-3.32822173919,2.13559805711,1.07815258802
Al3Cl12Na1Ni1,-3.14943222284,1.81025448976,0.832464129252
Al3Cl12Y1,-3.38780444425,2.063973926,1.06381281101
Al4Bi4Cl16Se4,-2.58991294512,2.78162747661,0.977352875533
Al4Bi4Cl16Te4,-2.32644923267,2.85533902018,1.05098237944
Al4Cl14Te4,-2.99396334856,2.52776350574,1.17764499091
Al4Cl16Nb2Se4,-2.80878247166,2.15056872748,1.04042225223
As1Ca3Cl3,-0.643570483213,0.460989734316,-0.246061520612
As1Cd2Cl2,-0.837442004253,2.15510566466,0.381022660356
As1Cd3Cl3,-0.916250918771,2.20712418137,0.303182298335
As1Cl2Hg2,-0.700778724517,2.89295700931,0.261074889474
As1Cl3,-3.8039307292,2.86458386827,1.49732573432
As1Cl5,-4.25613223234,3.02433247246,1.50027440164
As2B4Cl4,-1.74729815788,0.168393315495,2.42635928267
As2Cl3Hg3Tl1,-0.143962364649,2.8331515825,0.195932646274
As2Cl6Hf1Hg4,-0.820608291145,2.68284200007,0.499334848834
As2Cl6Hg4Zr1,-0.964296605643,2.61777699264,0.453223234377
As2Cl9Cs3,-1.98729056654,2.44931351812,-0.109121445944
As4Bi1Cl7Hg6,-0.702467327757,2.92098834836,0.389990341386
As4Bi3Cl13Hg8,-1.12616023073,3.13630591599,0.469020945878
As4Cl7Hg6Mo1,-0.552666793307,2.54397064806,0.442356877565
As4Cl7Hg6Ti1,-0.673123248582,2.53758338783,0.370321647227
Au1Bi1Cl6,-2.85964848418,3.33125998758,1.13732591377
Au1Cl1,0.081783455913,2.75908623866,0.720502645484
Au1Cl1Te2,0.285938023745,3.43166602561,0.952718361187
Au1Cl3,-2.53937589134,3.05145795973,1.11333719086
Au1Cl3Cs1,-0.82543513856,2.53064831879,-0.310985002402
Au1Cl4Cs1,-1.54795182189,2.66617854578,-0.008125545962
Au1Cl4K1,-1.92934875935,2.25071086536,0.0753041207591
Au1Cl4Na1,-2.15597279831,2.04409778614,0.157717371515
Au1Cl4Rb1,-1.76640820847,2.45204363263,0.0387016070978
Au1Cl4Tl1,-1.91513350857,3.10623749619,0.838243130138
Au1Cl7Se1,-3.57264421281,3.2410461744,1.23861813977
Au1Cl7Te1,-3.36772799201,3.29837737496,1.2958855317
B12Cl12,-2.25059339708,-0.146219963298,2.66525217119
B1Cl3,-3.70556431783,1.59880485875,2.08571195372
B2Cl4,-3.22057401091,1.01712991808,2.27889202621
B4Cl4,-2.25059339708,-0.146219963298,2.66525217119
B4Cl5La4,-0.157066029473,0.191230637375,1.17389693626
B8Cl8,-2.25059339708,-0.146219963298,2.66525217119
Ba1Br1Cl1,-0.976520115129,2.7067483917,-0.0661250920333
Ba1Cl2,-1.66951619884,2.17402366768,0.0182390042218
Ba1Cl4Pd1,-1.86399923412,2.039123481,0.175542252024
Ba1Cl4Zn1,-2.23373226849,2.22247009352,0.345062348107
Ba1Cl5Gd1,-2.1629077067,2.36130437092,0.471598766963
Ba2Cl7Er1,-2.00466865388,2.27403199641,0.400454064506
Ba2Cl7Eu1,-2.10603795297,2.31618232921,0.236773511422
Ba2Cl7Gd1,-2.01489025434,2.30512015996,0.335590838143
Ba2Cl7Sc1,-2.23326478403,2.05737037249,0.376706083572
Ba3Cl1In1Se4,0.896151505338,2.10315494826,-0.632130493229
Ba4Cl12Co2,-1.937264271,2.09279441976,0.427139730393
Be1Cl2,-3.17598816224,0.570703972913,0.651015948913
Be1Cl4Cs2,-1.11262560268,1.32779868434,-1.0073080331
Bi12Cl14,-1.50401678645,3.83718168319,0.869512475506
Bi12Cl2Rh3,2.1535056026,3.38697564531,0.32206987726
Bi1Cl15W6,-1.2627909843,2.30583366085,1.9832055075
Bi1Cl1Se1,-1.25092240881,3.78161790256,0.767480874584
Bi1Cl1Te1,-0.636173746437,3.95361150423,0.939283050373
Bi1Cl3,-3.17992107702,3.61106201543,1.16131463668
Bi1Cl6Cs1K2,-1.46870696558,2.0832354204,-0.785989157022
Bi1Cl6Cs2Na1,-1.37584322647,2.20854818112,-0.786599006614
Bi1Cl6Cs3,-1.01103064061,2.58179663692,-0.886104757097
Bi1Cl6Tl3,-1.67195767663,3.37390274766,0.637358859901
Bi2Cl8Hg3Te2,-1.66355418844,3.55400439944,0.660406239275
Bi2Cl9Cs3,-1.63071362245,2.87587245934,-0.30112778745
Bi48Cl56,-1.50401678645,3.83718168319,0.869512475506
Bi4Cl14Se4,-3.02801914962,3.5826232563,1.10324944805
Bi5Cl12Ga3,-2.16903061284,3.24170444502,0.815232838317
Bi6Cl10Pt1,-1.73923976717,3.64314831755,0.981325773655
Bi6Cl20Te4,-2.82262686533,3.65900436608,1.18745436869
Br1Cl1,-4.12104111301,4.14291676684,1.37962559186
Br1Cl1Pb1,-1.61689246596,3.97174947754,0.760999563281
Br2Cl2Cu1Rb2,-0.475707554006,1.93882300657,-0.975395655963
Br2Cl6I3Sb1,-3.31761465004,4.13883249418,1.31988922477
Br3Cl9Cs3Re3,-0.85302726146,2.52798089419,0.511373282026
Br6Cl8Cs2Mo6,-0.680132814636,1.95709647983,0.634879498178
Br6Cl8Cs2W6,-0.0385546623615,2.42980074459,1.29375021852
C10H27Bi1Cl2Si3,-2.50042156703,-4.16287621974,-0.118781643282
C12Cl6Gd10,1.0830565644,-1.39916888277,3.56497585956
C12H21B10Cl2Co1,-1.6975695709,-4.24026955373,1.38639736141
C14Cl9La14,0.988551994829,-1.01734499498,2.91411748366
C14Cl9Pr14,0.960879928148,-1.06839119438,2.9588343266
C14H38Cl1In1Si4,-2.47244489717,-4.51247879377,-0.215886726926
C16H44Cl2Pt1Si4Te2,-2.43221864116,-4.20075758975,-0.186648367283
C16H44Cl4Pd2Si4Te2,-2.43499523995,-3.9879619967,-0.204921785807
C18H42Cl4Si5,-2.52498833828,-4.27464577389,0.223954478194
C1B1Cl3La3,0.208692923052,0.214110163653,1.41155328694
C1Cl14Ti6,-2.46940817673,1.28410235956,1.3498985975
C1Cl14Zr6,-2.04001188643,1.54193142242,1.49164226512
C1Cl15K1Zr6,-1.92429733069,1.46430405321,1.18795493602
C1Cl15W6,-1.3588222923,1.88178623453,2.36950013674
C1Cl18Li1W6,-1.70692910351,1.81537430574,2.00510608124
C1Cl18Na1W6,-1.65359592817,1.85175813076,1.98593469026
C1Cl18W6,-1.81502784586,2.05723144809,2.26590072868
C1Cl1Gd2,1.54707453099,-0.405328394129,1.89682880309
C1Cl1La2,1.51260235228,-0.354122630715,1.58690811261
C1Cl2Gd2,0.205552577073,0.344503220858,1.81869738972
C1Cl2Lu2,0.413151953313,0.213625718706,2.22417667363
C1Cl2Sc2,-0.667945541696,-0.646495929012,1.98315837143
C1Cl3Gd3,0.173861144591,0.720273762297,1.33251683317
C1Cl8W2,-2.27395279741,1.86852107783,2.5131817878
C1H3Cl3Te1,-3.31160997298,-0.731234739054,0.332038359065
C20Cl13La20,0.971977635708,-1.00558980717,2.91032248164
C26Ce26Cl16,1.00101088777,-1.05234162185,2.9081551415
C2Ce2Cl1,1.28538993976,-1.25524183581,2.9728620679
C2Ce5Cl10K1,-1.15791064943,1.22731424495,0.948538475067
C2Ce5Cl9,-1.21398766868,1.29957644099,1.31720103688
C2Cl10K1La5,-1.12003671303,1.21945789728,0.963614487891
C2Cl14Si6,-2.96094773142,1.19756607656,2.70188967271
C2Cl16Si6,-3.14424669035,1.37642137692,2.60224651133
C2Cl1La2,1.33992840817,-1.26655497646,2.99457152636
C2Cl5La4,-0.30734426341,0.654409817873,1.56488910087
C2Cl5Pr4,-0.333938197633,0.605352431434,1.60786372915
C2Cl9La5,-1.17137949024,1.29073804986,1.33416155131
C2Cl9Pr5,-1.19423365246,1.24857935839,1.37109287249
C2H6Al1Cl3Se1,-2.97950077726,-2.17357091528,-0.0681330593607
C3Cl20Si8,-3.01673450202,1.22413816239,2.71415272393
C3H9Cl1Si1,-2.76404325381,-4.17038862925,-0.294128748686
C4B2Ca9Cl8,-0.227672430011,-1.08179396543,1.35059735143
C4Cl17Gd10,-1.02045693144,1.19147331117,1.52856166823
C4Cl18Gd10,-1.14983437855,1.25873444773,1.52786198286
C56Cl10,-0.231035227416,-3.66475192909,7.54658071999
C60Cl12Ti3,-0.174694939501,-3.49755594942,7.13207589662
C6H18Cl4Cu1Se2,-2.85947145922,-3.24796562708,-0.380992344506
C76Cl28,-0.914935641064,-2.69240750244,6.70855694615
C8Cl5La8,1.03038252023,-1.04701284992,2.92369534588
C8Cl5Pr8,1.00252220818,-1.09840630239,2.96871638502
C8H24Cl6In2Se4,-2.7950196554,-2.77300736877,-0.333253469927
Ca1Cl2,-2.25027576635,1.31461897244,0.147255203981
Cd1Cl2,-2.46236054957,2.67272354236,0.574444840943
Cd1Cl3Cs1,-1.30345780294,2.36188201258,-0.555753503275
Cd1Cl3K1,-1.7611341279,1.86332079606,-0.455637903206
Cd1Cl3Rb1,-1.56560546683,2.10492011679,-0.499560919604
Cd1Cl3Tl1,-1.74407582695,2.88995275308,0.459888908055
Cd1Cl4Cs2,-0.806785197248,2.22866421411,-1.04012422222
Cd1Cl4Na2,-1.84910687112,1.1622400547,-0.755822077976
Cd1Cl4Rb2,-1.18128185996,1.86157579154,-0.959849102693
Cd1Cl6K1Rb3,-0.920773426903,1.53053580462,-1.35832789806
Cd1Cl6K4,-1.18740341927,1.20108218544,-1.2984328757
Cd1Cl6Rb4,-0.831896762772,1.64035367769,-1.37829290552
Cd1Cl8Na6,-1.60380539972,0.558046659641,-1.28792884556
Ce10Cl4Ga5,2.03666473836,0.991852495184,-0.918003848261
Ce1Cl1Te1,0.15802239666,2.5181134743,0.248316644459
Ce1Cl3,-2.58427396969,2.53443849298,0.643089832239
Ce1Cl6Cs2,-1.52867176105,2.3404513916,-0.547297001464
Ce1Cl6Cs2Na1,-1.13758438353,1.77789877214,-0.993888928388
Ce3Cl1Ga4,2.07349154536,0.898550997681,-0.94205711431
Ce9Cl3Sb16,1.97731150505,2.02463123686,0.112953942815
Cl10Co1W2,-2.5446918961,2.40469415285,1.75035369481
Cl10Fe1W2,-2.53966865804,2.36928315391,1.71311756499
Cl10Fe2W2,-2.14625723061,2.10312045891,1.60778133806
Cl10Nb2,-3.42237071289,2.42654587123,1.27114906309
Cl10Pd1Te2,-3.57534950259,3.12859991958,1.18598296486
Cl10Pd3Tl4,-1.4035017864,2.52143424718,0.311767621655
Cl10Re2,-3.06466915518,2.74435518647,1.80596291544
Cl10Sc7,-1.7319392298,0.936753267208,0.531499916114
Cl10W2,-2.99864865671,2.6798062981,1.83600982975
Cl11Co1La6,-1.23210901917,2.01963152035,0.32994865405
Cl11Cs1Hg5,-2.02101909486,3.12383731644,0.153836672877
Cl11Cs1Nb4,-1.85385950561,1.78687772108,0.683984882033
Cl11Dy5,-1.92300245409,2.27964157514,0.632988712472
Cl11Hg5Tl1,-2.15061263136,3.27915224012,0.452555029163
Cl11Ir1Pr6,-1.06451645253,2.10878227564,0.501039778392
Cl11Nb3Rb1V1,-2.05165644495,1.70900854068,0.731087275929
Cl11Nb3Tl1V1,-2.10742843249,1.95433123952,1.03091534708
Cl11Nb4Rb1,-1.93578065057,1.70657712864,0.701545064432
Cl12Cs3Re3,-1.19952530333,2.26161853217,0.553555330158
Cl12Hf1Se2,-3.86491864778,3.10414684873,1.35209177344
Cl12Hf1Te2,-3.61901918284,3.1729442894,1.42081264376
Cl12Mo1Se2,-3.94509324175,2.99526177323,1.3654971282
Cl12Mo1Te2,-3.69919377681,3.06405921389,1.43421799853
Cl12Mo6,-1.62091314983,1.43803325845,1.36056148728
Cl12Os1Se2,-3.85003649697,3.20644101218,1.53399899515
Cl12Os1Te2,-3.60413703201,3.27523845285,1.60271986547
Cl12Rb3Re3,-1.41798168989,2.04748361902,0.600382483212
Cl12Re1Se2,-3.81467122615,3.13663125996,1.51453564969
Cl12Re1Te2,-3.5687717612,3.20542870065,1.58325652001
Cl12Sc7,-2.09284407283,1.19012973181,0.63409694982
Cl12Se2Zr1,-3.98944852034,3.04775717564,1.31212837424
Cl12Ta2Te4,-2.50804748135,3.04771683425,1.56670597559
Cl12Te2Zr1,-3.74354905539,3.1165546163,1.38084924456
Cl12Te4W2,-2.46358244395,3.07012878829,1.65467765205
Cl12Zr6,-1.84268954274,1.70051027047,1.09371771741
Cl13Li1Mo6,-1.667071624,1.24986870399,1.0740759201
Cl13Mo6Na1,-1.59773849607,1.2971676765,1.04915311183
Cl14Co1W6,-1.07047612345,2.00357620231,2.03428981745
Cl14Cu2Mo6,-1.45761101083,1.36009294849,1.16905226152
Cl14Cu2W6,-0.816032858564,1.83279721324,1.82792298185
Cl14Fe1W6,-1.06736649989,1.98165510773,2.01123887994
Cl14Fe1Zr6,-1.92959004383,1.71142141208,1.09227013208
Cl14Ga4Te4,-2.90782658561,3.03438101334,1.02827180016
Cl14Hg1Mo6,-1.72485048314,1.70225703052,1.23397961269
Cl14Mo6Pb1,-1.71933820693,1.72388918633,1.2869617976
Cl14Rh2Se4,-3.42361838515,2.98959439064,1.21962320478
Cl15Co1Zr6,-2.07941946608,1.80654646913,1.13308700899
Cl15Gd11Ir3,0.0177428095651,1.87728441096,0.616525638159
Cl15Gd11Ru3,-0.130410813092,1.59978886746,0.368949156962
Cl15Ni1Zr6,-2.08914051834,1.83131682325,1.14704285756
Cl15Ta6,-1.56878262295,2.14787314293,1.84539558564
Cl15Zr6,-2.31666749928,1.93527018623,1.15263972009
Cl16Hg3Tl10,-1.18859466237,3.23808028791,0.345913636596
Cl16Mo1Te3,-3.78199775074,3.17202263722,1.43614455
Cl16Re4Se4Te4,-2.01307721377,2.97354460831,1.59772391183
Cl16Re4Te8,-1.74961350132,3.04725615188,1.67135341574
Cl18Cs1Fe1La1Zr6,-1.84638325905,1.84594667444,0.780081618878
Cl18Cs1Pb1Ta6,-1.50016569605,2.27744806531,1.41489600916
Cl18In4Ta6,-1.34308049607,2.21606802285,1.40248266184
Cl18W6,-1.91770536575,2.34779460673,2.00092887649
Cl19Li1Nb6,-2.51707379171,1.78240271624,0.949181425673
Cl1Cr1Gd8Te13,2.06533257538,2.34504568815,0.250534904275
Cl1Cr1Sm8Te13,1.8818340997,2.3924894038,0.00719965304162
Cl1Cs1,0.434896316988,1.8956197179,-2.25105101961
Cl1Cs6Dy21Se34,1.51888999443,2.04413356555,-0.626255273691
Cl1Cs6Ho21Se34,1.57320493132,1.98317809938,-0.48980349768
Cl1Cs6Ho21Te34,2.58456563394,2.26613531502,-0.207161208478
Cl1Cu1,-0.722751385401,1.00936155368,0.307260745652
Cl1Cu1Hg1Se1,0.118997715365,2.19553193551,-0.0762073340066
Cl1Cu1Se2,-1.03845239049,2.29881328062,0.48839414759
Cl1Cu1Te2,-0.116329396911,2.55680368313,0.746097411272
Cl1Ga1Te1,-1.0305693748,2.7765071238,0.630021853425
Cl1Ga4La3,2.12462135949,0.887944928323,-0.921704496991
Cl1I1,-3.28346413628,4.48235510093,1.30067028532
Cl1I1Pb1,-1.0585078148,4.19804170027,0.70836269225
Cl1I1Sn1,-1.43344743118,3.93143092802,0.881506862968
Cl1In1,-1.22779425583,2.53604978987,0.252797371153
Cl1In1K6Te4,1.82970494509,0.768058738697,-2.31673696673
Cl1In1Te1,-0.655165306701,3.05878179743,0.563509606399
Cl1K1,-0.709294495412,0.6492166766,-2.00076201943
Cl1La1,0.0601603847122,1.71090587934,-0.19285524867
Cl1La1Se1,-0.41127754205,2.33669225542,0.0946056840635
Cl1La1Te1,0.203471120339,2.50868585709,0.26640785985
Cl1La5Sn3,3.11594474873,1.35805420188,-0.86929993076
Cl1Li1,-2.08249789158,-0.443612286217,-1.50429418449
Cl1Na1,-1.38916661227,0.0293774389431,-1.75352226719
Cl1Nd1Te1,0.160757344394,2.47494164534,0.299865033651
Cl1Pr1Te1,0.179093347297,2.46371658618,0.305801269106
Cl1Rb1,-0.220472842741,1.25321497842,-2.11056956043
Cl1Rh1Te1,-0.0248576790763,2.25356053969,1.00169353606
Cl1Sc1,-0.997240085046,0.420951178594,0.32264166895
Cl1Se2Tl5,1.4084183416,3.24489712291,-0.225635219845
Cl1Tl1,-0.66664874304,3.21579656914,0.288055008716
Cl1Y1,-0.376965231326,0.978153784251,0.195789494347
Cl1Zr1,-0.183766694806,0.878850565302,0.887490707992
Cl2,-5.16053523858,3.3438296808,1.50617173624
Cl24Cu1Ga6Sb7Te8,-2.08708487904,2.97921707762,1.02172884121
Cl29Cs11Tl6,-1.312141061,2.61780758246,-0.60853046722
Cl29Ga8Sb7Se8,-2.63692522978,2.9369862666,0.955705824932
Cl2Co1,-2.47276041532,1.93033592388,1.24494118272
Cl2Cr1,-2.27583087295,1.37337351213,0.680219452036
Cl2Cs1Cu2I1,0.288821549489,1.68428941512,-0.614010326411
Cl2Cs1I1,-1.42428390965,3.18898740942,-0.475190367151
Cl2Cs1Li1,-0.823800787294,0.726003715842,-1.87767260205
Cl2Cu1,-2.20201266981,1.78751759605,0.706897742524
Cl2Eu1,-1.96091569934,2.25795053507,0.250709784207
Cl2Fe1,-2.4509930504,1.77688826179,1.08358462015
Cl2Ge3La3,1.36607535062,1.2333295997,0.419760284981
Cl2Hg1,-2.3484744831,3.28759966291,0.474488365208
Cl2Hg2,-0.942444105376,3.25948465396,-0.0413533203043
Cl2Hg3Se2,-0.45749088354,3.34137260829,-0.0593195084378
Cl2Hg3Te2,0.0694365413725,3.48879569544,0.0879394993772
Cl2I1K1,-1.99637931585,2.56578588876,-0.35004586706
Cl2I2Ta1,-1.1446515258,3.4174804404,1.57922727009
Cl2La3Si3,1.05319831746,0.200538628913,0.98613197956
Cl2Li1Rb1,-1.15148536716,0.4048013461,-1.80743187246
Cl2Mg1,-2.9623105946,1.02226829443,0.236967152127
Cl2Mn1,-2.549730683,1.79146529515,0.815334658222
Cl2Nb1Se2,-1.55218507055,2.34086324002,0.889486853775
Cl2Nd1,-1.72278526567,2.22146960139,0.406944253432
Cl2Ni1,-2.54404813188,2.11198518739,1.34728407221
Cl2Pb1,-2.30988854967,3.43902475352,0.845363659538
Cl2Pd1,-2.05848226939,1.90422329431,0.332845499815
Cl2Pd1Se6,-1.58892968685,3.02691776982,0.557300199638
Cl2Pd1Se8,-1.54624308843,3.12898090395,0.577705172335
Cl2Pt1,-1.61810752651,2.90210994528,1.29090141141
Cl2Re6Se8,1.45835437059,2.11722973195,1.76237979608
Cl2Ru1Te8,-0.134020553154,3.48697071117,1.19923779242
Cl2Se2,-3.25734431708,3.46604734418,1.08784964288
Cl2Si1,-3.11768027095,1.63840905788,2.17659883135
Cl2Sm1,-1.83294274313,2.2665435317,0.346904590852
Cl2Sn1,-2.68482816605,3.17241398127,1.01850783025
Cl2Sr1,-2.07739893325,1.82921395773,0.0503131468516
Cl2Ti1,-2.34365188145,1.39970969714,0.92835010521
Cl2Tm1,-1.71486591364,2.17979186683,0.67246240727
Cl2V1,-2.30221042389,1.52222959251,1.19368485127
Cl2Yb1,-1.98101445178,2.31153713835,0.243302332413
Cl2Zn1,-2.79794833811,2.27091651935,0.671885691973
Cl2Zr1,-1.84268954274,1.70051027047,1.09371771741
Cl36Co4Y20,-1.43393360243,1.48401366505,0.580337464276
Cl3Co1Cs1,-1.3096977224,1.91644944149,-0.153455698209
Cl3Co1Rb1,-1.57184538629,1.6594875457,-0.097263114538
Cl3Co1Tl1,-1.75031574641,2.44452018199,0.862186713124
Cl3Cr1,-2.99700696436,1.8659875543,0.886707523085
Cl3Cr1Cs1,-1.19153999698,1.58227199444,-0.492288736624
Cl3Cr1Rb1,-1.45368766087,1.32531009865,-0.436096152953
Cl3Cs1Cu1,-1.14724907508,1.8307584448,-0.476281762335
Cl3Cs1Cu2,-0.336868817941,1.30478094175,-0.545509842771
Cl3Cs1Eu1,-1.00259089281,2.11301820821,-0.749994537314
Cl3Cs1Fe1,-1.29663730344,1.82438084424,-0.250269635758
Cl3Cs1Hg1,-1.23512616308,2.73080768491,-0.615727388719
Cl3Cs1Li2,-1.24336648872,0.336131715153,-1.75321312953
Cl3Cs1Mg1,-1.60342782996,1.37160886383,-0.75824011657
Cl3Cs1Mn1,-1.35587988301,1.83312706425,-0.411219612911
Cl3Cs1Ni1,-1.35247035233,2.02543899959,-0.0920499645235
Cl3Cs1Pb1,-1.21197460301,2.82166273927,-0.393202212125
Cl3Cs1Sc1,-1.25704455494,1.59539429476,-0.470129393016
Cl3Cs1Sm1,-0.92580711908,2.11817400619,-0.692277653331
Cl3Cs1Sn1,-1.43693837283,2.66169627592,-0.289315709692
Cl3Cs1Ti1,-1.23223260207,1.59807370544,-0.343410344722
Cl3Cs1Tm1,-0.854961021397,2.06612300727,-0.496942963477
Cl3Cs1V1,-1.20736772754,1.67158564267,-0.184209497082
Cl3Cs1Yb1,-1.01465014427,2.14517017018,-0.754439008394
Cl3Cu1K1,-1.60492540004,1.33219722827,-0.376166162264
Cl3Cu1K2,-0.713780125415,0.76926496896,-1.23142109773
Cl3Cu1Rb1,-1.40939673898,1.573796549,-0.420089178665
Cl3Cu1Rb2,-0.387899023627,1.17193050352,-1.30462612507
Cl3Dy1,-2.57050901099,2.49247919627,0.807625317226
Cl3Eu1,-2.76082058416,2.5294203215,0.564575272221
Cl3Fe1,-3.12837859744,2.16862361654,1.18923139917
Cl3Fe1K1,-1.75431362841,1.32581962772,-0.150154035684
Cl3Ga1,-3.47571779828,2.72823373011,0.929368738966
Cl3Ga1Li1,-2.58146634754,1.33637613344,-0.159457029871
Cl3Gd1,-2.53295133758,2.50176489836,0.811618589024
Cl3Gd2,-0.956400996984,1.9965260289,0.394886700695
Cl3Ge1Rb1,-1.79192954866,2.03515327718,0.159666570863
Cl3Hg1Na1,-1.96475133478,1.98431077332,-0.41671588775
Cl3Ir1,-2.28083759257,2.88724948097,1.90288853901
Cl3Ir1Te6,-0.61827948208,3.61744727993,1.47211586174
Cl3K1Mg1,-2.06110415492,0.873047647303,-0.658124516496
Cl3K1Mn1,-1.81355620797,1.33456584773,-0.311104012839
Cl3K1Ni1,-1.81014667729,1.52687778307,0.00806563554849
Cl3K1Ti1,-1.68990892703,1.09951248892,-0.24329474465
Cl3La1,-2.55018742693,2.52736778007,0.656658243785
Cl3Mg1Rb1,-1.86557549385,1.11464696803,-0.702047532897
Cl3Mn1Na1,-2.08550505471,1.08663015267,-0.212208111943
Cl3Mn1Rb1,-1.6180275469,1.57616516846,-0.35502702924
Cl3Mn1Tl1,-1.79649790702,2.36119780475,0.60442279842
Cl3Mo1,-2.50581867201,1.91448236404,1.39696404952
Cl3Na1,-3.27485092542,1.68660355987,-0.123675265473
Cl3Nd1,-2.5822227589,2.50205962125,0.681751124137
Cl3Ni1Rb1,-1.61461801622,1.7684771038,-0.0358573808525
Cl3Pr1,-2.56847075671,2.49364082689,0.686203300725
Cl3Pr3Ru1,0.723952287242,1.24225197126,-0.0146844542496
Cl3Rb1Ti1,-1.49438026596,1.34111180965,-0.287217761052
Cl3Rb1V1,-1.46951539143,1.41462374687,-0.128016913411
Cl3Re1,-2.01673611347,2.44461793931,1.95585850504
Cl3Re6Se8Tl1,1.22224291352,2.23929271386,1.59856593082
Cl3Rh1,-2.7214340265,2.33602379202,1.20812250094
Cl3Ru1,-2.63887551399,2.21663525082,1.30457870943
Cl3Sb1,-3.486874252,3.22196290473,1.38212252262
Cl3Sc1,-3.07888766181,1.8823904297,0.914406702596
Cl3Ti1,-3.04787272073,1.88573969305,1.07280551297
Cl3Tm1,-2.57628324488,2.47080132033,0.880889739519
Cl3V1,-3.01679162756,1.97762961458,1.27180657251
Cl3Y1,-2.76875023496,2.16099173253,0.850980615295
Cl3Y2,-1.33367923278,1.45128896356,0.457865942727
Cl3Zr1,-2.6721509667,2.11134012305,1.19683122212
Cl4Co1Cs2,-0.811242282578,1.91049809189,-0.752768647175
Cl4Co1K2,-1.46506560394,1.19826778258,-0.609746361361
Cl4Co1Li2,-2.2497532589,0.573794089539,-0.326050455676
Cl4Co1Na2,-1.85356395643,0.844073932493,-0.468466502936
Cl4Co1Rb2,-1.18573894527,1.54340966934,-0.672493527651
Cl4Cr1Cs2,-0.726843907265,1.67179991543,-0.994792246054
Cl4Cr1Li2,-2.16535488359,0.335095913072,-0.568074054553
Cl4Cr1Na2,-1.76916558112,0.605375756025,-0.710490101815
Cl4Cr1Rb2,-1.10134056996,1.30471149286,-0.914517126527
Cl4Cs1Fe1,-1.94062029263,2.07762231699,0.0424705928987
Cl4Cs1Ga1,-2.17217975986,2.45069572604,-0.130771180561
Cl4Cs1Re1,-1.19952530333,2.26161853217,0.553555330158
Cl4Cs2Cu1,-0.695207534498,1.84929023711,-0.983358692983
Cl4Cs2Hg1,-0.757976883063,2.49218255148,-1.08296271182
Cl4Cs2I2Pd1,-0.805405289809,2.72632331075,-0.646147767789
Cl4Cs2Mg1,-1.02104950227,1.5213262507,-1.18475751743
Cl4Cs2Pd1,-0.633694505748,1.89930696493,-1.143666797
Cl4Cs2Pt1,-0.444962473085,2.3269726725,-0.733071406315
Cl4Cs2Tm1,-0.486430353281,2.01740778175,-0.998116693794
Cl4Cs2Yb1,-0.60049401249,2.07387004096,-1.18204244016
Cl4Cs2Zn1,-0.9506085352,2.05646120425,-0.998363857492
Cl4Cu1Ga1,-2.55806232733,2.15527633796,0.721999407856
Cl4Cu1Rb2,-1.0697041972,1.48220181454,-0.903083573458
Cl4Er1Na1,-2.1346537617,1.62582213931,0.0646770142168
Cl4Fe1K1,-2.3220172301,1.66215463655,0.125900259625
Cl4Fe1Na1,-2.54864126905,1.45554155734,0.208313510375
Cl4Fe1Rb1,-2.1590766792,1.86348740384,0.0892977459556
Cl4Ga1Hg2Sb1,-1.37225045854,2.932925804,0.381983102522
Cl4Ga1K1,-2.55357669733,2.03522804562,-0.0473415138312
Cl4Ga1Li1,-3.01131116272,1.67095172467,0.118147764482
Cl4Ga1Na1,-2.78020073627,1.82861496639,0.0350717369094
Cl4Ga1Rb1,-2.39063614645,2.23656081288,-0.083944027498
Cl4Ga1Tl1,-2.53936144653,2.89075467646,0.715597495552
Cl4Ga5La10,2.10842588099,0.976966783795,-0.889438771319
Cl4Gd1Li1,-2.38280018892,1.5199725035,0.0396476645154
Cl4Gd1Na1,-2.15168976248,1.67763574522,-0.0434283630538
Cl4Ge1,-3.76795450699,2.87139915813,1.60636308953
Cl4Hf1,-2.79623820339,2.5270070539,1.37858952253
Cl4Hg1K2,-1.41180020442,1.77995224217,-0.939940426005
Cl4Hg3Te1,-1.29063840991,3.37562292715,0.305373236412
Cl4I1K1,-3.05109795676,2.82513381945,0.268693334033
Cl4K1Tl1,-2.178826159,2.40294764219,-0.0688450914972
Cl4K2Mg1,-1.67487282362,0.809095941389,-1.04173523162
Cl4K2Pd1,-1.28751782713,1.18707665562,-1.00064451117
Cl4K2Pt1,-1.09878579446,1.61474236318,-0.590049120496
Cl4K2Zn1,-1.60443185657,1.34423089493,-0.855341571683
Cl4Li2Zn1,-2.38911951152,0.719757201891,-0.571645665997
Cl4Lu1Na1,-2.06519002238,1.62310345265,0.125521338576
Cl4Mg1Na2,-2.06337117613,0.454902091296,-0.900455373192
Cl4Mn1Na2,-1.88655121401,0.784557948756,-0.652583584865
Cl4Mn1Rb2,-1.21872620285,1.48389368559,-0.856610609577
Cl4Mo1,-3.03676198533,2.20035182739,1.41880558686
Cl4Na1Sc1,-2.51564731197,1.26471943277,0.0250970459956
Cl4Na2Pd1,-1.67601617961,0.83288280553,-0.859364652758
Cl4Na2Ti1,-1.79823172762,0.616662692449,-0.604148393306
Cl4Na2Zn1,-1.99293020907,0.990037044835,-0.714061713248
Cl4Nb1,-3.07473780776,2.24308910931,1.22414452846
Cl4Os1,-2.75159175092,2.83388954421,1.92431118765
Cl4Os1Sc4,-0.121526497849,0.462415380724,0.686444704984
Cl4Pb1,-3.45014722523,3.40094672443,1.10968689022
Cl4Pd1Tl2,-1.26314882576,2.65369373707,0.307250933477
Cl4Pt1,-3.03507861135,3.07879783948,1.37700954134
Cl4Rb2Zn1,-1.3251051979,1.68937278168,-0.918088737966
Cl4Re1,-2.64549593849,2.62446028761,1.86592115128
Cl4Re6Se8Tl2,1.03335374786,2.33694309938,1.46751483861
Cl4Se1,-4.39925886998,3.39271674615,1.3388428989
Cl4Si1,-3.93482225801,2.32057730704,1.90842799331
Cl4Sn1,-3.67511099506,3.24098026108,1.21357339265
Cl4Sr1Zn1,-2.4376736357,2.05006523855,0.361099419423
Cl4Ta1,-2.64630840765,2.50666010429,1.74362843083
Cl4Te1,-4.03040967255,3.49591290716,1.44192420437
Cl4Ti1,-3.4704052243,2.1773576906,1.15947875762
Cl4V1,-3.44554034977,2.25086962783,1.31867960526
Cl4W1,-2.56627134032,2.54700162155,1.90197744844
Cl4Zr1,-3.16982782107,2.3578380346,1.25869932494
Cl5Co1Cs3,-0.534322593786,1.90719178657,-1.08572028549
Cl5Co1Tl3,-1.26868596712,2.7873096874,0.607017066719
Cl5Cs1Pb2,-1.62369233301,3.05317349461,0.0712599897516
Cl5Cs1Pd2,-1.4351376228,1.90207240021,-0.313128630037
Cl5Cs1Sn2,-1.90489704529,2.85321541543,0.201118117787
Cl5Cs2Dy1,-1.067806347,2.19404945709,-0.721712851193
Cl5Cs2Tl1,-1.23934783691,2.58771642144,-0.676968823566
Cl5Cs3Cu2,-0.0281627639692,1.54111645222,-1.22772631351
Cl5Cs3Hg1,-0.492893949709,2.3596130329,-1.34253789133
Cl5Cs3Mn1,-0.559979349685,1.86090157699,-1.22892246032
Cl5Cs3Ni1,-0.55808516597,1.96774154107,-1.051605989
Cl5Dy2Li1,-1.80099967424,1.54561870452,0.0550088370431
Cl5Eu1Na2,-2.07499359821,1.27939888022,-0.594473497484
Cl5Fe1Tl3,-1.26143017883,2.73616046668,0.553231545862
Cl5In2Pr1,-1.89813250627,2.51484530838,0.469500335938
Cl5K1Pb2,-1.90974003611,2.74157273429,0.133832239794
Cl5K1Sm2,-1.55203068119,1.86221181793,-0.240012061718
Cl5K1Sn2,-2.19094474839,2.54161465511,0.263690367834
Cl5K2La1,-1.62974096117,1.58829222834,-0.672051887823
Cl5K2Pr1,-1.63888262606,1.57142875175,-0.657279359354
Cl5K2Sb1,-2.09808437371,1.93558979067,-0.309319748407
Cl5Li1Tm2,-1.80677390813,1.52394082857,0.128273259337
Cl5Li1Yb2,-2.00638531173,1.62274978221,-0.19359679681
Cl5Mo1,-3.3907241942,2.39093146963,1.43336661176
Cl5Na1Sn2,-2.3609127776,2.38665484569,0.325500305895
Cl5Nb1,-3.42237071289,2.42654587123,1.27114906309
Cl5Pb1Rb3,-0.916944745051,1.98181823679,-1.12525848711
Cl5Pb1Tl3,-1.21439534526,3.29020596393,0.473824558991
Cl5Pb2Tl1,-1.89907859801,3.38321770742,0.706036496833
Cl5Pd1Tl3,-1.13059325183,2.77860547753,0.302985172424
Cl5Pr1Rb2,-1.39447179973,1.87342790265,-0.712183129857
Cl5Sb1,-4.04476124752,3.26258516343,1.42347226049
Cl5Ta1,-3.0653462128,2.64618836704,1.70405231506
Cl5V1,-3.73137283124,2.43302963666,1.34992829376
Cl6Cr1Na3,-2.03230275311,0.764021485088,-0.697430351079
Cl6Cs1Mn2Rb1,-1.48695371496,1.70464611636,-0.383123321075
Cl6Cs1Sb1,-2.9248468564,2.92084380205,0.504841440469
Cl6Cs1W1,-2.14026241328,2.48375965305,0.814244617404
Cl6Cs2Er1Na1,-1.10683373023,1.73374117075,-0.86161419931
Cl6Cs2Eu1K1,-1.07222860595,1.89985935109,-1.07474270284
Cl6Cs2Ge1,-1.90002080744,2.43771940692,-0.108043181196
Cl6Cs2Hg1Pd1,-1.14812849896,2.31579477433,-0.658220248334
Cl6Cs2Ho1Na1,-1.11604256155,1.74311867773,-0.887788971951
Cl6Cs2In1Li1,-1.52020695041,1.84550132406,-0.84948542326
Cl6Cs2Ir1,-1.39381114899,2.49725627516,0.0126135348798
Cl6Cs2K1Sc1,-1.19945543701,1.64104739436,-0.934810130694
Cl6Cs2K1Sm1,-1.03383671908,1.90243725008,-1.04588426085
Cl6Cs2La1Na1,-1.12394976643,1.77507048698,-0.988461563769
Cl6Cs2Li1Lu1,-1.20382174249,1.63751201373,-0.775261988155
Cl6Cs2Li1Sc1,-1.47409611625,1.4224816018,-0.835516563704
Cl6Cs2Li1Y1,-1.3500411455,1.53392212293,-0.860886998624
Cl6Cs2Mo1,-1.49380273985,2.06491533429,-0.212241793791
Cl6Cs2Na1Sm1,-1.16981114245,1.77846940254,-0.996436310402
Cl6Cs2Na1Y1,-1.21137488964,1.62852006796,-0.910732615164
Cl6Cs2Na1Yb1,-1.21423265505,1.79196748454,-1.02751698793
Cl6Cs2Pb1,-1.72346120647,2.73191249931,-0.38397440304
Cl6Cs2Pd2,-1.06113083484,1.90078186375,-0.700713107952
Cl6Cs2Pt1,-1.49286753208,2.55294089657,-0.235461819077
Cl6Cs2Re1,-1.27643271383,2.30053114552,0.0361557419943
Cl6Cs2Se1,-2.25074545355,2.72734028916,-0.256665509328
Cl6Cs2Sn1,-1.8484410786,2.64304224189,-0.326259679464
Cl6Cs2Ta1,-1.27688408558,2.23508659924,-0.0317846582532
Cl6Cs2Te1,-2.04582923276,2.78467148971,-0.199398117395
Cl6Cs2Ti1,-1.7347156504,2.05214081385,-0.35631225448
Cl6Cs2W1,-1.23241904819,2.25749855326,0.0561870181974
Cl6Cs2Zr1,-1.56772820415,2.15240767163,-0.301189717081
Cl6Cs3La1,-0.759137180582,2.14831894277,-1.08796731425
Cl6Cs3Nd1,-0.771951313368,2.13819567924,-1.07793016211
Cl6Cs3Sc1,-0.970617274533,1.89032800262,-0.984867930728
Cl6Cs4Pb1,-0.31368137392,2.31654836398,-1.40657428894
Cl6Er1K3,-1.42853563182,1.35914780176,-0.810946549686
Cl6Er1Na3,-1.83645890193,0.987244259163,-0.662602698342
Cl6Fe1Hf1,-2.66677127102,2.24571250685,1.26796268414
Cl6Fe1K3Na1,-1.30791630438,0.844065429337,-1.11462389006
Cl6Fe1Zr1,-2.90026478207,2.1399818698,1.19303131064
Cl6Ga1Sb1,-3.48129602514,2.97509831742,1.15574563079
Cl6Hf1Hg3Se2,-1.43196893349,3.0020536273,0.539809254474
Cl6Hf1Se4,-2.70171591603,3.06143224193,1.14394557119
Cl6Hf1Te4,-2.03108101161,3.24906162557,1.3313661266
Cl6Hg3Se2Zr1,-1.58763127418,2.93156653593,0.489855005475
Cl6Ho1Na3,-1.84566773325,0.996621766145,-0.688777470983
Cl6I2,-4.22199968743,3.91309239087,1.40342101078
Cl6In1K3,-1.70324259613,1.5655059001,-0.848663390179
Cl6In1Na3,-2.11116586625,1.1936023575,-0.700319538833
Cl6Ir1K3,-1.33791173428,1.54442979835,-0.439301796053
Cl6K1Nb1,-2.74410165853,1.98221357257,0.453171292461
Cl6K2Mn1,-2.3119378342,1.62876910594,-0.282744514509
Cl6K2Mo1,-2.00233198981,1.51095842704,-0.101002238153
Cl6K2Nb1,-2.02342966894,1.53470136144,-0.209147270598
Cl6K2Os1,-1.84390408179,1.86292382527,0.179834206716
Cl6K2Pd1,-2.14818836299,1.66635510567,-0.44357423397
Cl6K2Pt1,-2.00139678204,1.99898398932,-0.124222263442
Cl6K2Re1,-1.78496196378,1.74657423828,0.147395297627
Cl6K2Ru1,-2.06146836402,1.64524859893,-0.142062389307
Cl6K2Sn1,-2.35697032855,2.08908533465,-0.21502012383
Cl6K2Ta1,-1.78541333554,1.68112969199,0.0794548973824
Cl6K2Te1,-2.55435848271,2.23071458246,-0.0881585617625
Cl6K2Ti1,-2.24324490035,1.4981839066,-0.245072698846
Cl6K2W1,-1.74094829814,1.70354164602,0.167426573831
Cl6K3Mo1,-1.42790416605,1.15532295158,-0.641671591852
Cl6K3Rh1,-1.51415030785,1.32393952277,-0.717208211282
Cl6K3Sc1,-1.65713176198,1.14248617784,-0.83469453062
Cl6K3Ti1,-1.64472578554,1.14382588318,-0.771335006474
Cl6Li1W1,-2.76961096542,1.89895165201,1.00093382618
Cl6Mn1Rb2,-2.09468376635,1.89721279564,-0.331547866064
Cl6Mo1Na3,-1.83582743617,0.783419408984,-0.493327740507
Cl6Mo1Tl2,-1.9833783221,2.65166060151,0.916249774359
Cl6Na1Nb1,-2.91406968774,1.82725376316,0.51498123052
Cl6Na1Rb2Tm1,-1.3965357575,1.49548200729,-0.842576381805
Cl6Na1Sb1,-3.38086258871,2.45428323231,0.629223628572
Cl6Na1Ta1,-2.64630131267,1.99198563502,0.8396586695
Cl6Na3Sc1,-2.06505503209,0.770582635245,-0.686350679276
Cl6Na3Ti1,-2.05264905565,0.771922340588,-0.622991155128
Cl6Na3Y1,-1.94100006134,0.882023156378,-0.711721114196
Cl6Nb1Rb2,-1.80617560109,1.80314505114,-0.257950622153
Cl6Pb1Rb2,-2.01473638857,2.44639928176,-0.321538198963
Cl6Pb2Pd1,-2.22608645625,2.92742426712,0.674524272977
Cl6Pd1Rb2,-1.93093429515,1.93479879536,-0.492377585523
Cl6Pd1Se2,-3.28065495042,2.9182798468,0.929142060394
Cl6Pt1Rb2,-1.78414271419,2.26742767902,-0.173025614998
Cl6Pt1Tl2,-1.98244311431,3.13968616377,0.893029749058
Cl6Rb2Se1,-2.54202063564,2.44182707161,-0.194229305253
Cl6Rb2Sn1,-2.13971626069,2.35752902435,-0.263823475385
Cl6Rb2Te1,-2.33710441485,2.49915827216,-0.136961913326
Cl6Rb2Ti1,-2.02599083249,1.76662759629,-0.293876050405
Cl6Rb2W1,-1.52369423028,1.97198533571,0.118623222273
Cl6Rb2Zr1,-1.85900338625,1.86689445409,-0.238753513002
Cl6Rb3Tl1,-1.29772050197,2.06385423704,-0.90749638727
Cl6Rb3Y1,-1.23978379963,1.61632568006,-0.925949490144
Cl6Re1,-3.36407859567,2.82999439994,1.76313560412
Cl6Re1Se4,-2.63319670473,3.10572916636,1.36545994792
Cl6Re6Te16,0.763079914465,3.0076002634,1.70805316129
Cl6Se4Zr1,-2.87152937862,2.98453723316,1.08945002684
Cl6Sn1Tl2,-2.33801666084,3.22978750911,0.802231888678
Cl6Sn1Zr1,-2.98795295044,2.6633040146,1.16862751443
Cl6Te1Tl2,-2.53540481499,3.37141675693,0.929093450746
Cl6Tl2W1,-1.72199463043,2.84424382047,1.18467858635
Cl6W1,-3.30748959696,2.77466678134,1.7888901021
Cl7Cs1Ti2,-2.35131891319,1.88771569802,0.408034206448
Cl7Cs3Mg2,-1.2637071388,1.45894400618,-1.00704193374
Cl7Cu2Rb3,-1.21124275626,1.52036628724,-0.701835908966
Cl7Dy2K1,-2.19826610788,2.12382669234,0.245947849895
Cl7Dy2Rb1,-2.10050177734,2.2446263527,0.223986341693
Cl7Fe1Se1,-3.8344231933,2.84867535522,1.27234889902
Cl7Fe1Te1,-3.6295069725,2.90600655578,1.32961629095
Cl7Ga2In1,-3.02613308979,2.68979694206,0.794054465403
Cl7Ga2K1,-2.92243313771,2.31243031941,0.343342587288
Cl7Ga2Sb1Te4,-2.10512846792,3.17450323917,1.04934520266
Cl7In1Y2,-2.46055903913,2.236003344,0.731343966469
Cl7K3Mn2,-1.62951258922,1.22034098587,-0.592713680605
Cl7Mn2Rb3,-1.38510176288,1.52234013678,-0.647617451107
Cl7Nb3Se5,-1.80594386009,2.32456755157,0.945263132894
Cl7Nb3Te1,-1.80257257563,1.91194854983,1.0923857566
Cl8Co1Li6,-2.16055039633,0.0311773558085,-0.954447111042
Cl8Cr1Li5,-2.34378619809,0.216273382498,-0.821150839464
Cl8Cu1Ga2,-3.12834367233,2.47167478447,0.868694830849
Cl8Fe1Li6,-2.15619692334,0.00048782337858,-0.986718423564
Cl8Ga2Hg2,-2.63129323398,2.9053173714,0.605794719209
Cl8Ga2Ni1,-3.22162607109,2.56016594574,1.04334564804
Cl8Hg2Pd1Rb2,-1.62678346753,2.34239444416,-0.353600888532
Cl8Hg2Pd1Tl2,-1.76406835992,2.94626570284,0.384437440422
Cl8I1Sb1,-4.11565662349,3.5227880544,1.41545176061
Cl8I3Sb1,-3.6641126919,3.87247013217,1.3620712729
Cl8Ir1K3Sn1,-1.64873860315,1.92011845594,-0.102884189986
Cl8Li6V1,-2.12644039805,-0.0504439104759,-0.964698377333
Cl8Mn1Na6,-1.62127942642,0.381795010186,-1.2397508821
Cl8Mn3Na2,-2.19263404585,1.24928441631,0.0249171427032
Cl8Na2Ti3,-2.0499641063,0.97806900231,0.103158606001
Cl9Cr2Cs3,-1.52619127235,1.878687053,-0.458046138063
Cl9Cs1Mn4,-2.12335539729,1.8063444984,0.377279561385
Cl9Cs3Fe2,-1.60126077697,2.0516219457,-0.285175351746
Cl9Cs3In2,-1.63885286256,2.49237401357,-0.462173549154
Cl9Cs3Lu2,-1.18687399411,2.19524642739,-0.356140070434
Cl9Cs3Mo2,-1.24551224815,1.90639837284,-0.166470980106
Cl9Cs3Ru2,-1.32154472929,2.07905716529,-0.219262603012
Cl9Cs3Sb2,-1.80611543671,2.65353011038,-0.174951852634
Cl9Cs3Sc2,-1.57298024233,1.88806012464,-0.442218035502
Cl9Cs3Ti2,-1.55525741884,1.88997398942,-0.351704429576
Cl9Cs3V2,-1.53749679419,1.94248251599,-0.237989538408
Cl9Cs3W2,-0.909447501727,2.15400536866,0.178651778155
Cl9Cs3Y2,-1.39575885554,2.04726086912,-0.478461513962
Cl9Cu5Rb4,-0.499516477548,1.11774085357,-0.767330501496
Cl9K3Mo2,-1.73587973919,1.37222564086,-0.0592042657415
Cl9K3W2,-1.39981499277,1.61983263667,0.285918492522
Cl9Mo2Rb3,-1.52638474518,1.63108205592,-0.106264640459
Cl9Nb1Se1,-3.8664107843,2.86571445075,1.30191898846
Cl9Nb1Te1,-3.6987520582,2.91262179666,1.34877412731
Cl9Re3,-2.01673611347,2.44461793931,1.95585850504
Cl9Sb1Se1,-4.20589653046,3.32173588285,1.38500436886
Cl9Ta1Te1,-3.50401142178,3.03242679437,1.58490317385
Cl9Te1W1,-3.46763093663,3.05076384767,1.65688000003
H12Ca7Cl2,-1.61579835219,-3.46648911335,-2.93672247282
H12Cl2Sr7,-1.44292151909,-2.95189412806,-3.03366452995
H13B10Cl1,-2.13415198849,-4.09663706227,-0.451281740767
H1Ba1Cl1,-1.29940437392,-0.61495604902,-1.78074797391
H1Ca1Cl1,-1.88016394143,-1.47436074427,-1.65173177414
H1Cl1,-4.60536750119,-0.839639894266,-1.19230873095
H1Cl18Li6Zr6,-2.00672858812,0.653636385951,-0.0727548547937
H1Cl1Er1,-1.25290621079,-0.671530290984,-1.0026753503
H1Cl1Eu1,-1.59080387442,-0.531029181642,-1.54827719391
H1Cl1Lu1,-1.11397873213,-0.676967664279,-0.880986701583
H1Cl1Sc1,-2.01489331129,-1.39373570404,-1.08183528675
H1Cl1Sr1,-1.70728710834,-0.959765758979,-1.74867383127
H3Ba2Cl1,-1.11434846145,-2.00944590738,-2.68024146298
H3Cl1Eu2,-1.40574796195,-1.92551903999,-2.44777068299
H3Cl1Ge1,-3.10175322213,-2.14876433195,-1.63181347111
H4B1Cl2K1Zn1,-2.24370548637,-2.10681713937,-1.69231809842
H8Cl4Si5,-2.83550533784,-2.09833635125,-0.442021266607
