Ag1As1F6Se3,-4.06385183203,2.409919274,1.24177864456
Ag1As1F7,-5.35914366367,2.01890464031,1.50595521771
Ag1Au1F4,-3.39948743322,1.94002730236,1.05163320537
Ag1Au1F7,-4.79711929129,2.10195979209,1.33529364284
Ag1Au2F8,-4.13112313442,2.13798233605,1.25955371436
Ag1B1F4,-4.17694638421,0.971591901709,1.69988304726
Ag1B1F5,-4.66486590183,1.17933945453,1.72884468591
Ag1Ba1F1Se1,0.253622689407,1.40275583804,-0.405244196543
Ag1Ba1F1Te1,0.714684186196,1.53175103929,-0.276392564702
Ag1Bi2F12,-5.39574986624,2.51319581522,1.45662456637
Ag1Cd3F20Hf3,-4.38571624336,1.85369262212,1.31683530059
Ag1Cd3F20Zr3,-4.59326603096,1.75970983362,1.25022963527
Ag1Cs1F3,-2.41966317395,1.49748120023,-0.307184523157
Ag1Cs1F6Fe1,-3.54526372957,1.48976508217,0.490036813956
Ag1Cs2F4,-1.95148157208,1.48009150395,-0.80594026764
Ag1Cs2F6K1,-2.51031907717,1.31668937431,-0.7344048613
Ag1F1,-1.47193886372,1.09417335157,0.333561062057
Ag1F11Na1Zr2,-4.45996680599,1.332617501,1.01451135939
Ag1F11Pd1Zr2,-4.34240536231,1.48662318927,1.21447197922
Ag1F11Sb2,-5.4142493133,2.29709425508,1.5509440761
Ag1F12Sb2,-5.55945822624,2.30567628951,1.5743887722
Ag1F12Ta2,-4.77592619845,1.81255885241,1.79885281586
Ag1F1Se1Sr1,-0.052289361405,1.14414855557,-0.381188589569
Ag1F1Sr1Te1,0.408772135383,1.27314375682,-0.252336957728
Ag1F2,-3.51208691163,1.53805715821,0.856578880638
Ag1F24I1Sb3,-6.01285357962,2.48869947236,1.67421894872
Ag1F3,-4.53216093558,1.75999906154,1.11808778992
Ag1F3K1,-2.87733949891,0.998919983711,-0.207068923085
Ag1F3Rb1,-2.68181083784,1.24051930444,-0.250991939485
Ag1F3Zn1,-3.2402836559,1.43301728852,0.695132952626
Ag1F4K1,-3.66318008365,1.23673744834,0.144544983727
Ag1F4Na1,-3.88980412262,1.03012436913,0.226958234475
Ag1F4Na2,-2.99380324594,0.413667344544,-0.5216381234
Ag1F6Pd1,-4.59502113695,1.66781013525,1.0207984675
Ag1F6Sb1,-4.9214605071,2.14672914214,1.39877119935
Ag1F6Sn1,-4.82990084819,2.14338164286,1.27792184141
Ag1F6Ta1,-4.18689923106,1.68443154487,1.60920624027
Ag1F6Ti1,-4.70195974147,1.47861753631,1.24411269452
Ag1F7Ir1,-4.68221338073,2.02897824595,1.68620535312
Ag1F7Ru1,-4.8413413458,1.730927477,1.42028987331
Ag2F1,0.568209184185,0.650289544924,-0.189456756523
Ag2F14Zn1Zr2,-4.4991117044,1.60207493476,1.24771323288
Ag2F23K3Zr4,-4.21656101475,1.33869720076,0.807540641106
Ag3F14Hf2,-4.15926033627,1.67202872046,1.29824460018
Ag7F31Zr6,-3.95605284492,1.45503295765,1.18057866759
As1Au1F9Sb1,-5.10061278415,2.35749789562,1.62826056877
As1B1Ba1F10,-5.36046745772,1.68332585998,1.64335685021
As1Ba1Cd1F1,0.230002625161,1.25439852728,-0.218308290775
As1Ba1F1Mn1,0.164475025076,0.593454841866,-0.0376409278179
As1Ba1F1Zn1,-0.0216882162588,0.953043260021,-0.1452276525
As1Br3F6Te1,-4.91299669239,3.17382294827,1.62096793224
As1Br5F6,-5.05801251522,3.390984527,1.59598933938
As1Ca1F1Fe1,-0.197041426102,-0.0620314545908,0.260308693446
As1Cs1F4,-4.01222022636,1.92959254528,0.512162004031
As1Cs1F6,-4.90726092163,2.05365060184,0.859775132474
As1Cu1F7,-5.46286286503,1.89805702865,1.5441599009
As1F1Fe1Sr1,-0.0673838012815,0.323914784377,0.187602150599
As1F1Mn1Sr1,-0.141437025737,0.334847559397,-0.013585320843
As1F1Sr1Zn1,-0.327600267073,0.694435977552,-0.121172045525
As1F3,-5.62781655583,2.17608018629,1.79465782048
As1F5,-6.2826720397,2.25932838136,1.83064338625
As1F6I1Se6,-3.91569490378,3.08087611616,1.28562921192
As1F6I3Se1,-4.62379524937,3.31206378459,1.53104626254
As1F6I3Te1,-4.45613652327,3.3589711305,1.57790140139
As1F6I5,-4.36003170128,3.67384980542,1.53019325059
As1F6In1,-5.32293356484,2.21375811983,1.48573723017
As1F6K1,-5.19330862473,1.74204984152,0.922347382516
As1F6Li1,-5.53660947377,1.46884260081,1.04646434125
As1F6Na1,-5.36327665395,1.5870900321,0.984157320581
As1F6Rb1,-5.07110321157,1.89304941697,0.894895497268
As1F7Pb1,-5.49882149165,2.44855941445,1.59031520657
As1F7Sn1,-5.62380136378,2.35968915704,1.64802993014
As1F8Sb1,-5.89390725527,2.36898071793,1.77016787526
As2F12Hg4,-4.30412457667,2.48134159045,1.07874645351
As2F12I4,-5.34457792372,3.02483956688,1.67520138934
As2F12Mn1,-5.86033013755,2.04335510955,1.68044067819
As2F12Se8Te2,-4.1845780197,2.86992507522,1.39579325919
As2F18Sb2Sn1,-5.68679674526,2.39394984711,1.70659854604
As2F7K1,-4.88729692063,1.77890699343,1.07521813065
As3Co1F18K1,-5.61828305469,1.95666683747,1.47279168723
As3F18K1Mg1,-5.6821374259,1.83822323361,1.34131681367
As3F18K1Mn1,-5.62832265482,1.93855327719,1.4167560536
As3F18K1Ni1,-5.6275814525,1.98036021966,1.48614075978
As3F18K1Zn1,-5.66069887071,2.00109039338,1.39804531887
As4Cs1F13,-5.08928444602,2.09391763929,1.367159215
Au1Br1F6,-5.4139678602,2.7089119098,1.57545001361
Au1Cs1F4,-3.1691836678,2.05417527292,0.256169641737
Au1Cu1F5,-4.13182577414,1.85405144009,1.22232227125
Au1F3,-4.36326171797,2.36295427776,1.41066927702
Au1F4K1,-3.55058060526,1.63870759249,0.33959930846
Au1F4Li1,-4.00831507065,1.27443127155,0.505088586776
Au1F4Na1,-3.77720464421,1.43209451327,0.422012559204
Au1F4Rb1,-3.38764005436,1.84004035976,0.302996794786
Au1F5,-5.43963548112,2.38391110902,1.57465102393
Au1F6K1,-4.5610312058,1.83548688724,0.730353110785
Au1F6Li1,-4.90433205484,1.56227964654,0.854470069521
Au2Ba1F12,-5.00985799384,2.21953296617,1.31622765753
Au2Ba1F8,-4.0707579889,2.14451776424,1.10299607199
Au2Ca1F12,-5.12600990736,2.04765202712,1.34203089749
Au2Cd1F12,-5.168426864,2.31927294111,1.42746882489
Au2Cd1F8,-4.28698826637,2.28052682095,1.25468857291
Au2Cs1F7,-3.64681488786,2.17768687486,0.717969495845
Au2F12Hg1,-5.1456496507,2.44224816522,1.40747752974
Au2F8Hg1,-4.25592843007,2.44822030837,1.22742771589
Au2F8Mg1,-4.42333827867,1.83040266243,1.16264920324
Au2F8Ni1,-4.30926669792,2.12759817869,1.46546290871
Au2F8Pd1,-4.1768396445,2.07093584421,1.18879784351
Au2F8Zn1,-4.3785122087,2.1709430874,1.28126335046
Au2F9Lu1,-4.31787032999,2.15245711101,1.39457126054
Au2F9Tm1,-4.37556416915,2.16940206462,1.33318679323
Au2F9Yb1,-4.44210130367,2.2023383825,1.22589677451
Au3F12La1,-4.36596460187,2.23193173284,1.29649954025
Au5Bi2F21,-4.54627462817,2.52284115081,1.42437711868
Au5Er2F21,-4.354124988,2.18369328627,1.37079483818
Au5F21Gd2,-4.36142613118,2.20589911738,1.32446396221
Au5F21Ho2,-4.36070272466,2.19039150554,1.35209857202
Au5F21La2,-4.36635072814,2.21321422643,1.28018957786
Au5F21Nd2,-4.37550368013,2.20598332392,1.28735897225
Au5F21Pr2,-4.37157453666,2.2035779541,1.2886310227
Au5F21Sm2,-4.39910885387,2.21564202326,1.27449333026
Au5F21Y2,-4.42879724472,2.10853535571,1.33571025543
B10F12,-3.84159598386,-0.329672673451,2.77612273977
B1Bi1Cd1F10,-5.35142856874,2.02809603019,1.66832401325
B1Cd1F10Ta1,-4.99383799118,1.6238823978,1.86576338796
B1Cs1F4,-3.94664261878,1.08573987228,0.904419483633
B1F13Sn5,-4.56361582931,2.21301922806,1.51443270677
B1F22K3Na4Si3,-4.32467702809,0.761760321427,0.595704807705
B1F3,-5.52945014446,0.910301176774,2.38304403987
B1F4In1,-4.50087280973,1.29921656294,1.73903561389
B1F4K1,-4.32803955627,0.670272191837,0.987849150364
B1F4Li1,-4.78577402166,0.305995870897,1.15333842868
B1F4Na1,-4.55466359521,0.46365911262,1.07026240111
B1F4Rb1,-4.16509900536,0.871604959112,0.951246636691
B1F5Li2,-4.41393596023,0.00384321795657,0.538485623075
B1F7Sn2,-4.79541606495,1.90036689576,1.72289942672
B1F9Sn3,-4.68248774503,2.05268469867,1.621338717
B2Ba1F8,-4.91889502635,1.0880427817,1.8101777177
B2Ca1F8,-5.07728399931,0.853659682992,1.845363954
B2Cd1F8,-5.13512530383,1.22405183843,1.96187021863
B2F4,-4.84180585681,0.405126645206,2.54318721391
B2F8Mn1,-5.15895352202,0.983708680098,2.02756744151
B2F8Sr1,-5.0301357721,0.994003769896,1.81892521115
B4Ba2F16,-4.91889502635,1.0880427817,1.8101777177
B8F12,-4.29169042669,0.000987019935522,2.67130175313
Ba1Be1F4,-4.04398402643,0.760360547436,0.59892266426
Ba1Bi1F1Mn1,0.788484677265,1.33993298903,-0.373652025463
Ba1Br1F1,-1.78713603807,2.40074675528,0.0660225018139
Ba1Br2F8,-5.59905783216,2.64772886539,1.34267714341
Ba1Ca1Cr1F7,-4.07703381349,1.15038437725,0.681841218775
Ba1Ca1F7Ga1,-4.26851814706,1.49528284758,0.698905705126
Ba1Cd1F1Sb1,0.547059102366,1.61177756375,-0.333511502482
Ba1Cd1F7Ga1,-4.33214358202,1.90271421856,0.827062596218
Ba1Co1F4,-3.69237015297,1.44017652293,0.89588528117
Ba1Co1F6Li1,-4.03816083081,1.02907271415,0.518420068599
Ba1Cr1F5,-4.16511647117,1.34228523911,0.797680144666
Ba1Cr1F6,-4.5935247882,1.47772768066,0.935796941314
Ba1Cr1F6Li1,-3.97251765001,0.843418576895,0.330179491696
Ba1Cr2F9Na1,-4.12688980427,1.01897554859,0.554562899756
Ba1Cr3Cs1F12,-4.07558898594,1.27582953993,0.644142272284
Ba1Cu1F1Se1,0.0202544863572,1.13084871177,-0.319283659362
Ba1Cu1F1Te1,0.481315983146,1.25984391302,-0.190432027521
Ba1Cu1F4,-3.55699628022,1.368767359,0.62686356106
Ba1Cu1F7Fe1,-4.11510353776,1.41330838923,0.970743530764
Ba1Cu3F12Na4,-3.25610843745,0.591434498377,-0.142703403187
Ba1Er2F8,-4.04750085806,1.6882170586,1.0014975004
Ba1F10Te2,-5.35624023157,2.48470392167,1.41833745168
Ba1F10Zr2,-4.69425419197,1.60926171202,1.27739523673
Ba1F11Li1Zr2,-4.50814320318,1.27434485162,0.932932832665
Ba1F11Na1Zr2,-4.4156990326,1.33741014831,0.899702421635
Ba1F12Sb2,-5.51519045287,2.31046893684,1.45957983447
Ba1F1I1,-1.22875138693,2.627038978,0.0133856307873
Ba1F1Mn1Sb1,0.481531502281,0.950833878333,-0.152844139525
Ba1F2,-3.29074804473,1.56202039482,0.282534191912
Ba1F3Li1,-3.29381753724,0.576166340547,-0.352908602338
Ba1F4Fe1,-3.68148647051,1.36345269188,0.815206999877
Ba1F4Mg1,-3.93714524262,0.986142708197,0.391898265867
Ba1F4Mn1,-3.73085528682,1.37074120855,0.681082018912
Ba1F4Ni1,-3.72801401126,1.53100115467,0.947056725903
Ba1F4Pd1,-3.48523108,1.42712020813,0.439837439713
Ba1F4Sn1,-3.79840402834,2.06121555161,0.782668604928
Ba1F4Zn1,-3.85496411438,1.61046682067,0.6093575358
Ba1F5Fe1,-4.24018597578,1.51522013182,0.970550931001
Ba1F5Ga1,-4.43866551912,1.83499733957,0.822057982316
Ba1F5Mn1,-4.28250210406,1.52146743184,0.855586661619
Ba1F5Sb1,-4.44504063553,2.11712829649,1.08077443011
Ba1F6Ir1,-4.2354401023,1.98835864399,1.44388744927
Ba1F6Ni1,-4.69410626029,1.75470705888,1.18594617387
Ba1F6Rh1,-4.45573831927,1.71274579952,1.09650443024
Ba1F6Si1,-4.90921831245,1.57711601031,1.49693920856
Ba1F6Sn1,-4.74689877311,2.15236785659,1.06265508314
Ba1F6Te1,-4.96896044654,2.31170076038,1.20537434047
Ba1F6Ti1,-4.61895766638,1.48760375004,1.02884593625
Ba1F6Zr1,-4.43109678937,1.60040396504,1.09085879083
Ba1F7Fe1Mn1,-4.21941894172,1.41449269896,1.00327460548
Ba1F7Fe1Zn1,-4.29388423825,1.55832806622,0.960239915605
Ba1F7Ga1Mn1,-4.35835462206,1.63833674439,0.899329541399
Ba1F7Na1Zr1,-4.06589553083,1.19439816889,0.561626857376
Ba1F7Ta1,-4.49150669502,1.77479631558,1.45045893042
Ba1F8Tm2,-4.09759970058,1.72222202648,0.933943380105
Ba1F9Fe2Na1,-4.20773388617,1.20521312537,0.740731438893
Ba2Br2F10Pb4,-3.21645894308,2.68492990553,0.761780065434
Ba2Ca1Co1F14V2,-4.11832037612,1.28739874408,1.00053373536
Ba2Ca1Cr2Cu1F14,-4.06979434901,1.22131917079,0.765787599554
Ba2Ca1Cu1F14Fe2,-4.12234300224,1.34237359569,0.886797149987
Ba2Ca1Cu1F14V2,-4.07770821429,1.26597599491,0.919827219324
Ba2Co1F6,-3.55849611689,1.48079114689,0.691434918082
Ba2Co1F9Fe1,-3.98734790372,1.48058462002,0.936089861848
Ba2Cr2Cs1F11,-3.7421053582,1.35407674213,0.441366422982
Ba2Cu1F6,-3.46824686838,1.43318503761,0.512087104679
Ba2Cu5F14,-3.67110266686,1.28594462937,0.774433290696
Ba2F10Fe3,-3.75963415567,1.32373915128,0.921741561471
Ba2F10I2Pb4,-3.03033072602,2.76036064644,0.74423444175
Ba2F10Mg3,-4.06642468219,0.87096717087,0.413771080656
Ba2F10Ni3,-3.81546720455,1.52479730664,1.0799612327
Ba2F14Mg4Sr1,-4.08775666152,0.854615937257,0.41210372538
Ba2F18Ni7,-3.97093954821,1.51376824347,1.31623591146
Ba2F18Zn7,-4.16841748641,1.63738150168,0.790926060176
Ba2F2Se3Sn1,-0.794449557656,2.26435630385,-0.0072826521504
Ba2F6Ni1,-3.58225868908,1.54134090138,0.725549214574
Ba2F6Pd1,-3.4204034016,1.47208693704,0.387403023791
Ba2F6Zn1,-3.66689209115,1.59431801204,0.50041642116
Ba2F8Zr1,-4.12009258628,1.58993571861,0.870406627485
Ba3Cr4F20Na2,-4.04039238087,1.07515260166,0.52642199895
Ba3F12In2,-4.10359629373,1.88645129296,0.703372990946
Ba5F19In3,-4.05843805766,1.86842735418,0.679993057662
Ba6Cu11F34,-3.63530458476,1.31192823083,0.728136904927
Ba6F26Mg7,-3.98686810399,0.94184442461,0.400310886937
Ba6F26Zn7,-3.8983653505,1.6141934688,0.634497793016
Ba7Cu1F34Fe6,-4.15478726384,1.49691353523,0.927590009767
Ba7F34Fe6Mn1,-4.17651963967,1.49716026642,0.934367317
Be1Cs1F3,-3.19074303186,0.549867325332,-0.271945169571
Be1Cs1F4Li1,-3.22150838733,0.134872449276,-0.567410205036
Be1Cs2F4,-2.50225289916,0.803224450459,-0.780769300787
Be1F12Li6Zr1,-3.97746257586,-0.141905212723,-0.252383618198
Be1F2,-4.79722000815,-0.0412992999531,0.915311136613
Be1F4K1Li1,-3.54842004802,-0.221242705385,-0.495899062129
Be1F4K2,-3.15607622054,0.090994141137,-0.637747014967
Be1F4Li2,-3.9407638755,-0.533479551904,-0.354051109285
Be1F4Na2,-3.54457457304,-0.263199708957,-0.496467156543
Be1F4Pb1,-4.36417020185,1.39286109036,1.01248499192
Be1F4Rb2,-2.87674956187,0.436136027894,-0.700494181254
Be1F4Sm1,-4.12569729859,0.806620479448,0.763255457584
Be1F4Sr1,-4.24792539365,0.587955692454,0.614959735579
Be1F4Yb1,-4.1997331529,0.829117282778,0.711454328362
Be1F5K3,-2.88255225595,0.113043047984,-0.896590040229
Be1F6Ho1K1,-3.96214641661,0.810274315994,0.440393265605
Be2Cs1F5,-3.79317189797,0.328179840848,0.173275945246
Be2F7Li1Na2,-3.81671046564,-0.314293778685,-0.278456856119
Be2F7Li2Rb1,-3.73748338394,-0.189152476305,-0.296426724544
Be2F8K2Pb1,-3.71365805807,0.691855809997,0.123898526661
Be2F8K2Sr1,-3.66000660811,0.320361010974,-0.059574668577
Be2F8Li1Na3,-3.64362189864,-0.330769669689,-0.460863144733
Be3Ca2Cs2F12,-3.6593755798,0.504761555312,0.131357056008
Be3Cd2F12Rb2,-3.86432217656,0.798393579615,0.295834090676
Be3F12K2Mg2,-4.12511095977,0.150039648295,0.212379565988
Be3F12K2Mn2,-3.99482256664,0.392943964311,0.395021936339
Be3F12K2Zn2,-4.0732070893,0.544349614069,0.349722262792
Be3F9K1Zn1,-4.3059255275,0.356105320274,0.531518686512
Be3F9Rb1Zn1,-4.23609386283,0.442390791962,0.515831894936
Bi1Cs1F6,-4.59525609554,2.42688967542,0.691769583651
Bi1Cs2F6K1,-2.6989774644,1.78171308308,-0.598181288134
Bi1Cs2F6Na1,-2.83495188777,1.65774523555,-0.548733337689
Bi1Cs2F6Rb1,-2.60121313387,1.90251274344,-0.620142796339
Bi1F3,-5.00380690365,2.92255833346,1.45864672283
Bi1F4K1,-3.97761072904,2.01177696295,0.371584272329
Bi1F4Li1,-4.43534519443,1.64750064201,0.537073550643
Bi1F4Rb1,-3.81467017815,2.21310973022,0.334981758662
Bi1F5,-5.86666560491,2.75698047948,1.60663598782
Bi1F5K2,-3.46451264174,1.55638627771,-0.171946952916
Bi1F6K1,-4.88130379864,2.11528891509,0.754341833699
Bi1F6K1Rb2,-2.9611251283,1.52475118729,-0.541988704465
Bi1F6Li1,-5.22460464768,1.84208167439,0.87845879243
Bi1F6Na1,-5.05127182785,1.96032910568,0.816151771758
Bi1F6Na1Rb2,-3.09709955166,1.40078333975,-0.492540754017
Bi1F6Rb1,-4.75909838547,2.26628849055,0.726889948447
Bi2Cs1F7,-4.1592510364,2.62537011942,0.7563514525
Br1Cs1F4,-4.57012519076,2.51545211564,0.47587729051
Br1F15Sb2,-6.3277263713,2.61345003215,1.76734705432
Br1F17Sb2,-6.45419203491,2.59468750608,1.78087380066
Br1F1Pb1,-2.4275083889,3.6657478411,0.893147157121
Br1F1Sr1,-2.19501877249,2.05593704532,0.0980966444496
Br1F3,-6.46467400243,3.05486954185,1.7402307502
Br1F3Rb1Sb1,-3.2674996248,2.37307350332,0.3739311709
Br1F4K1,-4.95152212822,2.09998443521,0.559306957241
Br1F4Rb1,-4.78858157735,2.30131720248,0.522704443571
Br1F5,-6.8405770041,2.84518795173,1.79435867273
Br1F5Sn3,-3.80485600971,2.83998616189,1.21063245458
Br1F8Sb1,-6.22865023391,2.72049646014,1.74839704714
Br2Cs1F1,-1.93128727743,3.18931055806,-0.399875090685
Br2Cs2F2,-1.54786737411,2.6050794598,-0.95085993672
Br2F10Ge1,-6.17573504845,2.70184096063,1.81072558273
Br2F11I1Sb2,-5.50109266719,2.99385536666,1.65937732428
Br2F12Pb7,-3.50151696509,3.06665758363,1.04779836434
Br2F16Sb3,-5.8589950462,2.72696627522,1.71323408689
Br3F6Sb1Se1,-4.96536215407,3.25687161562,1.5322207164
Br5F6Sb1,-4.95232702283,3.51011087249,1.55758826881
Ca1Co1F6Li1,-4.23174735332,0.742604482397,0.561425468521
Ca1Cr1F5,-4.41401342867,0.97396894115,0.852972801707
Ca1Cr1F6,-4.81130962602,1.15545091994,0.984178016225
Ca1Cr1F6Li1,-4.16610417251,0.556950345148,0.373184891615
Ca1Cs1F3,-2.63531559432,0.996216325049,-0.57420161653
Ca1Cs2F4,-2.10551901521,1.12204516454,-0.996666762902
Ca1Cs4F12Mg3,-2.95573126703,0.86465851995,-0.533831239866
Ca1Cs5F15Ni4,-2.77632632977,1.37895210822,0.00181224021216
Ca1Cu1F4,-3.84737606397,0.939065011388,0.691371660939
Ca1F2,-3.87150761225,0.702615699574,0.411550391677
Ca1F3K1,-3.09299191928,0.497655108526,-0.474086016458
Ca1F3Rb1,-2.89746325822,0.739254429254,-0.518009032859
Ca1F4Pd1,-3.77561086376,0.997417860508,0.504345539595
Ca1F4Zn1,-4.14534389813,1.18076447304,0.673865635678
Ca1F5Fe1,-4.48908293329,1.14690383385,1.02584358804
Ca1F5Mn1,-4.53139906155,1.15315113388,0.910879318656
Ca1F5Ti1,-4.44307957517,0.985255877575,0.959314510213
Ca1F6Ga1Li1,-4.37886454315,0.940170867728,0.392145432005
Ca1F6Li1Ni1,-4.2555099255,0.803154236902,0.595539765011
Ca1F6Pb1,-4.82408125478,1.93007013546,1.04610709403
Ca1F6Pd1,-4.72980389968,1.35451958826,0.85391278414
Ca1F6Pt1,-4.5646633711,1.72872708237,1.21318375098
Ca1F6Rh1,-4.67352315708,1.39046903881,1.14488550515
Ca1F6Si1,-5.12700315027,1.25483924959,1.54532028347
Ca1F6Sn1,-4.96468361093,1.83009109587,1.11103615805
Ca1F6Sn2,-4.16120921204,1.94114570547,0.992385475861
Ca1F6Ti1,-4.8367425042,1.16532698932,1.07722701116
Ca1F7Ta1,-4.68509321752,1.48832808383,1.49346433034
Ca1F8Hf1Li2,-4.04306600275,0.621700313962,0.374089894908
Cd1Co1F6Li1,-4.30244228105,1.19530600571,0.703822014172
Cd1Cr1F6,-4.89084141972,1.66474013367,1.14437413008
Cd1Cs1F3,-2.76256646425,1.81107906701,-0.317887834353
Cd1Cs4F12Ni3,-2.79932587629,1.55874680726,0.0298898197116
Cd1Cu1F4,-3.95341845558,1.61811729635,0.904966479425
Cd1F2,-4.08359239545,2.06072026951,0.838740028635
Cd1F3K1,-3.22024278921,1.31251785049,-0.217772234283
Cd1F3Rb1,-3.02471412814,1.55411717121,-0.261695250681
Cd1F5Mn1,-4.62229254006,1.73519594956,1.09396059163
Cd1F6Pd1,-4.80933569339,1.86380880199,1.014108898
Cd1F6Pt1,-4.64419516481,2.23801629609,1.37337986484
Cd1F6Rh1,-4.75305495079,1.89975825253,1.30508161901
Cd1F6Sn1,-5.04421540463,2.33938030959,1.27123227191
Cd1F6Ti1,-4.9162742979,1.67461620304,1.23742312502
Cd1F7Rb1Zr1,-4.07001008214,1.58877563919,0.657079149744
Ce1Cs1F5,-3.82672533252,1.81182836314,0.222663276237
Ce1F3,-4.40815979632,1.84593481101,0.940421918395
Ce1F4,-5.04500443854,1.96191280311,1.13286043827
Ce1F4K1,-3.58051265749,1.29402794799,0.0261010693692
Ce1F5Li1,-4.54598082068,1.14347636196,0.436022371987
Ce1F7Zr1,-4.80101881845,1.72232330888,1.29343949161
Ce2F4Se1,-3.06209510732,1.92915627893,0.626810551584
Co1Cr1F7Na2,-3.81690090314,0.631493943584,0.276605822043
Co1Cs1F3,-2.7688063837,1.36564649592,0.0844099707153
Co1Cs1F4,-3.57273582098,1.54234287518,0.387444061886
Co1Cs2F6,-3.39898367426,1.61701294991,0.0135132923929
Co1Cs2F6K1,-2.68489068205,1.25077202215,-0.538607614365
Co1Cs2F6Na1,-2.82086510542,1.12680417462,-0.489159663919
Co1F11Na1Zr2,-4.5763478759,1.28867259955,1.14504285734
Co1F2,-4.0939922612,1.31833265102,1.50923637041
Co1F3,-4.96858994777,1.59520568114,1.60758090726
Co1F3K1,-3.22648270866,0.867085279393,0.184525570786
Co1F3Na1,-3.49843155541,0.619149584331,0.283421471683
Co1F4K2,-2.85469290042,0.673693548699,-0.383207629053
Co1F4Li1,-4.41186722385,0.762598873807,0.636363006929
Co1F4Rb2,-2.57536624176,1.01883543545,-0.445954795336
Co1F6K1Rb2,-2.94703834594,0.993810126359,-0.482415030694
Co1F6Li1Sr1,-4.17412174229,0.914136144165,0.52911144948
Co1F6Na1Rb2,-3.08301276931,0.869842278824,-0.432967080245
Co1F6Pt1,-4.64809511447,1.95962093916,1.62481599301
Co1F6Rb2,-3.69025885634,1.33149973237,0.0759494964663
Co1F6Sn1,-5.04811535429,2.06098495266,1.52266840008
Co1F6Zr1,-4.73231337055,1.50902106111,1.55087210777
Co1F7Fe1Na2,-3.86467240607,0.74154342077,0.386614504262
Co1F7Na2V1,-3.82409532611,0.672091056417,0.416641840016
Co2F12Li3Na3,-3.75848966092,0.238410345488,-0.215379738137
Co2F7K3,-3.00960532054,0.754273436494,-0.146652129114
Co3Cs4F10,-2.53495005238,1.37399599796,-0.167029982176
Co4Cs7F15,-2.31008819534,1.3820243653,-0.408799167645
Co6F18Rb6,-3.0309540476,1.10868460012,0.140602554386
Co9Cs9F27,-2.7688063837,1.36564649592,0.0844099707153
Cr1Cs1F4,-3.47427104981,1.26386166931,0.105083196552
Cr1Cs1F5,-4.06257275804,1.42985639821,0.361873385309
Cr1Cs2F6,-3.33334049346,1.43135881265,-0.174727284508
Cr1Cs2F6K1,-2.62581181934,1.08368329863,-0.708024133574
Cr1Cs2F6Na1,-2.76178624271,0.959715451093,-0.658576183125
Cr1Cs3F7,-2.86928359783,1.43231489458,-0.516200438029
Cr1Cu1F6K1,-3.84486016341,0.957434100307,0.449406218918
Cr1Cu1F7Na2,-3.74306060889,0.592543490559,0.129866701989
Cr1F2,-3.89706271884,0.761370239273,0.944514639729
Cr1F3,-4.82089279099,1.17748387233,1.18403960924
Cr1F3K1,-3.10832498324,0.532907832342,-0.15430746763
Cr1F4,-5.37519083428,1.42715205216,1.32775459095
Cr1F4K1,-3.85566798727,0.848393988874,0.188512863276
Cr1F4Na1,-4.08229202621,0.641780909661,0.270926114023
Cr1F4Na2,-3.15879287761,0.0808015221382,-0.483951369503
Cr1F4Sr1,-3.797846749,0.989290462065,0.629561487135
Cr1F5,-5.74472286315,1.59359750539,1.42356457875
Cr1F5Mn1,-4.5423512501,1.17833165088,1.13929256781
Cr1F5Rb1,-4.24982108939,1.24631218692,0.40201094507
Cr1F5Rb2,-3.12864475908,0.985848198047,-0.364154280213
Cr1F6Hg1,-4.8481341448,1.89531867887,1.10689045168
Cr1F6K1,-4.78984674231,1.24275168453,0.617038276898
Cr1F6K1Rb2,-2.88795948323,0.826721402832,-0.651831549901
Cr1F6K2Na1,-3.21946256767,0.461154234573,-0.55846058305
Cr1F6Li2,-4.45218236394,0.391700144143,0.157164642211
Cr1F6Li3,-3.907410182,-0.0705752955871,-0.310027832535
Cr1F6Mg1,-5.07832268661,1.04581941569,1.01781999678
Cr1F6Mn1Na1,-4.11184886044,0.8210079472,0.540494024654
Cr1F6Mo1,-4.57529864482,1.2017312772,1.43916787246
Cr1F6Na1,-4.95981477152,1.08779187512,0.678848214961
Cr1F6Na1Rb2,-3.0239339066,0.702753555298,-0.602383599454
Cr1F6Na1Sr1,-3.95440494386,0.833590834722,0.285486854196
Cr1F6Na3,-3.49141141441,0.213218539511,-0.459564682156
Cr1F6Nb1,-4.59903353384,1.2284420784,1.31750471095
Cr1F6Rb1,-4.66764132914,1.39375125998,0.589586391647
Cr1F6Rb2,-3.62461567556,1.1458455951,-0.112291080435
Cr1F6Sr1,-4.74648081361,1.34842403943,0.9478247448
Cr1F6Zr1,-4.65846479216,1.3001601567,1.33910145875
Cr1F7Fe1Na2,-3.81096434905,0.589644581202,0.232599486792
Cr1F7Mn1Na2,-3.83789279431,0.593620135754,0.159440406268
Cr1F7Na2Ni1,-3.83634300763,0.681034651817,0.304517519164
Cr1F7Pb2,-4.28702935374,2.16720643732,1.13941115203
Cr1F7Rb3,-3.22675768495,1.08191230941,-0.43957418757
Cr1F8Na1Sr2,-3.89046140269,0.929495797251,0.292767224278
Cr2F12Li3Na3,-3.69941079821,0.0713216219616,-0.384796257345
Cr2F9K1Pb1,-4.17007232879,1.40625875882,0.707400935258
Cr3F14Na5,-3.81370992994,0.446979832305,-0.0611151569803
Cr3F19Pb5,-4.32657479353,2.09389365473,1.14271696368
Cr5F17Rb2,-4.25681011368,1.11360531424,0.667974979414
Cr5F26Na3Sr4,-4.11663074078,0.936275146599,0.476954919494
Cs1Cu1F4,-3.43736194824,1.47093371126,0.118422341793
Cs1Cu2F5,-3.06269027862,1.24079005821,0.215187290444
Cs1Eu1F3,-2.46169955412,1.56221526263,-0.512128868388
Cs1F1,-0.781027567431,1.43661726326,-2.05282962884
Cs1F10Yb3,-4.05424434543,1.81760811646,0.440754426895
Cs1F11Sb2,-5.31554769954,2.3460148139,1.21003112025
Cs1F16I3,-5.98334896741,2.80616238312,1.38595325061
Cs1F2Li1,-2.03972467172,0.267001261193,-1.67945121128
Cs1F33Ti8,-5.19517601691,1.44265202508,1.30856333468
Cs1F3Fe1,-2.75574596475,1.27357789866,-0.0124039668331
Cs1F3Hg1,-2.69423482438,2.18000473933,-0.377861719792
Cs1F3Mg1,-3.06253649127,0.82080591825,-0.520374447645
Cs1F3Mn1,-2.81498854431,1.28232411868,-0.173353943987
Cs1F3Ni1,-2.81157901363,1.47463605402,0.1458157044
Cs1F3Pb1,-2.67108326431,2.2708597937,-0.155336543203
Cs1F3Sn1,-2.89604703414,2.11089333035,-0.0514500407683
Cs1F3Sr1,-2.53158949447,1.30497331622,-0.632366850809
Cs1F3Yb1,-2.47375880558,1.5943672246,-0.516573339468
Cs1F4Fe1,-3.56185213852,1.46561904413,0.306765780593
Cs1F4Mn1,-3.61122095483,1.47290756081,0.172640799638
Cs1F4Sb1,-3.80084924156,2.16784523626,0.435359862891
Cs1F4Ti1,-3.50818155407,1.27702976181,0.229148523137
Cs1F4V1,-3.48746082527,1.3382897095,0.361815896157
Cs1F5K2Pd1,-2.25578566668,0.834527942071,-1.05826663443
Cs1F5Ni1Pd1,-3.13712967675,1.4062300418,0.315062573067
Cs1F5Pd1Rb2,-2.03853159883,1.10297163177,-1.10706998598
Cs1F5Pd2,-2.95504247832,1.3283193319,-0.0653518915753
Cs1F5Te1,-4.49164208185,2.3829684893,0.669961841466
Cs1F6Na1Sn1,-3.87502024211,1.61631846259,0.0485974532152
Cs1F6Nb1,-4.28193978206,1.60531065092,0.687931128569
Cs1F6Re1,-4.01366361377,1.84366763736,1.08904151783
Cs1F6Sb1,-4.74873268303,2.23234012007,0.802173526621
Cs1F7Mo1,-4.62866912797,1.67273595215,0.93104098204
Cs1F7Rb2Si1,-3.33719494625,1.27099559269,-0.0570128039791
Cs1F7Sb2,-4.40481357639,2.31409083086,0.932997761253
Cs1F7W1,-4.3672854363,1.86531917113,1.19946979403
Cs1F8Re1,-4.7294074925,1.96009906419,1.25175611782
Cs2Cu1F6,-3.30873442575,1.56940684063,-0.16583452101
Cs2Cu1F6K1,-2.60366635839,1.2079265238,-0.700020646426
Cs2Cu3F12Sn1,-3.64645872011,1.60327664611,0.454614219223
Cs2Cu3F12Zr1,-3.50610228287,1.35795936098,0.467149200406
Cs2Er1F6Na1,-2.56594239154,1.18293822517,-0.623748530386
Cs2F12K1Mn3,-3.73835326732,1.33441833401,0.200450688549
Cs2F12Mn3Na1,-3.81389461365,1.2655473076,0.227921772133
Cs2F4Hg1,-2.14760417954,1.9676083176,-0.856423979513
Cs2F5Mn1,-2.90367260798,1.46383498642,-0.383726807481
Cs2F6Fe1K1,-2.67836047257,1.20473772352,-0.587014583139
Cs2F6Fe1Na1,-2.81433489594,1.08076987599,-0.537566632692
Cs2F6Ga1Li1,-3.09193683214,1.21001597639,-0.591666080234
Cs2F6Ga1Na1,-2.95327057628,1.30461392142,-0.641511696776
Cs2F6Ge1,-3.52125265334,1.82571613406,0.156252006497
Cs2F6Hf1,-2.98141026245,1.63438718726,0.0297111359413
Cs2F6In1Na1,-2.84064935585,1.38929632351,-0.66146537088
Cs2F6Ir1,-3.01504299489,1.8852530023,0.276908722573
Cs2F6K1Mn1,-2.70798176235,1.20911083353,-0.667489571717
Cs2F6K1Mo1,-2.4293365024,1.10308122252,-0.503921523
Cs2F6K1Ni1,-2.70627699701,1.3052668012,-0.507904747523
Cs2F6K1Rh1,-2.51558264419,1.27169779372,-0.579458142429
Cs2F6K1Ti1,-2.64615812189,1.09158415413,-0.633584937621
Cs2F6K1V1,-2.63372568462,1.12834012274,-0.553984513802
Cs2F6K1Y1,-2.53450912758,1.20168496992,-0.722314896688
Cs2F6Mn1,-3.42464043014,1.57072274032,-0.129688882453
Cs2F6Mn1Na1,-2.84395618572,1.085142986,-0.618041621269
Cs2F6Na1Ni1,-2.84225142038,1.18129895367,-0.458456797073
Cs2F6Na1Sc1,-2.79453852169,0.966276601252,-0.647496511321
Cs2F6Na1Ti1,-2.78213254525,0.967616306593,-0.584136987175
Cs2F6Na1V1,-2.76970010799,1.00437227521,-0.504536563354
Cs2F6Na1Y1,-2.67048355095,1.07771712238,-0.67286694624
Cs2F6Nb1,-3.1361322649,1.47665499582,-0.0560916385341
Cs2F6Ni1,-3.42274624643,1.6775627044,0.0476275888802
Cs2F6Ni2,-2.81157901363,1.47463605402,0.1458157044
Cs2F6Pd1,-3.26089095894,1.60830874006,-0.29051860191
Cs2F6Pt1,-3.11409937798,1.9409376237,0.028833368616
Cs2F6Rb1Y1,-2.43674479704,1.32248463028,-0.744276404892
Cs2F6Si1,-3.61395695945,1.51970399457,0.324065841925
Cs2F6Sn1,-3.4696729245,2.03103896903,-0.0619644917735
Cs2F6V1,-3.34213367711,1.48097750611,-0.00357215143212
Cs2F6Zr1,-3.18896005005,1.54040439876,-0.036894529386
Cs3F6Y1,-2.30567096509,1.45096557817,-0.772372696723
Cs3F7Ge1,-3.02302991044,1.75497088482,-0.245399199939
Cs3F7Mn1,-2.94398354601,1.54633992631,-0.479350836342
Cs3F7Ni1,-2.94243375935,1.63375444237,-0.334273723436
Cs3F7Si1,-3.09887888818,1.50459731615,-0.10809697095
Cs3F7Ti1,-2.8877802365,1.43949749048,-0.448528441716
Cs3F9Fe2,-3.16459148552,1.46147593258,-0.0303192778948
Cs3F9Ga2,-3.36307102886,1.78125314033,-0.178812226579
Cs4Cu3F10,-2.39161301063,1.29838629498,-0.451876509344
Cs4F10Fe3,-2.5234261533,1.29275900037,-0.252454044724
Cs4F10Mg3,-2.7941236767,0.893254311775,-0.700663292497
Cs4F10Ni3,-2.57269060819,1.47016325511,-0.112848452462
Cs4F10Zn3,-2.70710836446,1.55430337203,-0.470412300805
Cs4F12Fe2K1Li1,-2.81568081219,1.09545482724,-0.537367799646
Cs4F12Ga2K1Li1,-2.95461649252,1.31929887267,-0.641312863728
Cs4F12Mn2Pd1,-3.02620547756,1.43673788669,-0.228852992474
Cs6F18Fe6,-2.75574596475,1.27357789866,-0.0124039668331
Cs6F18Mn6,-2.81498854431,1.28232411868,-0.173353943987
Cs6F18Ni6,-2.81157901363,1.47463605402,0.1458157044
Cs7Cu6F19,-2.49227460084,1.28974685947,-0.351816939373
Cs7F15Fe4,-2.30004171921,1.31120236741,-0.483271427296
Cs7F15Ni4,-2.34299021835,1.46586248692,-0.361563987883
Cs9F27Ni9,-2.81157901363,1.47463605402,0.1458157044
Cu1Eu1F1Se1,-0.198295139023,1.19379386231,-0.144930574367
Cu1Eu1F1Te1,0.262766357766,1.32278906356,-0.0160789425259
Cu1F1,-1.93867526983,0.550359099034,0.505482136422
Cu1F11Na1Zr2,-4.5221983268,1.26010893399,1.03743416931
Cu1F18K1Sb3,-5.41754736066,2.12449698765,1.34250608458
Cu1F1Se1Sm1,-0.102315421853,1.20023860979,-0.0727844693882
Cu1F1Se1Sr1,-0.285657564456,0.872241429303,-0.295228052387
Cu1F1Sr1Te1,0.175403932333,1.00123663055,-0.166376420546
Cu1F2,-3.8232445157,1.17551432319,0.971192930215
Cu1F3K1,-3.06403406135,0.781394282696,-0.13830049334
Cu1F3Na1,-3.33598290809,0.533458587634,-0.0394045924445
Cu1F3Rb1,-2.86850540028,1.02299360343,-0.182223509742
Cu1F4K2,-2.73865815235,0.612485693902,-0.61379767486
Cu1F4Na2,-3.12715650483,0.258291843821,-0.472517816437
Cu1F4Sr1,-3.76093764742,1.19636250403,0.642900632374
Cu1F5Pd1Rb1,-3.1727086684,1.12395351018,0.110038064229
Cu1F6K2Na1,-3.19731710672,0.585397459747,-0.550457095907
Cu1F6Mo1,-4.54761681863,1.35703530867,1.44917223139
Cu1F6Pt1,-4.54656470989,1.90606406623,1.42304970293
Cu1F6Sn1,-4.94658494972,2.00742807973,1.32090211
Cu1F6Sr2,-3.74016869134,1.20331189764,0.533469866438
Cu1F6Zr1,-4.63078296598,1.45546418817,1.34910581768
Cu1F7Fe1Na2,-3.79083211183,0.702592967733,0.239875384203
Cu1F7Ga1Na2,-3.91713727578,0.906087554472,0.145379871394
Cu1F7Hf1K1,-3.90287523991,1.28699870458,0.778721627213
Cu1F7In1Na2,-3.81475434811,0.983071556376,0.127240167663
Cu1F7K1Zr1,-4.08967004875,1.20241419493,0.718776528417
Cu1F7Na2Sc1,-3.77283540796,0.598508172509,0.139939130895
Cu1F7Na2V1,-3.75025503187,0.633140603377,0.269902719957
Cu2F7K3,-2.87423144777,0.682864272573,-0.415673849229
Cu3F7Na1,-3.60176196679,0.883670807019,0.511830419906
Dy1F7Pt1,-4.72004038696,2.1042079575,1.43229427183
Er1F1Se1,-1.16484001099,1.89292623155,0.649577826107
Er1F3,-4.33128316306,1.73554080753,1.27110874109
Er1F4K1,-3.52926156865,1.22043194566,0.246558951167
Er1F5K2,-3.12825077145,0.962877514737,-0.265715943788
Er1F6Na1Rb2,-2.82809005543,0.925976329377,-0.567555946716
Er1F7Pt1,-4.69199075382,2.07379253226,1.5061393108
Er2F7K1,-3.85007020642,1.42647549041,0.656378867137
Er3F10K1,-3.9875596226,1.51477986672,0.832015973971
Eu1F2,-3.58214754525,1.6459472622,0.51500497191
Eu1F3,-4.58470641079,1.84091663953,0.861907358376
Eu1F4Mg1,-4.08284499286,1.02810614189,0.508133655863
Eu1F7Sn1,-5.16019685486,2.21072758071,1.23347416921
Eu3F10Rb1,-4.13494788455,1.69138748013,0.465585140078
F10I1Sb1,-6.31634286671,2.72795756772,1.76094074116
F10In3Rb1,-4.5063857386,2.04326126342,0.735507381349
F10K1Y3,-4.21157639277,1.28930607503,0.726762225716
F10K1Yb3,-4.21770017579,1.63955053912,0.47650999835
F10K5Li2Nd1,-2.78168362468,0.308105945183,-1.07407581225
F10Lu3Rb1,-3.82841743593,1.59756988415,0.894557599432
F10Mn3Na1,-4.68042805541,1.21667017741,0.879565029554
F10Na1Sb3,-4.92423585265,2.11016147442,1.21734668232
F10Na4Sn3,-3.50560376946,1.15333507352,-0.0527752852985
F10Nb1Sb1,-5.76010578758,2.07956142624,1.6776796464
F10Pb3Zr1,-4.35404383863,2.39716884727,1.27615695543
F11Fe1Na1Zr2,-4.57199440291,1.25798306713,1.11277154482
F11Hf2Na1V1,-4.29317813249,1.31983067948,1.21471838944
F11I2Sb2,-5.55071878228,2.90923724545,1.6759364752
F11In3Rb2,-4.12263711217,1.88713017097,0.404525437471
F11K1Sb2,-5.47900352989,2.16795723656,1.2457866917
F11La1Zr2,-4.90352524112,1.68498553315,1.39817834439
F11Mn1Na1Zr2,-4.59174192944,1.2608984738,1.05912155243
F11Na1Ni1Zr2,-4.59060541921,1.32500245225,1.16551143523
F11Na1Pd1Zr2,-4.49349224671,1.28345007364,0.962623720757
F11Na1Ti1Zr2,-4.55052616913,1.1825473542,1.08172464183
F11Na1V1Zr2,-4.54223787762,1.20705133328,1.13479159105
F11Na1Zn1Zr2,-4.64138546046,1.35678871865,1.03043175919
F11Pr1Zr2,-4.90874904964,1.67534926081,1.40661978924
F12Fe2Li3Na3,-3.75195945144,0.192376046859,-0.263786706912
F12Fe2Pb3,-4.41165876192,2.19318545897,1.28702573575
F12I4Sb2,-5.20366393386,3.1836746942,1.62399996191
F12In2Li3Na3,-3.77827391134,0.500902494377,-0.387685445101
F12Li3Na3Sc2,-3.73216307719,0.07788277212,-0.373716585542
F12Li3Na3Ti2,-3.71975710075,0.0792224774607,-0.310357061395
F12Li3Na3V2,-3.70732466349,0.115978446075,-0.230756637574
F12Mn1Sb2,-5.69123334971,2.23395726234,1.61899896528
F12Mn3Na1Rb2,-3.9595322047,1.12279069882,0.259139874172
F12Sb2Se10,-4.2325796929,2.94605302028,1.31444164468
F13Hf2Na5,-3.67340345758,0.681489055379,0.0702214356722
F13K1Sb4,-4.93458877877,2.27309866712,1.29256624906
F13Na5Zr2,-3.86019826642,0.596904545732,0.010276336877
F14Fe3Na5,-3.88536718435,0.612054048093,0.103897866356
F14Ga3Na5,-4.07482493027,0.917295928211,-0.0378454028465
F14I2Pb8,-3.41562123111,3.09327612644,1.04237170694
F14In3K5,-3.61221775838,1.31451703909,-0.177436664015
F14K5Ti3,-3.53242210758,0.739498834203,-0.0719888680512
F14K5V3,-3.51546878403,0.789620609598,0.0365571644325
F14Mn3Na5,-3.92575985223,0.618017379913,-0.00584075443949
F14Nb2Se1,-5.71238892168,1.95470973267,1.61754130548
F14Sb2Te1,-6.04323835864,2.57520692744,1.75538159349
F14Sr4Zn3,-4.00743766695,1.40651178271,0.580996568176
F15I1Sb2,-6.23466226277,2.65116540261,1.75857424248
F15K3Ta4,-3.31897775926,1.22195953559,1.03590687629
F15Mn1Na5Zr2,-3.90073273545,0.672890303534,0.149757229356
F15Nb6,-3.91785874373,1.11562535775,1.38644914052
F15Pr1Zr3,-4.96310615135,1.66168737827,1.45115498948
F16I3K1,-6.09776804865,2.68152207899,1.41098215063
F16Sn6Ti1,-4.54732597444,2.31748528553,1.32493996684
F18In1Sb3,-5.87980096745,2.45282743253,1.64892768052
F18Mg6Rb6,-3.32468415516,0.563844022455,-0.464181863974
F18Na3Sb5,-4.68637479048,1.84967055235,0.932972573728
F18Ni6Rb6,-3.07372667753,1.21767415822,0.202008288072
F19Ga3Pb5,-4.53933516416,2.47711417731,1.16167750407
F19Li3Zr4,-4.69602505303,1.04049975762,0.910793624657
F1I1Pb1,-1.86912373774,3.89204006383,0.840510286091
F1K1,-1.92521837984,0.190214221953,-1.80254062866
F1La1Se1,-1.22189346499,2.03069061898,0.226753277908
F1Li1,-3.298421776,-0.902614740866,-1.30607279372
F1Mn1Sb1Sr1,0.175619451467,0.692226595864,-0.128788532551
F1Na1,-2.60509049669,-0.429625015704,-1.55530087642
F1Nd1Se1,-1.26460724095,1.99694640723,0.260210451713
F1Nd1Te1,-0.649858578577,2.16894000889,0.432012627505
F1Pb3Sr5,2.55846665157,0.812664669592,-1.53701812483
F1Rb1,-1.43639672716,0.79421252377,-1.91234816966
F1Sb1Sr1Zn1,-0.0105437898681,1.05181501402,-0.236375257233
F1Se1Y1,-1.51331054235,1.54218922226,0.485849773253
F2,-7.59238300743,2.42582477151,1.90261451778
F21Rb5Zr4,-3.88900293316,1.3470269127,0.413119643556
F22Hg4Ta4,-4.14291474625,2.09002102248,1.54252755734
F22Sr5Zr3,-4.40696840765,1.42032239601,0.945230942362
F24Fe2Mn1Pb8,-4.18508264208,2.37793888798,1.1932345644
F2Fe1,-4.07222489628,1.16488498892,1.34787980783
F2Ge1,-4.46079919849,1.94444220348,1.93745251275
F2Hg1,-3.96970632902,2.67559639004,0.738783552904
F2Hg2,-2.1583679898,2.80048219932,0.156868070463
F2Li1Rb1,-2.36740925158,-0.0542011085473,-1.60921048169
F2Mg1,-4.58354244049,0.410265021576,0.501262339817
F2Mn1,-4.17096252891,1.17946202229,1.07962984592
F2Ni1,-4.16527997776,1.49998191452,1.61157925989
F2Pb1,-3.93112039557,2.82702148065,1.10965884723
F2Pd1,-3.6797141153,1.29222002145,0.597140687515
F2Sb2Se4Sr2,-0.935541482683,2.25173997495,0.278048093333
F2Se3Sn1Sr2,-1.10036160847,2.00574902139,0.0167729548245
F2Sn1,-4.30606001194,2.56041070841,1.28280301795
F2Sr1,-3.69863077915,1.21721068486,0.314608334548
F2Te1,-4.89822447442,2.98529845187,1.66338770415
F2Ti1,-3.96488372734,0.787706424271,1.1926452929
F2V1,-3.92344226978,0.91022631965,1.45798003896
F2Zn1,-4.41918018402,1.65891324649,0.936180879668
F32Fe7Na7Sr2,-4.11096782297,0.890247334541,0.452858652644
F3Fe1,-4.95226442407,1.48011993457,1.48656348532
F3Fe1K1,-3.21342228971,0.775016682135,0.0877116332383
F3Fe1Na1,-3.48537113645,0.527080987073,0.186607534135
F3Fe1Rb1,-3.01789362864,1.01661600286,0.0437886168365
F3Ga1,-5.29960362492,2.03973004814,1.22670082512
F3Hg1K1,-3.15191114934,1.68144352281,-0.277746119725
F3Hg1Rb1,-2.95638248827,1.92304284354,-0.321669136123
F3Ho1,-4.35430524136,1.75898457498,1.20567180949
F3I1,-6.04588551406,3.2245887089,1.70075309694
F3I1Sn2,-3.27506168304,3.09292,1.14822873738
F3In1,-5.01805057384,2.25143605336,1.17681663985
F3Ir1,-4.1047234192,2.198745799,2.20022062517
F3K1Mg1,-3.52021281622,0.322244701727,-0.420258847572
F3K1Mn1,-3.27266486927,0.783762902152,-0.0732383439162
F3K1Ni1,-3.2692553386,0.976074837494,0.245931304473
F3K1Pd1,-2.97791582111,0.851417701649,-0.362731838957
F3K1Sn1,-3.3537233591,1.61233211383,0.048665559301
F3K1V1,-3.12415271381,0.622221480573,0.153771771915
F3K1Zn1,-3.42159546234,1.07143363668,-0.159307723665
F3La1,-4.37407325357,1.8388640981,0.953990329941
F3Mg1Na1,-3.79216166297,0.0743090066649,-0.32136294668
F3Mg1Rb1,-3.32468415516,0.563844022455,-0.464181863974
F3Mn1,-5.02631764853,1.49105270959,1.28537601388
F3Mn1Na1,-3.54461371602,0.53582720709,0.0256575569807
F3Mn1Rb1,-3.0771362082,1.02536222288,-0.117161360317
F3Mo1,-4.32970449864,1.22597868207,1.69429613567
F3Na1Ni1,-3.54120418534,0.72813914243,0.344827205367
F3Na1V1,-3.39610156055,0.374285785507,0.252667672811
F3Na1Zn1,-3.69354430908,0.823497941614,-0.0604118227648
F3Nb1,-4.37717427668,1.27940028447,1.45096981267
F3Nd1,-4.40610858553,1.81355593928,0.979083210292
F3Ni1Rb1,-3.07372667753,1.21767415822,0.202008288072
F3Pb1Rb1,-2.93323092821,2.0138978979,-0.0991439595277
F3Pd1,-4.65788133833,1.57562120896,0.923509145083
F3Pd1Rb1,-2.78238716004,1.09301702238,-0.406654855357
F3Pr1,-4.39235658335,1.80513714492,0.98353538688
F3Rb1Sn1,-3.15819469803,1.85393143455,0.00474254290439
F3Rb1V1,-2.92862405274,0.863820801298,0.109848755513
F3Rb1Yb1,-2.73590646947,1.3374053288,-0.460380755801
F3Rb1Zn1,-3.22606680128,1.31303295741,-0.203230740062
F3Rh1,-4.54531985313,1.64752011005,1.5054545871
F3Sb1,-5.31076007863,2.53345922276,1.67945460877
F3Sc1,-4.90277348845,1.19388674773,1.21173878875
F3Sm1,-4.48872669362,1.84736138701,0.934053463356
F3Ta1,-3.84163752654,1.60886402819,2.10032469063
F3Ti1,-4.87175854736,1.19723601108,1.37013759912
F3V1,-4.84067745419,1.28912593261,1.56913865867
F3Y1,-4.59263606159,1.47248805056,1.14831270145
F3Yb1,-4.59978047511,1.881106592,0.856351769529
F4Fe1K1,-3.943249076,1.05015136369,0.390195447321
F4Fe1Na1,-4.16987311494,0.843538284466,0.472608698063
F4Fe1Rb1,-3.78030852511,1.25148413096,0.353592933653
F4Ga1K1,-4.17480854322,1.42322477275,0.216953673856
F4Ge1,-5.71343272207,2.13699523069,1.92351731477
F4Hf1,-4.74171641847,1.79260312646,1.69574374776
F4Hg1Rb2,-2.52210084224,1.60051989504,-0.776148859986
F4Ho1K1,-3.54460962085,1.23606112397,0.202934330098
F4In1Li1,-4.44484097456,1.20008578862,0.349186828661
F4Ir1,-4.80225533684,2.2441615935,2.14069940369
F4K1Mn1,-3.9926178923,1.05743988038,0.256070466366
F4K1Pr1,-3.56997718218,1.26682950393,0.0548433816956
F4K1Sb1,-4.18224617903,1.75237755583,0.51878952962
F4K1Sc1,-3.91025511891,0.859329239139,0.206978982942
F4K1Sm1,-3.63422392235,1.29497899866,0.021855432677
F4K1Ti1,-3.88957849151,0.861562081373,0.312578189855
F4K1Tm1,-3.57518550762,1.25160316622,0.184634340891
F4K1V1,-3.86885776274,0.922822029049,0.445245562882
F4K1Y1,-3.70349683433,1.04506344102,0.164694924737
F4K1Yb1,-3.70825977668,1.31747580198,-0.029945696542
F4K2Mg1,-3.0645001201,0.284521707508,-0.815196499313
F4K2Mn1,-2.88768015801,0.61417756495,-0.567324710981
F4K2Ni1,-2.88524477896,0.751543233062,-0.339346390694
F4K2Pd1,-2.67714512362,0.662502421735,-0.774105778867
F4K2Zn1,-2.99405915305,0.819656661043,-0.628802839368
F4La1Rb1,-3.39484774475,1.49064690666,-0.00145583660352
F4Li1Lu1,-3.9175322947,0.853436938077,0.472892553833
F4Li1Mn1,-4.4503523577,0.693163559436,0.421559744681
F4Li1Sc1,-4.36798958429,0.495052918191,0.372468261253
F4Li1Y1,-4.16123129972,0.680787120082,0.330184203054
F4Li1Yb1,-4.16599424207,0.953199481038,0.135543581774
F4Mg1Rb2,-2.78517346145,0.62966359426,-0.877943665596
F4Mg1Sm1,-4.01885851475,1.03240264022,0.556231059188
F4Mg1Sr1,-4.14108660983,0.813737853218,0.407935337185
F4Mn1,-5.53953072031,1.67800712197,1.40882371466
F4Mn1Na1,-4.21924193126,0.850826801165,0.338483717115
F4Mn1Rb1,-3.8296773414,1.25877264766,0.219467952698
F4Na1Sb1,-4.40887021797,1.5457644766,0.601202780368
F4Na1Ti1,-4.11620253047,0.654949002152,0.394991440604
F4Na1V1,-4.0954818017,0.716208949835,0.527658813633
F4Na2Pd1,-3.06564347609,0.308308571652,-0.632825920447
F4Nb1,-5.02021602284,1.50868518188,1.54129875369
F4Ni1Rb2,-2.60591812027,1.09668511981,-0.402093556992
F4Pb1,-5.39562544031,2.666542797,1.42684111545
F4Pb1Pd1,-3.80541725542,2.05962075105,0.853399767373
F4Pb1Sn1,-4.11859020376,2.69371609453,1.19623093259
F4Pd1,-5.24478167214,1.74566192147,1.11933021962
F4Pd1Sr1,-3.68917244721,1.25471535315,0.455874511029
F4Pt1,-4.98055682642,2.34439391205,1.69416376657
F4Ru1,-5.08868567399,1.70767020938,1.66205154003
F4Se1,-6.34473708505,2.65831281872,1.65599712413
F4Si1,-5.88030047309,1.58617337961,2.22558221854
F4Sn1,-5.62058921014,2.50657633365,1.53072761788
F4Sr1Zn1,-4.05890548159,1.43806196568,0.625394607114
F4Te1,-5.97588788762,2.76150897972,1.7590784296
F4Ti1,-5.41588343937,1.44295376316,1.47663298285
F4V1,-5.39101856484,1.51646570039,1.63583383049
F4Zr1,-5.11530603615,1.62343410717,1.57585355017
F5Fe1K2,-3.43874140196,0.835167078261,-0.157988571669
F5Fe1Rb2,-3.19433057562,1.13716622917,-0.212892342173
F5Fe1Sr1,-4.41499286197,1.36744454183,0.984296992132
F5Gd1K2,-3.14102777202,1.00173771917,-0.346794976743
F5Hf1Rb1,-3.7973393638,1.50734866854,0.664860342772
F5I1,-6.56138467852,2.9583340631,1.76804023721
F5K1Li1Tm1,-3.50599457471,0.71304868945,-0.188042442762
F5K1Li1Y1,-3.60222806975,0.558143895547,-0.202997004873
F5K1Pd2,-3.24109018143,1.01671857157,-0.00277964152893
F5K1Te1,-4.81855374254,2.02685333463,0.74147298438
F5K1Zr1,-4.20385242005,1.21394271138,0.610598070496
F5K2Pd1Rb1,-2.40142325772,0.691771333297,-1.02704853239
F5K2Sb1,-3.61798922923,1.36183672236,-0.0615430099439
F5K2Sm1,-3.20697253673,1.01878780448,-0.434243582656
F5K2Ti1,-3.39848846359,0.693725116515,-0.216201514775
F5K2Y1,-3.25892722071,0.831351136253,-0.327113963607
F5Li2Mn1,-4.16236971227,0.294218984362,-0.0103483899202
F5Mn1Na2,-3.81570407261,0.53071384694,-0.134962431272
F5Mn1Rb2,-3.23135718785,1.14263261668,-0.31348607789
F5Mo1,-5.41726400158,1.62592737856,1.76373559638
F5Na1Sn2,-3.88081763313,1.81290177738,0.573277044356
F5Na1Te1,-5.01280291878,1.84975640959,0.812112913589
F5Na2Sb1,-3.95792528766,1.05191710353,0.0620768661769
F5Nb1,-5.44891052027,1.66154178014,1.6015180477
F5Os1,-5.17962213957,2.1538754759,2.1849902637
F5Pd1Rb3,-2.18416918988,0.960215022993,-1.07585188394
F5Pd2Rb1,-3.11888476826,1.16771814703,-0.0302315267801
F5Pt1,-5.41586118991,2.35796572196,1.72890555843
F5Rb1Te1,-4.67889041321,2.19942427801,0.710099401231
F5Rh1,-5.56100757123,1.90695499721,1.63784123066
F5Ru1,-5.50596856289,1.82736263641,1.70214536965
F5Sb1Sr1,-4.61984752171,1.96935270651,1.09452049124
F5Sr1V1,-4.35122887917,1.25830511216,1.03148280548
F5Ta1,-5.09188602018,1.88118427597,2.03442129968
F5V1,-5.75791263861,1.66802554558,1.68029727837
F6Fe1K1Rb2,-2.94050813646,0.947775827728,-0.530821999469
F6Fe1K2Na1,-3.2720112209,0.582208659471,-0.437451032618
F6Fe1Li1Mn1,-4.32430987056,0.850404035936,0.730333099068
F6Fe1Li1Rb2,-3.2151488157,0.729210035162,-0.431528432482
F6Fe1Li1Sr1,-4.16686595397,0.862986923472,0.475325928615
F6Fe1Na1Rb2,-3.07648255983,0.823807980194,-0.481374049019
F6Fe1Na1Sr1,-4.01279233635,0.968095751285,0.419941910239
F6Fe1Na3,-3.54396006764,0.334272964408,-0.338555131723
F6Fe1Nb1,-4.66471935038,1.37976010952,1.468766649
F6Fe1Sn1,-5.03995259244,2.00344207938,1.46215968912
F6Fe1Zr1,-4.7241506087,1.45147818782,1.4903633968
F6Ga1K1Rb2,-3.0794438168,1.17161987316,-0.63476706355
F6Ga1Li1Mn1,-4.47868284871,1.09911964197,0.614838583424
F6Ga1Li1Pd1,-4.31493337751,1.13670564169,0.454008863958
F6Ga1Li1Rb2,-3.35408449604,0.953054080592,-0.535473496563
F6Gd1K3,-2.89786589359,0.839433019731,-0.637944107125
F6Ge1K2,-4.02978190329,1.27175922681,0.267491562132
F6Ge1Li2,-4.64009452381,0.786057465558,0.488143933219
F6Ge1Na2,-4.33194728856,0.996275121187,0.377375896461
F6Ge1Rb2,-3.81252783544,1.54020291651,0.218688210577
F6Hf1K2,-3.48993951241,1.08043028002,0.14095069158
F6Hf1Li2,-4.10025213293,0.594728518756,0.361603062665
F6Hf1Rb2,-3.27268544456,1.34887396971,0.0921473400221
F6Hf1V1,-4.43486361271,1.4617118239,1.60658235696
F6Hg1Rh1,-4.71034767587,2.13033679773,1.26759794061
F6Hg3Nb1,-3.04589050455,2.19204943338,0.674508767346
F6Ho1Na1Rb2,-2.83729888675,0.935353836359,-0.593730719356
F6I3Sb1Se1,-4.50850198494,3.44201979785,1.48915418556
F6I3Sb1Te1,-4.34084325885,3.48892714376,1.53600932442
F6I5Sb1,-4.25434620889,3.79297615091,1.49179218003
F6In1K1Rb2,-2.96682259637,1.25630227525,-0.654720737659
F6In1K2Na1,-3.29832568081,0.890735106989,-0.561349770805
F6In1K3,-3.16235125744,1.01470295452,-0.610797721256
F6Ir1K2,-3.52357224484,1.33129609505,0.38814827821
F6Ir1Li1,-4.77506290545,1.48017540716,1.2492457436
F6Ir1Rb2,-3.30631817699,1.59973978474,0.339344926651
F6K1Mo1Rb2,-2.69148416629,0.846119326728,-0.447728939329
F6K1Na1Si1,-4.27356890206,0.828005034507,0.49024756473
F6K1Na1Sn1,-4.12928486708,1.33934000897,0.104217231033
F6K1Nb1,-4.56798748516,1.2937098906,0.750503378615
F6K1Ni1Rb2,-2.96842466091,1.04830490541,-0.451712163851
F6K1Rb2Rh1,-2.77773030808,1.01473589792,-0.523265558761
F6K1Rb2Sc1,-2.92071176221,0.833282552989,-0.640751878101
F6K1Rb2Ti1,-2.90830578578,0.834622258332,-0.577392353951
F6K1Rb2V1,-2.89587334851,0.871378226946,-0.497791930133
F6K1Rb2Y1,-2.79665679147,0.944723074123,-0.66612231302
F6K1Rh1,-4.65206027338,1.47776980339,0.777745765825
F6K1Sb1,-5.03478038613,1.92073935975,0.864745776662
F6K2Mn1,-3.9331696801,1.01676583308,-0.01844932681
F6K2Mn1Na1,-3.30163251069,0.586581769478,-0.517926021199
F6K2Mo1Na1,-3.02298725073,0.480552158469,-0.35435797248
F6K2Na1Ni1,-3.29992774534,0.682737737146,-0.358341197005
F6K2Na1Rh1,-3.10923339252,0.649168729661,-0.429894591909
F6K2Na1Sc1,-3.25221484665,0.467715384732,-0.54738091125
F6K2Na1V1,-3.22737643295,0.505811058687,-0.404420963281
F6K2Na1Y1,-3.12815987591,0.579155905863,-0.57275134617
F6K2Ni1,-3.93127549639,1.12360579716,0.158867144517
F6K2Pd1,-3.76942020891,1.0543518328,-0.17927904627
F6K2Pt1,-3.62262862794,1.38698071646,0.140072924254
F6K2Re1,-3.40619380969,1.1345709654,0.411690485325
F6K2Rh1,-3.71939288215,1.08630689995,0.0793633724016
F6K2Si1,-4.12248620943,0.965747087315,0.435305397569
F6K2Ti1,-3.86447674623,0.886180633748,0.0192224888482
F6K2Zr1,-3.6974893,0.98644749152,0.074345026245
F6K3Mo1,-2.88701282736,0.604520006,-0.403805922929
F6K3W1,-2.65176750486,0.777844903077,-0.16221999214
F6K3Y1,-2.99218545254,0.703123753393,-0.622199296618
F6Li1Mn1Ti1,-4.28852948091,0.724677847715,0.67858826076
F6Li1Mn1V1,-4.27471566173,0.765517812847,0.767033176116
F6Li1Nb1,-4.9112883342,1.02050264989,0.874620337349
F6Li1Ni1Sr1,-4.19788431447,0.974685898663,0.563225745967
F6Li1Os1,-4.70932204867,1.3897529217,1.31222449934
F6Li1Pt1,-4.88650133644,1.54282060625,0.970160970396
F6Li1Rh1,-4.99536112242,1.20456256268,0.90186272456
F6Li1Ru1,-4.95408186617,1.14486829208,0.950090828807
F6Li1Sb1,-5.37808123517,1.64753211904,0.988862735403
F6Li1Ta1,-4.64351995913,1.18523452176,1.19929777633
F6Li1V2,-4.19220890868,0.675772578633,0.893149907131
F6Li2Mn1,-4.54348230061,0.531064071813,0.202203044269
F6Li2Mo1,-4.23387645622,0.413253392926,0.383945320624
F6Li2Nb1,-4.25497413535,0.436996327331,0.275800288181
F6Li2Pd1,-4.37973282942,0.568650071547,0.0413733248142
F6Li2Pt1,-4.23294124846,0.901278955203,0.360725295341
F6Li2Rh1,-4.32970550266,0.600605138704,0.300015743485
F6Li2Ru1,-4.29301283044,0.547543564821,0.342885169472
F6Li2Si1,-4.73279882993,0.480045326063,0.655957768645
F6Li2Ti1,-4.47478936677,0.40047887248,0.239874859932
F6Li2V1,-4.46097554758,0.441318837611,0.328319775288
F6Li2Zr1,-4.30780192053,0.500745730263,0.294997397337
F6Li3Sc1,-3.94016246098,-0.0640141454298,-0.298948160734
F6Li3Ti1,-3.92775648455,-0.062674440089,-0.235588636585
F6Li3V1,-3.91532404728,-0.0259184714739,-0.155988212763
F6Mg1Pb1,-5.09109431538,1.82043863121,1.07974907459
F6Mg1Pd1,-4.99681696027,1.24488808401,0.887554764694
F6Mg1Rh1,-4.94053621767,1.28083753456,1.1785274857
F6Mn1Na1Rb2,-3.10610384962,0.828181090205,-0.561849037597
F6Mn1Na3,-3.57358135743,0.338646074414,-0.4190301203
F6Mn1Pt1,-4.67695896485,1.90754445339,1.46371354632
F6Mn1Rb2,-3.71591561225,1.28520952277,-0.0672526783742
F6Mn1Sn1,-5.07697920468,2.00890846689,1.36156595339
F6Mo1,-5.72799528812,1.74019843469,1.78357544229
F6Mo1Na1,-4.71422062535,1.11203927999,0.933976478176
F6Mo1Na1Rb2,-2.82745858966,0.722151479195,-0.398280988883
F6Na1Ni1Rb2,-3.10439908428,0.924337057874,-0.402264213403
F6Na1Rb1Sn1,-4.02065783316,1.47356185383,0.0798155552529
F6Na1Rb2Rh1,-2.91370473146,0.890768050391,-0.473817608311
F6Na1Rb2Ti1,-3.04428020915,0.710654410799,-0.527944403502
F6Na1Rb2V1,-3.03184777188,0.747410379413,-0.448343979684
F6Na1Rb2Y1,-2.93263121484,0.82075522659,-0.616674362573
F6Na1Sb1,-5.20474841534,1.76577955034,0.926555714725
F6Na2Nb1,-3.94682690009,0.647213982953,0.165032251421
F6Na2Pt1,-3.92479401321,1.11149661083,0.249957258581
F6Na2Si1,-4.42465159468,0.69026298169,0.545189731894
F6Na2Sn1,-4.28036755971,1.20159795617,0.159159398194
F6Na2Ti1,-4.16664213151,0.610696528114,0.129106823177
F6Na2Zr1,-3.99965468528,0.710963385895,0.184229360582
F6Na3Ni1,-3.57187659209,0.434802042082,-0.259445296107
F6Na3Sc1,-3.52416369339,0.219779689669,-0.448485010353
F6Na3V1,-3.49932527969,0.257875363628,-0.305525062384
F6Nb1Rb2,-3.42740744697,1.19114177828,0.0063445655348
F6Nb1V1,-4.60892586544,1.28426310854,1.51005423567
F6Ni1Pb1,-4.93424589186,2.22908246607,1.49611791962
F6Ni1Pt1,-4.67482800817,2.02773941297,1.66319457657
F6Ni1Rb2,-3.71402142854,1.39204948686,0.110063792959
F6Ni1Rh1,-4.78368779416,1.68948136941,1.59489633073
F6Ni1Sn1,-5.074848248,2.12910342647,1.56104698364
F6Ni1Sr1,-4.8470622857,1.62540341764,1.19797397736
F6Os1,-5.52430226354,2.19272537527,2.14465087142
F6Pb1Pt1,-4.58701816485,2.52537925028,1.47497442182
F6Pb1Sr1,-4.75925244237,2.12304325495,1.00975382261
F6Pb1Te1,-5.2091000781,2.78607616757,1.51554608621
F6Pb1Zn1,-5.0294584692,2.28868171555,1.24284352703
F6Pb1Zr1,-4.67123642093,2.07477937222,1.40103053657
F6Pb2Zn1,-4.09380699173,2.43765206927,1.05183285805
F6Pd1Pt1,-4.49274080974,1.94982870307,1.28278011192
F6Pd1Rb2,-3.55216614105,1.3227955225,-0.228082397828
F6Pd1Zn1,-4.9351811141,1.71313116836,1.05064921714
F6Pd1Zr1,-4.57695906582,1.49922882502,1.20883622667
F6Pt1,-5.72679287813,2.36765987189,1.75372112405
F6Pt1Rb2,-3.40537456009,1.65542440615,0.0912695726976
F6Pt1Zn1,-4.77004058552,2.08733866246,1.40992018398
F6Rb1Sb1,-4.91257497296,2.0717389352,0.837293891413
F6Rb2Rh1,-3.50213881428,1.35475058966,0.0305600208416
F6Rb2Si1,-3.90523214157,1.23419077701,0.386502046009
F6Rb2Zr1,-3.48023523216,1.25489118122,0.0255416746953
F6Rb3Y1,-2.69889246093,1.06552273448,-0.68808382122
F6Rh1Sr1,-4.60869434467,1.58344215829,1.10853223372
F6Rh1Zn1,-4.8789003715,1.7490806189,1.34162193815
F6Sn1Zn1,-5.17006082534,2.18870267596,1.30777259105
F6Te1,-6.43774363613,2.66559920594,1.8000887405
F6Ti1Zr1,-4.68389767034,1.31003622608,1.4321504537
F6V1Zr1,-4.66835712376,1.35598118684,1.53165098347
F6W1,-5.3919305417,1.98780543052,2.12869820057
F7Fe1Na2Ni1,-3.88411451058,0.791084129005,0.414526201392
F7Fe1Na2V1,-3.81815877204,0.630241694032,0.372635504767
F7Fe1Na2Zn1,-3.95336002138,0.834429037715,0.230326643147
F7Ga1Mn1Na2,-4.01196946119,0.907164199697,0.174953575683
F7Ga1Na2Ni1,-4.01041967453,0.994578715751,0.320030688586
F7Ga1Na2Zn1,-4.07966518532,1.03792362447,0.13583113034
F7Gd1Pt1,-4.70334808766,2.1083349362,1.43406905929
F7Gd1Sn1,-5.05892163418,2.19843628154,1.3432711989
F7Hf1K1Pd1,-3.85981611979,1.32201041406,0.666505954405
F7Ho1Pt1,-4.7022227886,2.08421198447,1.47705623009
F7Ho2K1,-3.86848786905,1.44523050437,0.604029321855
F7I1,-6.81913426075,2.8252067402,1.80168380735
F7In1Mg1Na2,-4.0221083276,0.774367201393,-0.000922720622724
F7In1Na2Ni1,-3.90803674686,1.07156271766,0.301890984855
F7In1Sr2,-4.22639869703,1.63090083226,0.65949165667
F7In2K1,-4.39948413504,1.83919168708,0.580945186147
F7K1Pd1Zr1,-4.04661092863,1.23742590441,0.606560855609
F7K1Sb2,-4.63365173888,2.0648102226,0.98305556129
F7K1Sc2,-4.30726246673,0.993152242572,0.608882905269
F7K1Sn1Zr1,-4.23451469762,1.61788311049,0.812259554739
F7K1Ti2,-4.28245051385,0.995831653253,0.735601953561
F7K1V1Zr1,-4.11972937498,1.12282779387,0.864812661045
F7K1Yb2,-4.06486805606,1.54292811799,0.324573289891
F7K2Mn2Rb1,-2.96662017893,0.785504505755,-0.379756648208
F7K2Nb1,-4.03943366409,1.07301075687,0.239894577158
F7K2Ta1,-3.82521896404,1.20479625436,0.499636528343
F7K3Mn2,-3.04809045436,0.684838122117,-0.361455391379
F7K3Ni2,-3.04524917881,0.84509806823,-0.0954806843856
F7K3Si1,-3.72298296768,0.824741111783,0.028424301877
F7K3Zn2,-3.17219928193,0.924563734228,-0.433179874491
F7La1Sn1,-5.06658211833,2.20981534007,1.27439993435
F7Mn1Rb1Zr1,-4.09622112217,1.32439816502,0.729346094927
F7Mn1Rb3,-3.30145763315,1.19593734113,-0.40272458588
F7Na2Ni1V1,-3.84353743063,0.721631764641,0.444553537147
F7Ni1Rb3,-3.29990784645,1.2833518572,-0.257647472988
F7Pb1Sb1,-5.35790750177,2.60739454178,1.53911377914
F7Pb1Ta1,-4.70496414531,2.19646334419,1.72616714886
F7Pb2Rh1,-4.17680017859,2.35522093242,1.26797714318
F7Pr1Pt1,-4.71913449617,2.10472423778,1.37832893116
F7Pt1Sm1,-4.7619656563,2.12349056759,1.35633696515
F7Rb1Sb2,-4.53588740834,2.18560988297,0.961094053088
F7Rb3Si1,-3.4563529753,1.15419473096,-0.0314707204916
F7Rb3Ti1,-3.24525432361,1.08909490531,-0.371902191259
F7Rh1Sr2,-4.03730640874,1.38933445494,0.790946835567
F7Sc1Sr2,-4.18028786287,1.20788111001,0.673460516229
F7Sm1Sn1,-5.1175392028,2.21359191293,1.26553910476
F7Sm1Zr1,-4.83682632835,1.72295734265,1.29060906714
F7Sn1Y1,-5.16372114412,2.04698154116,1.3607654328
F7Sr1Ta1,-4.6274676065,1.6598597456,1.4611503113
F8I2Pb5,-3.10632173243,3.25302891392,1.00199942277
F8K2Re1,-4.16731911836,1.36934438469,0.682767582127
F8K3Ta1,-3.50855219999,1.03569924896,0.115940335505
F8Li1Na1Y2,-4.04567608651,0.759618740939,0.288646189273
F8Li1Na1Yb2,-4.05043902886,1.0320311019,0.0940055679903
F8Li4Zr1,-3.99722341453,0.0689425083734,-0.197639584526
F8Na3Ta1,-3.84848825842,0.725779630129,0.239560211624
F8Pb2Zr1,-4.46938659583,2.27993631088,1.32156553038
F9K1Te2,-5.300776303,2.33295985343,1.16547525323
F9Sb1Sn3,-4.61519849399,2.55211794358,1.40484966127
H1As2Ca1F13,-5.80289235791,1.56602958691,1.24789394881
H1As2Cd1F13,-5.84031908436,1.80569509924,1.32328035533
H1As2F13Pb1,-5.81341226084,1.94092472474,1.3710895586
H1B2F10Nd1,-5.25018701922,0.852810605252,1.49946503427
H1B2F10Pr1,-5.24625787573,0.850405235438,1.50073708472
H1Cs1F2,-3.30115947652,0.0689874571749,-1.52345848451
H1Cs1F7I1,-5.25729459772,1.80259542073,0.451440748526
H1F12I2K1,-5.88935222958,2.08019703146,0.976451681808
H1F15Pb2Sb2,-5.40424589017,2.21679085271,1.28579366721
H1F2K1,-3.87325488272,-0.554214063475,-1.39831398442
H1F2Na1,-4.21319094115,-0.864133682306,-1.27469410831
H1F2Rb1,-3.62884405639,-0.252214912566,-1.45321775493
H1F7K2Ti1,-4.22026122614,0.488940091428,-0.165015661896
H1F8K3Sn1,-3.94591070008,0.852067869406,-0.396136950984
H2As3F20La1,-5.91805981813,1.64726145621,1.26119972737
H2Ca1F14Sb2,-5.67133163359,1.41496055638,0.963389302938
H2Cr1F8K2,-4.4509225564,0.207849827149,-0.349826070819
H2Cr1F8Na2,-4.66011397696,0.0171300617249,-0.273752300904
H2Cr2F13K3,-4.42941920822,0.510911822888,-0.0757023611629
H2Cs1F3,-4.14120344623,-0.386889144856,-1.34700143641
H2Cs4F19Hf3Na1,-3.65066597766,1.11476433022,0.0664333818081
H2F14Mg1Sb2,-5.78375818542,1.36879992301,0.97755434738
H2F19Li1Rb4Zr3,-4.07250942945,0.817428031749,0.0603628602577
H3As1B2Ba2F18,-5.25399499907,0.862255691469,0.991495913345
H3F1Si1,-3.75499052692,-2.88318716489,-1.25046001102
H3F4K1,-4.84727313417,-0.926428206194,-1.19620066231
H4As1Ca2F13,-5.37477044983,0.369126284714,0.275023197302
H4Au1F16Sb2,-5.62115685253,1.1568620181,0.731889513482
H4Cr1Cs2F10,-4.5041409133,0.146652383681,-0.560308487188
H4F5K1,-5.04207678446,-1.00087103474,-1.15577799788
H6As2Ca1F18,-5.8097068126,0.505039981041,0.417530508426
H6Ba1F8,-5.31518271744,-0.726509800158,-0.738763033771
H8As12Co1F80Sr5,-5.78541969338,1.54817475568,1.18063924997
