Ag1Ba1P1,2.44081351689,0.0238800235651,-1.55608050724
Ag1Bi1P2Se6,-0.599166690571,2.66542839916,0.195817090498
Ag1Ca1P1,1.86005394937,-0.835524671684,-1.42706430748
Ag1Er1P2Se6,-0.330157194334,2.19062138878,0.120801897795
Ag1Eu1P1,2.14941401638,0.107806890954,-1.32360972725
Ag1Ga1P2Se6,-0.717485379078,2.31229708503,0.103038731412
Ag1In1P2Se6,-0.604864158647,2.39697948712,0.0830850573039
Ag1K2P1,2.37345279138,-0.963391056493,-3.18150165303
Ag1P1Pd5,3.24829100214,-0.662531280597,-1.68280713243
Ag1P1Pt5,4.19195116544,1.47579725718,0.370169820951
Ag1P1Sr1,2.03293078246,-0.320929686398,-1.52400636461
Ag1P2,-0.209555979994,0.237311642282,-0.728579243389
Ag1P2Sc1Se6,-0.558753324489,1.97395976486,0.0970539168609
Ag1P2Se6Tm1,-0.357711557717,2.20932412111,0.0836471316303
Ag1P2Se6V1,-0.533914910789,2.01205543881,0.24001386483
Ag2Cs2P2Se6,0.662964392639,1.90823886782,-0.95171769813
Ag3Ge3P6Sn2,0.575305242574,0.76714293908,-0.0321048318549
Ag3K3P3Se9,0.281567455179,1.49277118739,-0.868288031407
Ag3P11,-1.07706691927,0.322095519185,-0.638059037997
Ag3P1Se4,0.736289455961,1.76441654034,-0.187936206395
Ag4P2Se6,0.432660627209,1.79409089727,-0.15625413449
Ag4P6Rb4Se18Sn2,0.0529197208886,2.02343126815,-0.546002737785
Ag7P1Se6,1.5554307126,1.45299643318,-0.364743151902
As1Cs5P4Se12,0.164242498857,2.21008642213,-1.01985187397
As2Cs6P6Se18,-0.109142123338,2.28047376604,-0.747103353555
As2K6P6Se18,-0.53821367799,1.81307262555,-0.653244978487
As3K7P8Se24,-0.633740529585,1.90187564669,-0.520805414227
Au16Ba8P30,0.898670576897,0.883443940814,-0.721432497246
Au1Ba1P1,2.66601247369,0.827820311866,-1.16597185778
Au1Ca1P1,2.08525290618,-0.0315843833907,-1.03695565802
Au1Eu1P1,2.37461297319,0.911747179249,-0.933501077792
Au1K2P1,2.54235200899,-0.36043584027,-2.88892016594
Au1K5P2,2.34458252115,-0.887903230787,-3.56923633217
Au2Ba1P4,0.772339963075,0.86884617499,-0.712635717626
Au2K2P2Se6,0.394166933582,1.89474133154,-0.673233706671
Au2P2Pb1,1.7524871818,1.78550269744,-0.311366144192
Au2P3,0.546488894178,1.15456101717,-0.31114017907
Au3P7Sn1,-0.0210194399687,1.15232331408,-0.316197999585
Au7I1P10,0.526469773281,1.42157472627,-0.228456831395
B12P2,0.188214865231,-3.04898730669,3.2101247098
B13P2,0.219623770501,-3.08813946006,3.2510719029
B1Br3I3P1,-1.93038227872,3.5658862515,1.29924434793
B1Br6P1,-2.55856501127,3.31130750092,1.35846082784
B1Cs3P2,2.24552647369,-0.224104557859,-2.52512234279
B1K2Na1P2,0.874711622341,-1.67712067838,-2.19242009187
B1K3P2,1.10133566129,-1.47050759917,-2.27483334261
B1Na3P2,0.421463544431,-2.09034683682,-2.02759359037
B1P1,-0.989619082773,-1.5807815549,1.67460496894
B1P2Rb3,1.59015731396,-0.866509297349,-2.38464088361
B2Mn5P1,1.50493780245,-1.67051876225,0.54273063187
B6P1,0.188214865231,-3.04898730669,3.2101247098
Ba1Cd2P2,1.18066526353,0.688969433534,-1.29717793913
Ba1Cu10P4,2.12723334123,-0.767855206843,-0.91830797215
Ba1Cu1P1,2.12965591282,-0.338662811454,-1.44146645767
Ba1Cu2P4,0.31260576804,-0.13099650214,-0.948773946099
Ba1Fe2P2,1.19430626253,-0.386032903164,-0.686210204088
Ba1Ga2P2,0.638563541186,0.509343278548,-1.10199046041
Ba1Ge2P2,0.728017099885,0.549435754308,0.0212770418115
Ba1In2P2,1.08904842291,0.848072886908,-1.18180515684
Ba1Ir1P1,3.01073020538,0.608875673508,-0.113236726919
Ba1Ir2P2,2.55037187033,0.763768479922,0.455641219659
Ba1K1P1Se4,0.142752562301,1.80239740596,-0.894619243582
Ba1Li1P1,1.22315824203,-1.30731203806,-2.64916974443
Ba1Mg2P2,0.580725209493,-1.29157686398,-1.70215116571
Ba1Mn2P2,1.0758211034,-0.368540463132,-1.0081101584
Ba1Na1P1,1.6853790949,-0.991985554621,-2.81532179956
Ba1Ni10P6,0.962956649189,-0.0490816098523,0.263924998348
Ba1Ni2P2,1.08264016476,0.0160834075487,-0.369770861622
Ba1Ni2P4,0.0194325148361,0.147118576146,-0.399871377804
Ba1Ni9P5,1.08799490433,-0.0638260043772,0.26215592639
Ba1Os2P2,2.76074261203,0.474416526468,0.657173238034
Ba1P10,-1.91575856537,0.416497874318,-0.700804831136
Ba1P1Pt1,2.71356105608,0.775929537748,-0.857462788779
Ba1P2Pd2,1.66531919973,-0.233230864136,-1.58709714848
Ba1P2Rh2,1.84541757604,-0.118192622391,-0.655984441253
Ba1P2Ru2,1.97751119605,-0.309214288317,-0.501654507666
Ba1P2Zn2,0.777959917261,0.206801005917,-1.18024891789
Ba1P3Pt2,1.38837630766,0.882645347128,-0.443712156855
Ba1P4Pd2,0.435631825531,-0.0309630464954,-1.26939015413
Ba1P4Te2,-0.608805625158,1.42024703672,-0.355464139869
Ba1P8,-1.75513011102,0.40356262471,-0.750956422876
Ba2Cu3P4,1.24619941386,-0.26751893855,-1.16563270305
Ba2Ge1P2,1.43004779214,0.319982669111,-0.971673950693
Ba2In5P5,0.913070362167,0.890308772133,-1.10781260256
Ba2P2Se6,-0.277704983207,2.21478263235,-0.2848332959
Ba3Ga3P5,0.680076014539,0.411009549683,-1.24105577085
Ba3In2P4,1.19923473954,0.539844523625,-1.41939156005
Ba3P14,-1.2354498175,0.361713287693,-0.913211572668
Ba3P2Se8,-0.0132949801941,2.24298215232,-0.343608024596
Ba3P4,0.769031314567,0.200294416389,-1.53905286464
Ba3P4Sn2,1.10182124001,0.784580675464,-1.18744555733
Ba3P6Si4,0.306012664545,-0.364481141695,0.180476669023
Ba4Ge1P4,1.38867883356,0.246461069296,-1.30265200107
Ba4P4Si1,1.29597452743,-0.0595510701952,-1.13483816564
Ba4P4Ti1,1.55398399062,-0.139117523776,-1.55092107436
Ba5P9,0.20109499383,0.246029763264,-1.36173116526
Ba6Ga2P6,1.37150576208,0.258400042168,-1.58561251958
Ba6P6Sn2,1.46977025587,0.536705285628,-1.46500962371
Ba8Cu16P30,0.421909189451,-0.153429946581,-0.966316586032
Be1K4P2,1.49767396593,-1.74395996544,-3.43433200896
Be1Li1P1,-0.283313721378,-2.91063173283,-2.01639279974
Be1P2,-1.4946890765,-1.34204481588,-0.669846987422
Be2Ca1P2,-0.0241436122008,-2.34909686697,-1.12788288971
Be2Mg1P2,-0.451364509151,-2.52450727377,-1.07405572082
Be3P2,-0.579571049744,-2.79544586669,-0.825626442746
Bi1Cu1P2Se6,-0.692513971791,2.55666554865,0.23020130537
Bi1K1P2Se6,-0.689822593793,2.48463657323,-0.231403247647
Bi4P6Se18,-1.04137839819,3.03885875712,0.34670475836
Br1Cd2P3,-0.854888193399,1.50452431278,-0.458384409439
Br1Eu2P1,0.789128290207,1.39727370942,-0.935617865116
Br1Hg2P3,-0.741002126941,2.11940043332,-0.558340885178
Br2La2P1,0.352006286237,2.10293567182,-0.350545648097
Br3Cu3P4Se4,-1.00503597008,1.93589841848,0.132993366605
Br3Cu3P8Se6,-1.36665784061,1.80889669322,0.0650235779308
Br3P1,-2.97080689307,3.82517951405,0.821028918534
Br5P1,-3.00772025786,4.19745429367,0.96504576152
Br6Hg7P4,-0.359652892334,3.16334273515,-0.323774272126
Br6Hg7P4Sn1,-0.213750732816,3.14480050441,-0.303387922667
Br8Ge38P8,0.420906132532,1.49328539568,1.52767661735
Ca1Cd2P2,0.832209523027,0.173326616385,-1.21976821927
Ca1Co2P2,0.819729684112,-0.717538525798,-0.415172609134
Ca1Cu1P1,1.5488963453,-1.19806750671,-1.31245025791
Ca1Cu2P2,1.14462697874,-0.888920519194,-1.06082473739
Ca1Cu4P2,1.87902854704,-1.01354510612,-1.01248916812
Ca1Fe2P2,0.845850522023,-0.901675720313,-0.608800484232
Ca1Ga2P2,0.290107800678,-0.00629953860153,-1.02458074056
Ca1In2P2,0.740592682401,0.332430069759,-1.10439543699
Ca1Ir2P2,2.20191612982,0.248125662772,0.533050939515
Ca1Mn2P2,0.727365362891,-0.884183280281,-0.93070043854
Ca1Ni2P2,0.734184424251,-0.4995594096,-0.292361141766
Ca1P1,0.465828284069,-1.13454797335,-1.5228502644
Ca1P1Pt1,2.13280148858,-0.0834751574885,-0.728446589021
Ca1P2Pd2,1.31686345923,-0.748873681285,-1.50968742862
Ca1P2Rh2,1.49696183554,-0.63383543954,-0.578574721396
Ca1P2Ru2,1.62905545554,-0.824857105466,-0.42424478781
Ca1P2Zn2,0.429504176755,-0.308841811233,-1.10283919803
Ca2Co12P7,1.11923099338,-0.615451356421,0.00965459568075
Ca2Cu1P3Zn2,0.849276239962,-0.642301447038,-1.18144334549
Ca2Cu6P5,1.24905754716,-0.851131680097,-0.989743887085
Ca2I1P1,0.773876678067,0.15199553252,-1.13027738874
Ca2Ni7P4,1.18527865286,-0.465438884179,0.0126857549746
Ca2P2,0.465828284069,-1.13454797335,-1.5228502644
Ca2P2Se6,-0.626160723715,1.6991398152,-0.207423576043
Ca2P4Si2,-0.184725094394,-0.891705409267,-0.000842543871833
Ca3Cu2P4Zn2,1.04008172323,-0.793874008775,-1.21717250343
Ca3Ga2P4,0.368205793308,-0.507743287374,-1.24603386227
Ca3Ge2P4,0.417902214802,-0.485469689738,-0.621996361035
Ca3I3P1,0.550423403201,1.30084867542,-0.700192820958
Ca3In1P3,0.785702347325,-0.725573991593,-1.44823979719
Ca4Cu3P5Zn2,1.14911342797,-0.880486901181,-1.23758916511
Ca4Ir8P7,2.45667943191,0.236200355675,0.586112708348
Ca5Ir19P12,2.97208411486,0.578059291611,1.1170382966
Ca5P12Rh19,2.04193608768,-0.585639385058,-0.349690006002
Cd1Ge1P2,-0.135203993024,0.815400332035,-0.0580314458702
Cd1K4P2,1.80351437137,-0.843094435671,-3.46714819809
Cd1Li1P1,0.4303138913,-0.808612163382,-2.0929639077
Cd1Na4P2,1.02651766639,-1.55148213585,-3.18458848124
Cd1P14Pb1,-1.91342618019,0.725363570681,-0.526061174953
Cd1P14Sn1,-1.98372735826,0.675374050886,-0.493596642944
Cd1P1Pd5,3.0033600805,-0.438532804318,-1.69045235472
Cd1P1Pt5,3.94702024381,1.69979573344,0.362524598662
Cd1P2,-0.781061463817,0.759974753568,-0.746418095395
Cd1P2Rb2Se6,-0.0935386962395,2.01224680529,-0.879700973023
Cd1P2Si1,-0.3437886818,0.12687301818,0.319549683848
Cd1P2Sn1,-0.0191496031102,1.27737671073,-0.549018566977
Cd1P4,-1.52407152228,0.645867451184,-0.637899924542
Cd2Eu1P2,1.00582556323,0.739325553964,-1.15769547113
Cd2I1P3,-0.575695867819,1.61767042414,-0.484702844953
Cd2P2Se6,-0.753411593639,2.51400255716,0.0488902061344
Cd2P2Sr1,0.935935622884,0.482083607559,-1.27793345355
Cd3P2,0.704958653103,0.988189358344,-0.963454437095
Cd3P3Pr1,0.870561334913,0.765532507779,-1.00944240851
Cd4I3P2,0.248844776907,2.57045551338,-0.313419403558
Cd4K1P3,0.945267716472,0.587596028404,-1.51113744731
Cd7P10,-0.343996723552,0.827096696157,-0.810252313534
Ce16Ni36P22,1.63600798525,-0.00699398596004,-0.0612010539172
Ce1Co2P2,1.13458301589,-0.147525051039,-0.290288212981
Ce1Co5P3,1.30474401812,-0.328097058613,0.0267640548782
Ce1Cu2Li1P2,1.38215683467,-0.970931579239,-1.5324103019
Ce1Fe2P2,1.1607038538,-0.331662245554,-0.483916088078
Ce1Fe4P12,-0.861539069339,0.022044976221,-0.393763902779
Ce1Ir1P1,2.95472619083,0.699493436197,0.223920133093
Ce1Ir2P2,2.5167694616,0.818139137531,0.657935335669
Ce1Li2P2,0.371683105576,-1.48128611635,-2.38518428535
Ce1Na1P2Se6,-0.587538174234,1.93001931672,-0.389245218976
Ce1Ni10P4,1.43196161417,-0.100796471637,0.42989605923
Ce1Ni1P1,1.73161643619,0.0764225425464,-0.46392326797
Ce1Ni2P2,1.04903775603,0.0704540651585,-0.167476745611
Ce1Os4P12,0.0598940774254,0.528191699531,0.396461651415
Ce1P1,1.25296161351,0.290485713554,-1.21063927402
Ce1P12Ru4,-0.400830284921,0.067232396712,-0.285201728413
Ce1P1Pd1,2.21718229867,-0.13133935052,-1.47836184036
Ce1P2,-0.0442211276461,0.351892641572,-0.9654670721
Ce1P2Pt4,3.10490402964,1.30433711737,0.0778631186577
Ce1P2Rb3Se8,0.228062722269,1.94639991524,-1.05157952796
Ce1P2Rh2,1.81181516731,-0.0638219647819,-0.453690325243
Ce1P2Ru2,1.94390878732,-0.254843630708,-0.299360391656
Ce1P5,-1.34140386882,0.413299569585,-0.720294870182
Ce1P6Si2,-0.972327832703,-0.065595606766,0.248668239304
Ce2Co12P7,1.26916115136,-0.344016368436,0.0691233557645
Ce2Cu9Mn3P7,1.58427813802,-0.58715591654,-0.80676386358
Ce2Fe12P7,1.30647663408,-0.607069503461,-0.207487894378
Ce2Ni12P7,1.14695363727,-0.0326176310156,0.244568309149
Ce2Ni7P4,1.42747352345,-0.0269669805299,0.108750675094
Ce2P1Pt8,4.67131056772,1.53060001367,0.228677424183
Ce5Cu19P12,1.79569796538,-0.526367285465,-0.899266835336
Ce5P12Ru19,2.4348744278,-0.441839170125,-0.059334957417
Ce6Ni6P17,0.0739532117768,0.227495766881,-0.468171316357
Ce6P17Pd6,0.375338919538,0.0985401091199,-1.09782284405
Ce9Ni26P12,1.79892824115,-0.0530092861444,0.0755394129791
Co12Dy2P7,1.27440494515,-0.360000862413,0.131803540522
Co12Er2P7,1.29844748783,-0.386071226904,0.195099288216
Co12Eu2P7,1.20190529822,-0.345928052806,0.0392130471905
Co12Gd2P7,1.28871263025,-0.356463452103,0.133324786925
Co12Ho2P7,1.28967717229,-0.377140267871,0.170170933318
Co12Li2P7,0.874021115019,-0.757094385842,-0.175505618095
Co12Lu2P7,1.33814105316,-0.387624762133,0.229867473565
Co12Mg2P7,0.915792471015,-0.698980121563,0.0352865808649
Co12Nb2P7,1.28096515885,-0.559839045223,0.263617791673
Co12Nd2P7,1.269942565,-0.356351176704,0.0838514669634
Co12P7Pr2,1.27518142297,-0.359558336467,0.0855475342331
Co12P7Sc2,1.0807368877,-0.592415630631,0.172482163516
Co12P7Sm2,1.23846900001,-0.343472910908,0.0666972776518
Co12P7Ti2,1.09255210335,-0.591139720792,0.232824567461
Co12P7Tm2,1.27220523701,-0.368259100873,0.159713796637
Co12P7Yb2,1.19616279753,-0.330617594722,0.0370966323892
Co12P7Zr2,1.23568420012,-0.505196699838,0.280072456662
Co1Cr1P1,1.25259349318,-0.996494639186,-0.24144256964
Co1Fe1P1,1.07743131573,-0.592979889521,0.161922598466
Co1Hf1P1,2.30838418619,-0.387409515361,0.371872691707
Co1Hf2P1,3.39652562399,-0.475627999953,0.495969685708
Co1Hf4P1,4.48466706179,-0.563846484544,0.620066679703
Co1Mn1P1,0.978693683134,-0.578402856172,-0.106327363471
Co1Mo1P1,1.9075112163,-0.931834892862,0.438899465597
Co1Mo1P2,0.770986759739,-0.580199545246,0.210393932127
Co1Nb1P1,1.84421817892,-0.860606089663,0.114464368264
Co1Nb4P1,3.55633504723,-1.51023963316,0.105250032788
Co1Nd1P1,1.80563910045,-0.14839854992,-0.514717768245
Co1P1,0.132101310612,-0.210972546174,0.123678703715
Co1P1Pd1,1.46994209674,-0.465644857013,-0.588816521872
Co1P1Pr1,1.82397510338,-0.159623609059,-0.5087815328
Co1P1Sc1,1.14341922991,-0.974624138655,-0.204510330301
Co1P1Se1,-0.363316924778,1.05543997174,0.305628318982
Co1P1Sm1,1.695481623,-0.103324619612,-0.574757430827
Co1P1Ta1,2.55826717911,-0.421321098031,0.980270872204
Co1P1Ta4,4.98443304762,-0.631669649888,1.83686304069
Co1P1Ti1,1.18477248469,-0.970158454188,0.00668808352185
Co1P1V1,1.22621394225,-0.847638558798,0.272022829586
Co1P1W1,2.69166229132,-0.354085235942,1.24418590155
Co1P1Zr1,1.68573482339,-0.66935788085,0.172055695724
Co1P1Zr2,2.46255157979,-0.898550548187,0.19624419173
Co1P1Zr4,3.23936833619,-1.12774321552,0.220432687736
Co1P2,-0.791461329582,0.0175871350873,-0.0759217536106
Co1P2W1,1.359100066,-0.146887302553,0.814358759098
Co1P3,-1.25324264968,0.131866975716,-0.175721982275
Co1P3Si3,-0.301268800849,-0.684261237292,1.4070673051
Co2Eu1P2,0.993345724315,-0.151539588218,-0.353099860995
Co2La1P2,1.16185225009,-0.153181621363,-0.279433483744
Co2Nd1P2,1.13622398452,-0.173428148418,-0.259359179462
Co2P1,1.0556639508,-0.439532227434,0.323279161037
Co2P2Pr1,1.14722558627,-0.180163183906,-0.255797438193
Co2P2Sm1,1.07012949805,-0.146383790233,-0.295382977012
Co2P2Sr1,0.923455783968,-0.408781534624,-0.473337843411
Co30Er6P19,1.26659326485,-0.361672559099,0.161938546183
Co30Lu6P19,1.31206043968,-0.363452063089,0.201763922125
Co30P19Tm6,1.23653395934,-0.341269578378,0.121406074003
Co30P19Yb6,1.1494308014,-0.298152944065,-0.0190463141339
Co3Dy1P2,1.4384606909,-0.300352338663,-0.0118031748789
Co3Er1P2,1.48053514062,-0.34597547651,0.098964383596
Co3Gd1P2,1.46349913985,-0.294161870596,-0.00914099367961
Co3Lu1P2,1.54999887993,-0.348694163166,0.159808707953
Co3Nd1P2,1.43065152563,-0.293965388673,-0.0957193036037
Co3P2Pr1,1.43981952709,-0.299577918248,-0.0927511858785
Co3P2Sm1,1.37557278691,-0.27142842352,-0.125739134894
Co3P2Tm1,1.43461120164,-0.314804255961,0.0370397733206
Co3P2Y1,1.30629987494,-0.521343981152,0.017100357161
Co3P2Yb1,1.30153693258,-0.248931620195,-0.177540264113
Co4Gd2P3,1.59944420286,-0.245705084989,-0.119947711919
Co4Hf2P3,1.89081077439,-0.404783752723,0.355674848152
Co4Nb2P3,1.58136676954,-0.720248135595,0.184069299192
Co4P3Zr2,1.4757111992,-0.592749329715,0.222463517498
Co5Dy1P3,1.31086177754,-0.34674563492,0.0998909370908
Co5Er1P3,1.33891141069,-0.377161060149,0.173735976066
Co5Gd1P3,1.32755407683,-0.342618656216,0.101665724558
Co5Ho1P3,1.32867937589,-0.366741607951,0.144652895359
Co5La1P3,1.31989359267,-0.331239597682,0.0327944600103
Co5Lu1P3,1.38522057023,-0.378973517925,0.214298858982
Co5Nd1P3,1.30565566737,-0.34248766826,0.0439468512726
Co5P3Pr1,1.31176766834,-0.346229354645,0.045925596424
Co5P3Sc1,1.08491571051,-0.617896197838,0.147349330585
Co5P3Sm1,1.2689365082,-0.327463024836,0.023933630414
Co5P3Tm1,1.30829545137,-0.356380246453,0.132452902554
Co5P3Y1,1.22275456689,-0.494073396588,0.119159958455
Co5P3Yb1,1.219579272,-0.312465155949,-0.0106004557337
Co6Li1P4,0.714357127525,-0.7011034366,-0.189124574924
Co6Mg1P4,0.754229785512,-0.645630729775,0.0120861604632
Co8Eu1P5,1.03340744135,-0.336677713426,0.0817152246006
Co8La1P5,1.09358834341,-0.337264153834,0.108024645051
Co8P5Pr1,1.0883645349,-0.346900426172,0.116466089887
Cr12P7,1.23435937001,-1.44671160101,-0.788741056557
Cr1Fe1P1,1.27436085811,-1.14994230128,-0.402799132226
Cr1Nb1P1,2.04114772129,-1.41756850142,-0.450257362438
Cr1Ni1P1,1.18130577663,-0.814845375687,-0.139099680178
Cr1P1,0.427495624166,-1.0464161638,-0.723403892322
Cr1P1Pd1,1.66687163911,-1.02260726876,-1.15353825256
Cr1P1Se3,-0.641493787676,1.73439253902,0.112354972788
Cr1P1Ti1,1.38170202706,-1.52712086593,-0.558033647167
Cr1P1Zr1,1.88266436576,-1.2263202926,-0.39266603496
Cr1P2,-0.59453178721,-0.539375276661,-0.640643484302
Cr1P4,-1.41215371632,-0.133742566958,-0.57443515789
Cr2P1,1.44952303554,-1.55345705094,-0.806164300343
Cr30P19Zr2,1.26000380114,-1.39566663533,-0.738044408421
Cr3P1,1.96053674124,-1.8069774945,-0.847544504349
Cr5P3Zr1,1.59390347895,-1.44441146483,-0.668331545226
Cs10P4Pd1Se16,1.03961618146,2.02613465106,-1.71885789059
Cs12In4P8,2.58645952077,0.66998535987,-3.3292739428
Cs1Mn1P1,2.02120656358,-0.13038240784,-2.34991198051
Cs1Mn2P2,1.21938230178,-0.245940840421,-1.61823962153
Cs1P1Pb1Se4,0.195218929778,2.70065588311,-0.611648391358
Cs1P1Se6,-0.591647388854,2.80646328725,-0.308278893322
Cs1P3Zn4,0.727933736733,0.296486254207,-1.42754842081
Cs1P7,-1.55497229966,0.471294404779,-1.16676655667
Cs2Cu2P2Se6,0.507385590612,1.72696745031,-0.894410673347
Cs2Mn1P2Se6,0.120949143633,2.00550537041,-0.865087917107
Cs2Ni1P2,1.89448172135,0.298505741155,-2.38745682867
Cs2P2Pt1,2.45004608456,0.772580595887,-2.42128642515
Cs2P2Si1,1.55030243789,0.0143600634482,-1.88986797318
Cs3Na2P3Sn1,1.91180153277,-0.108246473978,-3.27038242825
Cs3P1Se4,1.25447292818,2.02124947411,-1.97772922457
Cs3P7,-0.0379122652104,0.466517474826,-2.13506800043
Cs4Ge1P4Se12,-0.0419289179587,2.27282486516,-0.756767937054
Cs4P2Pd1Se8,0.810435651651,2.03134550648,-1.44272846768
Cs5Ge1P3,2.67091643915,0.515871703917,-3.27328981995
Cs5In1P4Se12,0.275109041041,2.22378748887,-1.13218663409
Cs5P3Si1,2.57821213302,0.209859564423,-3.10547598451
Cs6Ga2P4,2.39875748673,0.528848023052,-3.29601781929
Cu1Er1P2,0.972468904468,-0.177751165664,-0.616326042617
Cu1Eu1P1,1.83825641231,-0.254735944071,-1.20899567767
Cu1Hf4P1,4.62004093454,-0.635255648468,0.351044959594
Cu1Ho1P2,0.94944682617,-0.154307398211,-0.681762974219
Cu1I1P4Se3,-1.36757413254,1.88437721786,0.0346233961095
Cu1I1P4Se4,-1.36623205884,2.05476599683,0.0981138114508
Cu1In1P2Se6,-0.698211439867,2.28821663661,0.117469272177
Cu1K2P1,2.14008458833,-1.23529818276,-3.09554111585
Cu1Li2P1,0.766881192163,-2.32812714558,-2.59907328091
Cu1Mg1P1,0.836861517066,-1.49041818471,-1.22273830977
Cu1Mn1P1,1.24944142866,-0.721221183993,-0.64437080367
Cu1Na2P1,1.46021247147,-1.85513742042,-2.84830136361
Cu1P1Si1Zr1,1.70936934276,-1.05224020351,0.60487244703
Cu1P1Sr1,1.72177317839,-0.683472521425,-1.40939231503
Cu1P1Zr4,3.37474220894,-1.19915237944,-0.0485890323771
Cu1P2,-0.520713584069,-0.125231192742,-0.613965193814
Cu1P2Sm1,0.815025373908,-0.0659305861757,-0.953381320349
Cu1P2Y1,0.711116005939,-0.440803922633,-0.739122082255
Cu2Eu3P4Zn2,1.27683086896,-0.0220572757149,-1.13252784687
Cu2Hf1P2,1.76276833059,-0.48821672108,-0.373057031742
Cu2K2P4Se10,-0.510106831362,1.72447057023,-0.444661512095
Cu2Li1P1,1.44675444525,-1.60164022563,-1.69329581584
Cu2Li1P2,0.629686234205,-1.18637088098,-1.44966118633
Cu2Li1P2Sm1,1.3284455698,-0.969980528562,-1.53665593859
Cu2Li1P2Y1,1.25917265782,-1.21989608621,-1.39381644653
Cu2Li1P2Yb1,1.25440971547,-0.947483725246,-1.58845706781
Cu2P1Ti1,2.02039828961,-1.16600922987,-0.621429078752
Cu2P2Zr1,1.38917871292,-0.657385740375,-0.492947229333
Cu3I3P12,-1.37428450101,1.03243332301,-0.282828680611
Cu3I3P8Se6,-1.11538474759,1.91072819345,0.0413369859682
Cu3K3P2,2.13672036583,-1.14526196349,-2.51853542458
Cu3K3P3Se9,0.125988653138,1.31149976988,-0.810981006614
Cu3P1,2.12662769834,-0.87515330568,-0.78751835077
Cu3P1Se4,0.386237151387,1.35655585094,-0.0589954006229
Cu4Dy1Mn1P3,1.64620201569,-0.583460281595,-0.760702491351
Cu4Eu1P3,1.42283667754,-0.473764319669,-0.906522888047
Cu4Gd1Mn1P3,1.66289431497,-0.579333302891,-0.758927703884
Cu4Ho1Mn1P3,1.66401961402,-0.603456254635,-0.71594053308
Cu4Nd1P2,2.10509590446,-0.624894836569,-0.901193861207
Cu6Eu2P5,1.38260834731,-0.415747881952,-0.941995619281
Cu6P5Sr2,1.32884685475,-0.61362630227,-1.03448637499
Cu7P1Se6,1.0886943065,0.909182180643,-0.192822077539
Cu9Dy2Mn3P7,1.58952193182,-0.603140410521,-0.744083678826
Cu9Gd2Mn3P7,1.60382961692,-0.599603000199,-0.742562432426
Cu9La2Mn3P7,1.59726348765,-0.589849521444,-0.801594944898
Cu9Mn3Nd2P7,1.58505955166,-0.599490724808,-0.792035752382
Cu9Mn3P7Pr2,1.59029840964,-0.602697884564,-0.790339685115
Cu9Mn3P7Sm2,1.55358598668,-0.586612459004,-0.809189941696
Dy1Fe5P3,1.34714071908,-0.602491738414,-0.169036667204
Dy1Ni1P1,1.74996971445,0.0204768136069,-0.244542621322
Dy1Ni2P2,1.06004972298,0.0368866277945,-0.0358483576216
Dy1Ni4P2,1.52544296828,-0.0741392085622,0.268539385739
Dy1P1,1.2804915309,0.206567120143,-0.881568304043
Dy1P1Pt1,2.67591031981,0.810601571499,-0.30092528212
Dy1P2Pt8,3.96876178479,1.5488367756,0.422238801582
Dy1P2Ru2,1.95492075427,-0.288411068072,-0.167732003667
Dy1P5,-1.33222722969,0.385326705114,-0.610604546859
Dy2Fe12P7,1.31172042787,-0.62305399745,-0.144807709621
Dy2Mn12P7,1.14245591483,-0.598064797402,-0.604664787207
Dy2Ni12P7,1.15219743105,-0.0486021250021,0.307248493903
Dy5P12Ru19,2.44252162707,-0.465149890522,0.032073645356
Er1Fe5P3,1.37519035223,-0.632907163643,-0.0951916282281
Er1Ni1P1,1.83411861387,-0.0707694620953,-0.0230075043824
Er1Ni2P2,1.11053906264,-0.0178611376258,0.0970727125422
Er1Ni4P2,1.56150678232,-0.113244755288,0.363483007284
Er1P1,1.40671488003,0.0696977065916,-0.549265628632
Er1P1Pd1,2.31968447635,-0.278531355163,-1.03744607677
Er1P2Ru2,2.00541009393,-0.343158833493,-0.0348109335028
Er2Fe12P7,1.33576297057,-0.649124361924,-0.081511961927
Er2Mn12P7,1.16649845753,-0.624135161886,-0.541369039508
Er2Ni12P7,1.17623997376,-0.0746724894785,0.370544241592
Er3P4Pd7,2.48721916808,-0.423716686684,-1.27624037508
Er3P6Pd20,2.87713802862,-0.60887875314,-1.55162418058
Er5P12Ru19,2.4775836685,-0.503169172068,0.124379944078
Eu1Fe2P2,1.01946656222,-0.335676782733,-0.546727736092
Eu1Fe4P12,-0.903079449217,0.0208642299849,-0.412237916899
Eu1Ir1P1,2.71933070487,0.692802540891,0.11923405308
Eu1Ir2P2,2.37553217003,0.814124600353,0.595123687655
Eu1K1P1Se4,0.0178670620932,1.8383660634,-0.794988909307
Eu1K4P2Se8,0.219713865709,1.43734266592,-1.32566814404
Eu1Li1P1Se4,-0.374476765389,1.52612921687,-0.653140956468
Eu1Mn2P2,0.900981403094,-0.318184342701,-0.8686276904
Eu1Ni10P6,0.911533207926,-0.0342709861979,0.304949253641
Eu1Ni2P2,0.907800464453,0.0664395279793,-0.230288393626
Eu1Ni5P3,1.10746599522,-0.0275785845341,0.162440177326
Eu1Os2P2,2.58590291173,0.524772646899,0.796655706031
Eu1P1,0.899868384575,0.280449370604,-1.36766839405
Eu1P1Pd1,1.98178681271,-0.138030245823,-1.58304792038
Eu1P1Pt1,2.42216155558,0.859856405134,-0.624992008788
Eu1P1Sn1,1.35544091606,1.13016044115,-0.897385589935
Eu1P2Pd2,1.49047949943,-0.182874743706,-1.44761468048
Eu1P2Rh2,1.67057787574,-0.0678365019609,-0.516501973257
Eu1P2Ru2,1.80267149574,-0.258858167887,-0.362172039671
Eu1P2Zn2,0.603120216957,0.257157126347,-1.04076644989
Eu1P3,-0.869359112701,0.377577934104,-0.92139553116
Eu1P7,-1.75397286134,0.426142215854,-0.698259099713
Eu2I1P1,1.20791677857,1.56699287647,-0.975095518387
Eu2Ni12P7,1.07969778414,-0.0345293153886,0.214658000569
Eu2P2Se6,-0.452544683512,2.26513875278,-0.145350827904
Eu2P2Zn1,1.10533980022,0.249377535776,-1.29347199455
Eu2P3Zn2,0.687905407706,0.26381205328,-1.13416700537
Eu3Ga2P4,0.657565860298,0.435588275264,-1.14257928203
Eu3In1P3,1.15773671921,0.487280874657,-1.31522676547
Eu3P4,0.394374813914,0.30820038874,-1.2401618618
Eu6Ga2P6,0.996849261428,0.366306014516,-1.28672151674
Fe12Gd2P7,1.32602811298,-0.61951658712,-0.143286463224
Fe12Ho2P7,1.32699265502,-0.640193402899,-0.106440316821
Fe12Lu2P7,1.3754565359,-0.650677897153,-0.0467437765776
Fe12Nd2P7,1.30725804771,-0.619404311739,-0.192759783175
Fe12P7Pr2,1.31249690571,-0.622611471486,-0.19106371591
Fe12P7Sm2,1.27578448275,-0.606526045926,-0.209913972493
Fe12P7Tm2,1.30952071973,-0.631312235899,-0.116897453509
Fe12P7Yb2,1.23347828026,-0.593670729751,-0.239514617758
Fe12P7Zr2,1.27299968286,-0.768249834855,0.00346120652569
Fe1Hf1P1,2.33015155112,-0.540857177464,0.210516129131
Fe1Hf4P1,4.49555074425,-0.640570315584,0.539388398413
Fe1K2P2Se6,-0.268191797447,1.54829234628,-0.700914654699
Fe1Li1P1,0.441681390476,-1.70444744395,-1.58382412851
Fe1Mn1P1,1.00046104805,-0.731850518266,-0.267683926043
Fe1Mo1P1,1.92927858123,-1.08528255496,0.277542903015
Fe1Nb1P1,1.86598554385,-1.01405375175,-0.0468921943222
Fe1Nb4P1,3.56721872968,-1.58696346421,0.0245717515022
Fe1Ni1P1,1.00614359919,-0.411330626025,0.264265487936
Fe1P1,0.164752357999,-0.441144039317,-0.118356140156
Fe1P1Se1,-0.341549559858,0.90199230964,0.144271756405
Fe1P1Se3,-0.746591094142,1.97650138881,0.354374073653
Fe1P1Sm1,1.71724898794,-0.256772281703,-0.736113993409
Fe1P1Ta1,2.58003454403,-0.574768760129,0.818914309624
Fe1P1Ta4,4.99531673008,-0.708393480928,1.7561847594
Fe1P1Ti1,1.20653984961,-1.12360611629,-0.154668479062
Fe1P1V1,1.24798130717,-1.0010862209,0.110666267002
Fe1P1Zr1,1.70750218832,-0.822805542948,0.0106991331398
Fe1P2,-0.769693964661,-0.135860527008,-0.237278316188
Fe1P4,-1.51725102279,0.108366282835,-0.332416057023
Fe1P4Si4,-0.412681828538,-0.727544148639,1.37863686681
Fe25La2P12,1.36156297039,-0.719805699466,-0.0903840201923
Fe2La1P2,1.187973088,-0.337318815878,-0.473061358841
Fe2Mo1P12,-1.35123504266,0.040595282177,-0.2770206836
Fe2Ni1P1,1.49663053088,-0.647746613584,0.257801712941
Fe2P1,1.09919868066,-0.746427551629,0.000566035874281
Fe2P12W1,-1.19440482768,0.156145213551,-0.1159633964
Fe2P2Se6,-0.746591094142,1.97650138881,0.354374073653
Fe2P2Sr1,0.949576621879,-0.592918729139,-0.666965718509
Fe3P1,1.56642184199,-0.899069307779,0.0600271238988
Fe4La1P12,-0.853518706344,0.020381279062,-0.390571335356
Fe4Nd1P12,-0.861056431505,0.0144264181635,-0.384667128215
Fe4P1,1.84675573878,-0.990654361472,0.0957037767101
Fe4P12Pr1,-0.857820666289,0.012445525371,-0.383619557251
Fe4P2Sc1,1.39446387892,-0.997213233341,-0.122498883297
Fe4P2Zr1,1.62688484756,-0.866384837137,0.038886556433
Fe5Gd1P3,1.36383301836,-0.59836475971,-0.167261879737
Fe5Ho1P3,1.36495831742,-0.622487711445,-0.124274708936
Fe5Lu1P3,1.42149951177,-0.634719621409,-0.0546287453219
Fe5P3Tm1,1.34457439291,-0.612126349935,-0.136474701739
Fe5P3Y1,1.25903350843,-0.749819500077,-0.149767645845
Fe5P3Yb1,1.25585821352,-0.568211259439,-0.279528060027
Ga1I9P2,-1.36299800026,4.36823196357,0.675436160004
Ga1K2Na1P2,1.02794263537,-0.924168097471,-2.96331556837
Ga1Na3P4Sr3,0.948874105189,-0.970455000498,-2.39321743942
Ga1P1,-0.529926043678,0.678076187817,-0.638081460563
Ga1P1Pd5,2.80975232251,-0.502685002522,-1.62074254088
Ga1P1Pt5,3.75341248579,1.63564353523,0.432234412496
Ga1P2Rb3,1.74338832699,-0.113556716436,-3.15553636011
Ga2P4Sr3,0.541082626396,0.00685169791351,-1.3429759194
Ga3Na8P6Rb1,0.704549420746,-1.20141230708,-2.83816098834
Gd1Ni1P1,1.80004661233,0.0328577497345,-0.239218258924
Gd1Ni2P2,1.09009586171,0.0443151894683,-0.0326537401839
Gd1Ni4P2,1.54690449595,-0.0688330930738,0.270821255332
Gd1P1,1.35560687772,0.225138524327,-0.873581760447
Gd1P1Pd1,2.28561247481,-0.174904143345,-1.25365683131
Gd1P1Pt1,2.72598721768,0.822982507615,-0.295600919727
Gd1P2Ru2,1.984966893,-0.280982506398,-0.164537386229
Gd1P5,-1.30718878074,0.391517173181,-0.607942365662
Gd2Mn12P7,1.15676359995,-0.594527387074,-0.603143540808
Gd2Ni12P7,1.16650511617,-0.0450647146773,0.308769740301
Gd3P4Pd7,2.46531573851,-0.357099193368,-1.41523300301
Gd5P12Ru19,2.4633870012,-0.459991167131,0.0342921296831
Ge1K4P4Se12,-0.477811132202,1.79800465896,-0.661419746509
Ge1Mg1P2,-0.510166526801,-0.42244110391,-0.311139712484
Ge1Na5P3,0.644179851086,-1.55773082826,-2.72048009504
Ge1Ni2P1,1.13540849312,0.18824399153,0.89775583067
Ge1P1,-0.418109095305,0.72819178252,0.766002917218
Ge1P2Zn1,-0.386894834445,0.514045064775,0.0150491924046
Ge1P3,-1.52834785264,0.601449140062,0.145440124475
Ge1P3Rb5,1.94272848389,-0.197911339958,-3.11719930975
Ge1P4Rb4Se12,-0.291593359759,2.02809925012,-0.703251190699
Ge1P4Sr4,0.844835187666,-0.213285210649,-1.25988647756
Ge2Na10P6,0.644179851086,-1.55773082826,-2.72048009504
Ge2Ni5P3,0.913360741654,0.162895463039,0.773643272121
Ge2P4Sr3,0.590779047888,0.0291252955511,-0.71893841816
Ge38I8P8,0.669077088593,1.59385971689,1.50428245244
H1Ca5P3,0.653917366324,-1.92422246644,-2.01878294507
H3P1,-3.69729647535,-3.6486554776,-3.03687256569
H4Br1P1,-3.65348877543,-2.44595458781,-2.46420000224
H4I1P1,-3.37429644986,-2.33280847645,-2.49051843775
H8P4Si1,-3.22983960661,-3.08142168863,-2.26995009513
H9P1Si3,-2.78356119164,-3.8500442531,-1.91845126054
Hf1Mo1P1,3.16023145171,-0.879712180782,0.487492996262
Hf1Nb1P1,3.09693841431,-0.808483377592,0.163057898934
Hf1Ni1P1,2.23709646964,-0.205760251862,0.474215581186
Hf1Ni4P2,1.73421157766,-0.171097950909,0.576578615373
Hf1Os1P1,3.6355151757,0.176184013897,1.3300023309
Hf1P1,2.0111816637,-0.132788478064,0.196568999716
Hf1P1Ru1,2.98282232904,-0.476841665089,0.364312542825
Hf1P1V1,2.47893417762,-0.795515846733,0.320616360253
Hf1P2,0.461258905803,0.0697098471488,-0.0273282229495
Hf2Ni1P1,3.34305983658,-0.339391052329,0.572726852812
Hf2Ni3P3,1.68411478618,-0.138944851628,0.42495994537
Hf2P1,3.56110442159,-0.335286803284,0.420466222373
Hf2P1Sb1,3.05435549313,0.462625541664,0.567843387219
Hf3P1,4.33606580053,-0.436535965899,0.532414833711
Hf3P2,2.94113531843,-0.254287473196,0.330907333314
Hf3P3Pd4,2.86495846581,-0.469668878305,-0.687581389376
Hf4Ni1P1,4.44902320351,-0.473021852796,0.671238124439
Hf5P7Pd9,2.48310744942,-0.435875099691,-0.814705623633
Hf9Mo4P1,5.65309192409,-1.12014878077,0.829756235605
Hf9P1Re4,6.21204341956,-0.514279551897,1.4684927562
Hf9P1W4,6.32522141694,-0.62493478914,1.52000175214
Hg1K2P2Se6,-0.240232188193,1.96030454659,-0.867031815127
Hg1K4P2,1.85232268557,-0.579576098293,-3.50998668769
Hg1Na4P2,1.07532598059,-1.28796379847,-3.22742697084
Hg1P14Pb1,-1.89207254273,0.840652843284,-0.544803014158
Hg1P1Pd5,3.05216839468,-0.175014466952,-1.73329084432
Hg1P1Pt5,3.99582855799,1.96331407081,0.319686109062
Hg2P2Se6,-0.685079953771,2.88292822949,-0.0110836793066
Ho1Ni1P1,1.80342250947,-0.0395111054905,-0.110256746516
Ho1Ni2P2,1.0921214,0.000893876336917,0.0447231672609
Ho1Ni4P2,1.548351309,-0.0998483167482,0.326090474943
Ho1P1,1.36067072344,0.116585241498,-0.680139491836
Ho1P2Ru2,1.98699243129,-0.32440381953,-0.0871604787834
Ho1P5,-1.30550083217,0.355332745569,-0.543461609458
Ho2Mn12P7,1.15772814199,-0.615204202853,-0.566297394402
Ho2Ni12P7,1.16746965821,-0.0657415304568,0.345615886706
Ho5Ni19P12,1.28406101428,-0.0609326192162,0.262039237276
I1K4P21,-1.60957410971,0.284928140782,-1.18896885768
I1P21Rb4,-1.45916744735,0.470773772107,-1.22275579337
I1P3Se4,-1.84234580577,2.67475750552,0.293488878463
I2La2P1,1.02206786762,2.3744863391,-0.413709893332
I2P28Pb5,-1.70674820019,1.21944621342,-0.385553128919
I2P4Se3,-1.93662141051,2.65615356169,0.255381071591
I3La3P1,1.28354318744,2.51018489921,-0.409323266547
I3P1,-1.71444142797,4.3343370152,0.702595958723
I4P2,-1.81712422597,3.9054891799,0.571738333494
In1K2Na1P2,1.21564466942,-0.783030760657,-2.99657169188
In1K3P2,1.44226870837,-0.576417681438,-3.07898494263
In1Na3P2,0.762396591518,-1.19625691909,-2.83174519039
In1P1,0.0331800584746,1.10148819827,-0.737849831104
In1P1Pd5,2.97063978027,-0.381710142395,-1.64924778961
In1P1Pt5,3.91429994357,1.75661839536,0.403729163779
In1P3,-1.30270327575,0.788097347936,-0.606486249685
In1P3Sr3,1.00797256132,-0.0639518676353,-1.57287958493
In2K4P4Se16,-0.455504704776,2.09946233073,-0.585384114193
In2Ni21P6,1.5877869485,-0.037275896732,0.578199780304
In2P2Sr1,0.844318782257,0.641187060933,-1.16256067126
In2P4Sr3,0.791352005121,0.195034813665,-1.38731741741
In3K5P6Se19,-0.446541295636,1.99948794508,-0.626361285648
In4P8Rb12,1.93109036105,0.0275806203813,-3.18879248363
Ir19La5P12,3.20966923011,0.969973808573,1.21130157812
Ir1La1P1,3.0001749145,0.690065818983,0.242011348495
Ir1Nd1P1,2.95746113855,0.656321607225,0.275468522296
Ir1P1Pr1,2.97579714147,0.645096548088,0.28140475774
Ir1P1Sc1,2.295241268,-0.169903981512,0.585675960241
Ir1P1Se1,0.788505113314,1.86016012887,1.09581460952
Ir1P1Sr1,2.60284747097,0.264065963558,-0.0811625842871
Ir1P1Te1,1.40325377571,2.03215373055,1.26761678531
Ir1P2,0.360360708515,0.822307292227,0.714264536926
Ir1P3,-0.389376121113,0.735407093572,0.41691773563
Ir2P1,3.35930802699,1.16990808685,1.90365174213
Ir2P2Sm1,2.45231594376,0.819280398337,0.652840571638
Ir2P2Sr1,2.30564222968,0.556882653947,0.474885705239
K1La1P2Se6,-0.437929133761,2.05115887909,-0.433265804805
K1Mg1P1,0.845832777051,-1.73051476943,-2.76142015316
K1Mn1P1,1.25841268864,-0.961317768715,-2.18305264706
K1P1,0.551679818891,-0.785344915,-2.99140922169
K1P1Se5Ti1,-0.297161563404,1.7352631172,-0.357809231576
K1P1Se6,-0.877695091955,2.49486252692,-0.245706643277
K1P1Zn1,1.01019503353,-0.481866544507,-2.3265016133
K1P2Rh2,1.53130244947,-0.494154216201,-1.16599830431
K1P2Sb1Se6,-0.812603863786,2.32899692895,-0.143080093272
K1P2Se6Y1,-0.525354256969,1.90460846007,-0.355536856201
K1P3Zn4,0.441886033632,-0.0151145061181,-1.36497617076
K2Mg1P2Se6,-0.407642036764,1.34248690065,-0.931810327794
K2Mn1P2Se6,-0.295120242695,1.55226790083,-0.774073735226
K2Na3P3Si1,0.853640930224,-1.58825886213,-2.66255059393
K2Ni1P2,0.979129071421,-0.698616691891,-2.18722562852
K2P2Pd1,1.27046858891,-0.823273827732,-2.79588877195
K2P2Si1,0.634949787967,-0.982762369595,-1.68963677303
K3La1P2Se8,0.0283067404697,1.68552329648,-1.00064246423
K3Na2P3Sn1,1.14900765782,-0.939181834853,-3.10352309479
K3P1,2.14681303332,-1.4153706213,-4.24955249839
K4P2Se6,0.130474283142,1.19145147751,-1.58032192832
K4P2Zn1,1.65969103341,-1.01529744553,-3.42538783336
K4P3,1.00743216588,-0.965352259655,-3.35087872932
K4P6,-0.0863734668841,-0.53333463248,-2.488151911
K4P8Te4,-0.261283595153,0.752065620045,-1.31825175869
La1Li3P2,0.498383525724,-1.94429461444,-2.73106798097
La1Ni1P1,1.77706515987,0.0669949253436,-0.445832052578
La1Ni2P2,1.07630699023,0.0647974948348,-0.156622016375
La1Ni5P3,1.20108073175,-0.0284908251798,0.20336594247
La1P1,1.32113469901,0.276344287743,-1.18350245092
La1P12Ru4,-0.392809921926,0.0655686995539,-0.282009160992
La1P1Pd1,2.26263102234,-0.140766967733,-1.46027062496
La1P1Pt1,2.70300576521,0.85711968323,-0.50221471337
La1P1Rh1,2.4127130026,-0.0449017662669,-0.684343368932
La1P2,0.00122759601626,0.342465024362,-0.947375856703
La1P2Rh2,1.83908440152,-0.0694785351055,-0.442835596006
La1P2Ru2,1.97117802152,-0.260500201032,-0.28850566242
La1P5,-1.31867950697,0.408585760985,-0.711249262489
La1P6Si2,-0.957178258134,-0.0687381458318,0.25469864443
La2Ni12P5,1.55978378657,-0.0889973131463,0.326038269523
La5P12Ru19,2.45381139601,-0.445767343961,-0.0517969510027
La5P1Pb3,3.77110087939,1.30587350931,-1.2625879242
La6Ni6P17,0.102162764402,0.221644142409,-0.45694228611
La6P17Pd6,0.403548472146,0.0926884846394,-1.0865938138
La7P12Pd17,2.10495986414,-0.28701301724,-1.47720461653
Li1Mg1P1,-0.0696361537284,-2.45906741131,-2.43044159653
Li1Mn1P1,0.342943757869,-1.68987041059,-1.85207409043
Li1Ni2P2,0.219243679713,-0.797009771391,-0.681197590703
Li1P1,-0.821523577274,-1.87817387782,-2.49494138674
Li1P1Sr1,0.815275507618,-1.65212174802,-2.6170956018
Li1P1Zn1,0.0947261027558,-1.21041918638,-1.99552305667
Li1P5,-2.03289893241,-0.309586960875,-1.14839557442
Li1P7,-2.1843208518,-0.113513596252,-0.980077347888
Li2Ni12P7,0.751813600934,-0.445695648423,-6.06647141325e-05
Li2P2Pr1,0.384325675957,-1.51392424922,-2.35069351056
Li3P1,0.0870079390731,-3.05461406553,-3.50485074598
Li4P2Sr1,0.399122611302,-2.45354592946,-3.12438425562
Lu1Ni1P1,1.97304609252,-0.0762068354012,0.0986811443362
Lu1Ni4P2,1.62104713032,-0.115575058132,0.4156352853
Lu1P1,1.61510609802,0.0615416466388,-0.366732655558
Lu1P1Pt1,2.89898669789,0.713917922499,0.0422984835374
Lu1P4Rh6,2.08087909315,-0.234287314515,-0.0249985950512
Lu1P5,-1.22068904065,0.336984880611,-0.438992664028
Lu2Mn12P7,1.20619202285,-0.625688697115,-0.50660085416
Lu2Ni12P7,1.21593353909,-0.0762260247096,0.405312426946
Mg1Ni2P1,1.04335106163,-0.9623888949,-0.179386799033
Mg1P1Pd5,2.78909577548,-1.14587076772,-1.83508564992
Mg1P1Pt5,3.73275593877,0.992457770043,0.217891303451
Mg1P2Si1,-0.718751215576,-1.11096841777,0.0664414172343
Mg1P4,-1.8240415493,-0.344405697574,-0.840386537835
Mg1P4Rh6,1.67772817382,-0.531490157599,-0.21073490171
Mg2Ni3P1,1.3827448369,-1.30368564289,-0.331580078016
Mg2P2Se6,-1.05338162066,1.5237294084,-0.153596407158
Mg3Ni20P6,1.45687648452,-0.51891035995,0.373624580151
Mg3P2,-0.194951427958,-1.98263008793,-1.57091427697
Mg4P6Rh7,1.29859543423,-0.967466826335,-0.579922382864
Mn12P7Sc2,0.948787857373,-0.830479565619,-0.563986164205
Mn12P7Sm2,1.1065199697,-0.581536845888,-0.669771050076
Mn12P7Tm2,1.14025620669,-0.606323035851,-0.576754531096
Mn12P7Yb2,1.06421376723,-0.568681529704,-0.699371695342
Mn1Na1P1,0.805164610738,-1.37454392715,-2.01822614556
Mn1Nb1P1,1.76724791123,-0.999476718402,-0.315142156238
Mn1Ni1P1,0.907405966571,-0.39675359267,-0.00398447398129
Mn1P1,0.0166459090867,-0.41927848928,-0.520731083043
Mn1P1Rb1,1.58429379042,-0.558652234172,-2.25625767439
Mn1P1Rh1,1.54305380931,-0.508650284293,-0.242495790344
Mn1P1Se3,-0.805833673707,1.98524760883,0.193424096499
Mn1P1Ta1,2.48129691142,-0.560191726769,0.550664347702
Mn1P1Zr1,1.60876455572,-0.808228509581,-0.25755082878
Mn1P4,-1.57649360235,0.117112502851,-0.493366034177
Mn2P1,0.901723415444,-0.717273484906,-0.535933887968
Mn2P2Se6,-0.805833673707,1.98524760883,0.193424096499
Mn2P2Sr1,0.831091462749,-0.575426289107,-0.988865672818
Mn3Ni20P6,1.58491852606,-0.280194049379,0.553117944103
Mn3P1,1.34426216862,-0.86627098272,-0.543535290431
Mn3P6Pd20,2.58953755188,-0.710046241947,-1.54572048151
Mn4P3Zr2,1.37308417563,-0.777910168024,-0.350345181843
Mn6Ni16P7,1.39944764151,-0.351168833269,0.336146353152
Mo1Ni1P1,1.83622349976,-0.750185629368,0.541242355071
Mo1Ni1P2,0.717520972325,-0.443962597623,0.287151099233
Mo1Ni1P8,-1.29614357706,0.107238859513,-0.170213161267
Mo1P1,1.40987220887,-0.949426544318,0.297109160541
Mo1P1Rh1,2.4718713425,-0.862082320988,0.302731038702
Mo1P1Ru1,2.58194935916,-1.0212670426,0.431339316693
Mo1P1Zr1,2.53758208891,-1.16166054627,0.287676000274
Mo1P2,0.0603859359115,-0.474715530346,0.0396985509446
Mo1P4,-1.01920308244,-0.0949467191649,-0.166229936745
Mo2Ni6P3,1.73949624679,-0.493929316032,0.626396948963
Mo3P1,3.43410161829,-1.66149306528,0.683225074946
Mo4P3,1.98822346871,-1.15287412174,0.407427993226
Na10P6Si2,0.551475544949,-1.86374296776,-2.5526662596
Na10P6Sn2,0.695759579927,-1.35240799329,-2.9386965933
Na1P1,-0.128192297963,-1.40518415266,-2.74416946944
Na1P1Sn1,0.670067127693,0.00640475896965,-1.81505297353
Na1P1Sr1,1.27749636049,-1.33679526457,-2.78324765693
Na1P1Zn1,0.556946955633,-0.895092702945,-2.16167511181
Na3P1,1.12700485804,-2.34512947778,-3.87869287003
Na3P11,-1.5627033334,-0.330960923941,-1.44757129735
Na4P2Se6,-0.322773794759,0.778225319079,-1.41549542682
Na5P3Si1,0.551475544949,-1.86374296776,-2.5526662596
Na6P4W1,1.04996817246,-1.67744849478,-2.59041709086
Nb1Ni1P1,1.77293046236,-0.678956826168,0.216807257736
Nb1Ni1P2,0.670051194283,-0.390540995224,0.0438247762314
Nb1P1,1.31493265278,-0.84258333952,-0.189543485462
Nb1P1Rh1,2.40857830512,-0.790853517787,-0.0217040586303
Nb1P1Ru1,2.51865632178,-0.950038239386,0.106904219353
Nb1P1Se1,0.425237303338,0.634366109508,0.0968135262032
Nb1P1V1,2.01476817035,-1.26871242104,0.0632080368125
Nb1P1Zr1,2.47428905151,-1.09043174308,-0.0367590970548
Nb1P2,-0.00290710146595,-0.403486727132,-0.284736546393
Nb2P1,2.63277240702,-1.28167995191,-0.0943504245292
Nb2P5,-0.379432745546,-0.27803055217,-0.311934563797
Nb3P1,3.29169228416,-1.50122825808,-0.0467538940615
Nb4Ni1P1,3.52069118896,-1.4194150014,0.156421477536
Nb5Ni4P4,2.04181672799,-0.792873468523,0.207517137696
Nb5P1Si3,2.95641799561,-1.73799510551,1.17304609812
Nb5P3,2.30331246847,-1.1719057988,-0.118148689761
Nb5P4Pd4,2.49003137028,-0.984653677508,-0.728887698339
Nb7P4,2.39316517899,-1.20184420419,-0.111658253777
Nd1Ni1P1,1.7343513839,0.0332507135796,-0.412374878771
Nd1Ni2P2,1.05067872466,0.0445509677796,-0.136547712093
Nd1P1,1.25706403509,0.225727970106,-1.13331669022
Nd1P1Pd1,2.21991724639,-0.17451117949,-1.42681345116
Nd1P2Rh2,1.81345613595,-0.0897250621606,-0.422761291725
Nd1P2Ru2,1.94554975595,-0.280746728087,-0.268431358138
Nd1P5,-1.34003639496,0.391713655104,-0.694520675586
Nd2Ni12P7,1.1477350509,-0.0449524392942,0.259296420345
Nd2Ni7P4,1.42873580703,-0.0468924400454,0.132542239334
Nd5P12Ru19,2.43601398935,-0.459827432203,-0.037856461918
Ni10P3Sn1,1.51714906891,0.0526188628812,0.636635675332
Ni10P3Sn5,1.68369060448,0.669721911622,0.504756640432
Ni10P3Zn1,1.49290903203,-0.140559164664,0.562359502855
Ni10P6Sr1,0.890977343105,-0.1099303822,0.269585141168
Ni12P5,1.12201058404,-0.108641947378,0.586970093422
Ni12P7Pr2,1.15297390889,-0.0481595990389,0.260992487613
Ni12P7Sc2,0.95852937361,-0.281016893213,0.3479271169
Ni12P7Sm2,1.11626148593,-0.0320741734808,0.242142231036
Ni12P7Tm2,1.14999772291,-0.0568603634508,0.335158750016
Ni12P7Y2,1.07667696479,-0.174883063565,0.323764797928
Ni12P7Yb2,1.07395528345,-0.0192188573038,0.212541585767
Ni12P7Zr2,1.11347668604,-0.193797962412,0.455517410047
Ni13P3Sn8,1.88220696094,0.81202628157,0.512653575622
Ni19P12Yb5,1.14768588442,0.00691294579517,0.0679725484119
Ni1P1,0.0251697357857,0.0615013490724,0.277193037927
Ni1P1Pd1,1.39865438019,-0.283995593501,-0.486473632395
Ni1P1Pr1,1.75268738683,0.0220256544403,-0.406438643328
Ni1P1Rh1,1.54873636045,-0.188130392051,0.289453623635
Ni1P1Sc1,1.07213151335,-0.79297487516,-0.102167440831
Ni1P1Se3,-0.802424143028,2.17755954417,0.512593744889
Ni1P1Sm1,1.62419390645,0.0783246438887,-0.472414541355
Ni1P1Ta1,2.48697946256,-0.239671834527,1.08261376167
Ni1P1Ta4,4.94878918934,-0.540845018146,1.88803448543
Ni1P1Ti1,1.11348476814,-0.788509190684,0.109030972991
Ni1P1Tm1,1.74227073593,-0.00842702098776,-0.146856724927
Ni1P1V1,1.15492622569,-0.665989295306,0.374365719063
Ni1P1W1,2.62037457476,-0.172435972454,1.34652879103
Ni1P1Y1,1.4856480825,-0.421506471387,-0.186735557232
Ni1P1Zr1,1.61444710685,-0.487708617353,0.274398585205
Ni1P1Zr2,2.40908579238,-0.762313600562,0.273001358835
Ni1P1Zr4,3.20372447791,-1.03691858377,0.271604132468
Ni1P2,-0.862749046128,0.199236398584,0.0264211358571
Ni1P2Ta1,1.20558794443,-0.0610772514989,0.693179654191
Ni1P2W1,1.30563427858,-0.0106503549298,0.891115926204
Ni1P2Zr1,0.551188677642,-0.247104838612,0.0870182718327
Ni1P2Zr2,1.39955131191,-0.514909580929,0.123376553415
Ni1P3,-1.3067084371,0.26810392334,-0.0989648151688
Ni1P3Si2,-0.548462403313,-0.412074780444,1.10650779707
Ni1P3W2,1.73245579285,-0.0347009229232,1.09575688896
Ni1P4Si3,-0.620166420695,-0.471271796626,1.21017214197
Ni1P5Ti2,-0.490472162832,-0.369403981482,-0.22508636387
Ni20P13Y6,1.17734677838,-0.23559036396,0.198103172038
Ni20P13Zr6,1.23679248192,-0.266145200555,0.410934314702
Ni21P6Sn2,1.55755517279,0.0386767021262,0.650183022537
Ni2P1,0.913088517699,-0.0762337004392,0.527964939997
Ni2P1Si1,0.926823804346,-0.500283322324,1.27533696039
Ni2P1Sn1,1.25146288303,0.650220370225,0.406768709564
Ni2P2Pr1,1.06168032641,0.0378159322913,-0.132985970823
Ni2P2Sm1,0.98458423819,0.0715953259644,-0.172571509643
Ni2P2Sr1,0.837910524107,-0.190802418426,-0.350526376042
Ni2P2Tm1,1.05543033587,0.019544327042,0.0227631802125
Ni2P2Y1,0.901456743815,-0.228303343202,-0.00116411916761
Ni2P2Yb1,0.895741212996,0.0985914899499,-0.234732864705
Ni2P2Zr1,0.978736158423,-0.268024630782,0.27551636629
Ni2P4Zr9,2.53070149093,-0.871982570678,0.171854262188
Ni3P1,1.35704790867,-0.145101225194,0.653350891024
Ni3P3Zr2,1.21712776408,-0.350406125746,0.275097198381
Ni49P33Sm25,1.54429977628,0.0115056923973,-0.13573702887
Ni4P2Sm1,1.47153905057,-0.0493472812942,0.170879991436
Ni4P2Tm1,1.52214340608,-0.0865265662359,0.310404769902
Ni4P2Y1,1.41216226888,-0.263560616412,0.293313841773
Ni4P2Yb1,1.40807974687,-0.0300643070146,0.126479023529
Ni4P2Zr1,1.46736185075,-0.291932964692,0.490942759948
Ni4P4Ta5,2.86571942053,-0.286006170467,1.20652464225
Ni5P2,1.16677959825,-0.115586571723,0.599614054874
Ni5P3Si2,0.746492990634,-0.387926388045,1.0757081759
Ni5P3Sr1,1.06863825057,-0.17049077699,0.0956412982162
Ni5P4,0.32114266309,0.0155896658907,0.360783671946
Ni6P17Pr6,0.0870317328605,0.193732181158,-0.432491204507
Ni7P4Pr2,1.4371985776,-0.0520732365773,0.13528204031
Ni7P5Si2,0.540400632112,-0.259518463164,0.847560993613
Ni8P3,1.23596807477,-0.12631917299,0.619154722552
Ni9P5Sr1,1.00641835743,-0.132787946376,0.268570754919
Os1P1Se1,0.963814064731,1.61903350099,1.26375795818
Os1P1Ti1,2.5119034742,-0.406564924925,0.964817722711
Os1P1Zr1,3.01286581291,-0.10576435159,1.13018533492
Os1P2,0.535669659927,0.581180664355,0.882207885575
Os1P4,-0.734032848033,0.538590997651,0.339275664038
Os2P2Sr1,2.51601297139,0.267530700495,0.676417723616
P12Pr1Ru4,-0.397111881863,0.0576329458711,-0.275057382892
P12Pr5Ru19,2.44365399056,-0.464504540176,-0.0353830304759
P12Ru19Sm5,2.39011504041,-0.441046627906,-0.0628729879941
P12Ru19Y5,2.33238761377,-0.649309592598,0.0561599220611
P12Ru19Yb5,2.32841849515,-0.422299291805,-0.106040595669
P14Pb1Zn1,-1.97634889054,0.650024753867,-0.507791015386
P14Sn1Zn1,-2.04665006861,0.600035234071,-0.475326483376
P14Sr3,-1.45138773574,0.179166970649,-0.89623114421
P1Pb3Zr5,3.50007079105,0.381367604833,-0.0622035279072
P1Pd1Pr1,2.23825324931,-0.185736238637,-1.42087721571
P1Pd1Se1,0.0509612211441,1.02932734216,-0.606467363922
P1Pd1Sm1,2.10975976894,-0.129437249183,-1.48685311374
P1Pd3,2.44957109924,-0.612565484604,-1.62913589683
P1Pd5Sn1,2.90801681628,-0.224379759077,-1.50013964501
P1Pd5Zn1,2.85953674254,-0.610735814183,-1.64869198999
P1Pd6,3.176450772,-0.767890053488,-1.79399492948
P1Pr1,1.28456803946,0.208890381384,-1.12441233705
P1Pt1Sc1,1.99807211871,-0.00285011725985,-0.158550101632
P1Pt1Sm1,2.55013451182,0.868449401781,-0.528797202151
P1Pt1Tm1,2.6682113413,0.781697736918,-0.203239385726
P1Pt1Y1,2.41158868785,0.368618286499,-0.243118218024
P1Pt1Yb1,2.40206280315,0.913443008413,-0.632399460588
P1Pt5Sn1,3.85167697959,1.91394877869,0.552837308369
P1Pt5Zn1,3.80319690583,1.52759272357,0.404284963395
P1Re2,4.06357863791,-0.0104426909082,2.04490498487
P1Re4Zr9,5.01121964845,-1.0580371139,1.0831314068
P1Rh1Se1,0.2010432014,1.12519254361,0.169459892105
P1Rh1Ta1,3.1226273053,-0.351568526146,0.844102445325
P1Rh1Zr1,2.25009494959,-0.599605308968,0.035887268843
P1Rh2,2.18438420319,-0.300027083673,0.0509423072623
P1Ru1,1.1437585249,-0.34512077076,0.112338480372
P1Ru1Sc1,1.81785737277,-1.06405628837,-0.212070479195
P1Ru1Se1,0.311121218073,0.966007822014,0.298068170095
P1Ru1Ta1,3.23270532197,-0.510753247758,0.972710723313
P1Ru1Ti1,1.85921062754,-1.05959060391,-0.000872065371593
P1Ru1Zr1,2.36017296624,-0.758790030574,0.164495546832
P1Ru2,2.40454023652,-0.618396526891,0.308158863245
P1Sb1Ti2,1.36893794086,-0.41149786657,0.0200664749361
P1Sb1Zr2,2.12038144893,0.0397029934351,0.268117893242
P1Sb3Zr5,2.88097208424,0.123683497362,0.433205597296
P1Sc1,0.263734229258,-1.01361041301,-0.668005533305
P1Sc3,1.71489464887,-1.75776886831,-0.764446965824
P1Se3Sn1,-0.88689216353,2.8138168205,0.315327999717
P1Si1,-0.835278472856,-0.648862845192,1.52116517666
P1Sm1,1.09182781891,0.293338865567,-1.2233761841
P1Sn1,-0.186000315478,1.65214453991,-0.215971324994
P1Sn1Sr1,1.23895768214,0.701423863789,-1.0977822273
P1Sn3Zr5,3.12513117466,0.114756832588,0.110940642811
P1Sr1,0.72514353371,-0.36265549541,-1.66826335009
P1Ta1,2.38600615307,-0.183655852069,1.10916627045
P1Ta2,4.06087040742,-0.403109968625,1.63726258336
P1Ta3,4.89830253459,-0.512837026909,1.90131073982
P1Te2Ti2,0.984365647775,0.741227516466,0.288031834354
P1Te2Zr2,1.58552045423,1.10218820447,0.486472969
P1Ti1,0.325764111432,-1.0069118863,-0.351207912569
P1Ti2,1.31388101857,-1.50078468093,-0.309902994003
P1Ti3,1.80793947214,-1.74772107826,-0.289250534719
P1Tm1,1.26894306312,0.163211368262,-0.735039459457
P1V1,0.387926297763,-0.823132043232,0.0467942065326
P1V1Zr1,1.85628481482,-1.07746421222,0.120799364266
P1V2,1.39676393367,-1.25574489018,0.220766498133
P1V3,1.90118275163,-1.47205131365,0.307752643933
P1W1,2.58609882138,-0.0828020589336,1.50503881448
P1W3,5.19844153705,-0.361556337203,2.49511955586
P1Y1,0.884009082978,-0.456407807347,-0.794857707907
P1Yb1,0.869720255929,0.36082927553,-1.37877957175
P1Zr1,1.0772076195,-0.555711026296,-0.103156494262
P1Zr2,2.31580569599,-0.899183534256,0.0208322304075
P1Zr3,2.93510473423,-1.07091978825,0.0828265927419
P21,-2.63858660998,0.474706497605,-0.475122668269
P2Pb1Rb4Se8,0.410624177075,1.99568993725,-1.26530139085
P2Pb2Se6,-0.661928393702,2.97378328385,0.211441497287
P2Pd1,-0.377183183649,-0.00852549449661,-0.988017436529
P2Pd15,3.34748128323,-0.804437010882,-1.83278529011
P2Pd2Sr1,1.42058955908,-0.44011669011,-1.5678526629
P2Pr1,-0.0231501770212,0.297495753458,-0.907982447452
P2Pr1Rh2,1.82445773769,-0.0964600976491,-0.419199550455
P2Pr1Ru2,1.9565513577,-0.287481763575,-0.264869616868
P2Pt1,0.063191559223,0.989361156469,-0.0299615249396
P2Pt1Si2,0.425126801237,-0.115356181311,1.38900429367
P2Pt1Si3,0.515610611739,-0.391535515754,1.74374574833
P2Pt5,3.15093803829,1.57753790946,0.478794067436
P2Pt6Sr1,3.5124653159,1.31793537245,0.150057244638
P2Rh1,-0.227101203398,0.0873397069678,-0.212090180489
P2Rh2Sr1,1.60068793539,-0.325078448366,-0.636739955674
P2Rh3,1.70208712187,-0.222553725542,-0.00166419028054
P2Ru1,-0.117023186728,-0.07184501463,-0.0834819025011
P2Ru2Sm1,1.87945526948,-0.253702369902,-0.304455155688
P2Ru2Sr1,1.7327815554,-0.516100114292,-0.482410022087
P2Ru2Y1,1.7963277751,-0.553601039068,-0.133047765213
P2Ru2Yb1,1.79061224429,-0.226706205917,-0.36661651075
P2Sc3,0.844198397103,-1.31127379512,-0.70658210631
P2Se5,-1.72113431397,2.69867686187,0.342484630157
P2Se6Sn2,-0.88689216353,2.8138168205,0.315327999717
P2Se6Sr2,-0.522434623858,2.00789680638,-0.26558881032
P2Si1,-1.43638118523,-0.27433973092,0.855735895015
P2Si1Zn1,-0.595479523219,-0.17448224908,0.392630322124
P2Sn1Zn1,-0.270840444531,0.976021443469,-0.475937928701
P2Sr1Zn2,0.533230276611,-8.48200585503e-05,-1.16100443231
P2Ta1,0.711141898714,0.0357982644904,0.581069957553
P2Ti1,-0.662352795703,-0.513039091677,-0.39251283114
P2V1,-0.620911338147,-0.390519196281,-0.127178085064
P2W1,0.844537010931,0.103034126587,0.844984986894
P2Yb1Zn2,0.591060965499,0.289309088318,-1.04521092097
P2Zn1,-1.11664925237,0.358167730555,-0.648977244365
P2Zn3,0.100900633694,0.264936716918,-0.788060905234
P2Zr1,-0.161390456995,-0.212238518339,-0.227145218933
P3Pd1,-0.942534040236,0.112282503537,-0.859793744452
P3Pd4Zr3,2.30457403929,-0.723422407247,-0.867416685763
P3Pd7,2.1103605853,-0.540080685792,-1.5522016816
P3Pr1Zn3,0.439091321057,0.248923478187,-0.884161314324
P3Pt6Sm2,3.1390192774,1.25091680047,-0.0187693485703
P3Rb1Zn4,0.5640914468,0.135885069337,-1.39242805601
P3Rb2,0.304683855257,-0.0501359910237,-2.57599794381
P3Rb3Se11Sn1,-0.354782919041,2.28957877702,-0.622184306291
P3Rb5Se15Sn1,-0.0984802924538,2.24544494037,-0.832326209541
P3Re1,-0.125274642018,0.292775551914,0.469887701659
P3Rh1,-0.829972555041,0.184181404626,-0.27784830244
P3Ru1,-0.747414042539,0.0647928634218,-0.181392093948
P3Sc7,1.42466256495,-1.60893717725,-0.745158679322
P3Sm1Zn3,0.384022686609,0.273051616525,-0.912436699192
P3Sn4,0.164369155166,1.82034997453,-0.178949704522
P3Sr1,-0.956721538134,0.0560255010975,-1.07169300918
P3Ta5,3.64215434383,-0.34824643949,1.50523850513
P3Ti5,1.06685179178,-1.37731648228,-0.320229223644
P3V5,1.1445545247,-1.14759167844,0.177273425232
P4,-2.63858660998,0.474706497605,-0.475122668269
P4Re1,-0.627937035609,0.329161741051,0.280885627673
P4Re3,1.66994819224,0.162824876414,1.14489510875
P4Rh6Sc1,1.83517511701,-0.429769507176,-0.0797754819151
P4Rh6Yb1,1.94535439458,-0.17987138199,-0.209007125263
P4Ru1,-1.12564855603,0.146775590258,-0.240138208812
P4Ru1Si4,-0.195124902565,-0.706205644517,1.42990233803
P4Ru6Sc1,2.01530278066,-0.690253597081,0.13067442752
P4Se3,-2.08811523238,1.80908871617,0.0154417107952
P4Se4,-1.99637000277,2.03148575258,0.0972024406306
P4Se5,-1.92501260198,2.20446122537,0.160794119404
P4Sn2Sr3,0.693938505587,0.439770965503,-1.1553714147
P4Sr3,0.244610656033,-0.243032353558,-1.49781468126
P4Sr4Ti1,1.01014034472,-0.598863803723,-1.50815555084
P4Ti7,1.13422339909,-1.41098962737,-0.317412979201
P4V1,-1.42798144688,-0.0444289187305,-0.266355918348
P4Zn1,-1.72542419542,0.404783237376,-0.579435413922
P4Zr7,2.09060604572,-0.836733987357,-0.00171117407756
P5Pr1,-1.3308683935,0.38610112553,-0.691552557862
P5Sm1,-1.39511513368,0.414250620259,-0.724540506878
P5Tm1,-1.33607671895,0.370874787817,-0.561761598662
P5Y1,-1.46438804565,0.164335062625,-0.581701014818
P5Yb1,-1.469150988,0.436747423583,-0.776341636095
P6Pr1Si2,-0.965304182495,-0.0837279028102,0.267829780856
P6Rh7Sr2,1.63448766422,-0.290903540754,-0.425048033879
P6Sb4Se18,-1.21678021247,2.81651640814,0.472880693184
P6Sn2Sr5,0.703540052704,0.192870515998,-1.3131843179
P7Pd9Zr5,2.03835790456,-0.637266789327,-0.957432049341
P7Ru12Sc2,2.23691656115,-0.745727887318,0.159521908268
P9Zr14,1.88498897373,-0.779714835842,-0.0222942825179
