Ag1As1Cs2S4,0.364929062501,1.12082100366,-1.20481976221
Ag1As1Hg1S3,-0.391945564372,1.58771551785,0.0422395911261
Ag1As1Pb1S3,-0.372652597659,1.66342806316,0.227677238299
Ag1As1S1,0.466828415971,0.969987800506,0.256989621503
Ag1As1S2,-0.528354395775,1.15763961019,0.32666059852
Ag1Ba1Er1S3,0.811889172937,0.737234601063,-0.534917808956
Ag1Ba1Nd1S3,0.76200555796,0.7892446889,-0.72960149615
Ag1Ba1S6Sc3,-0.147656783629,0.21952016707,-0.323794806453
Ag1Ba2In1S4,0.490360555522,1.0052494088,-0.751078523612
Ag1Ba4In1S6,0.626676878617,0.929334052654,-0.904377837439
Ag1Bi1S2,0.0956552564134,1.90411775736,-0.00935049912532
Ag1Bi3S5,-0.515027183558,2.40041935397,0.202567252027
Ag1Br1Hg1S1,0.332175622343,2.40006511271,-0.258904448366
Ag1Cd2Ga1S4,-0.245049233056,1.2734213122,-0.308982053437
Ag1Ce3Ge1S7,-0.226076383891,1.0922632552,-0.109759735259
Ag1Ce3S7Si1,-0.295604613494,0.862754150576,0.0161006413194
Ag1Cr1S2,0.278569369068,0.159043296226,-0.283957612717
Ag1Cs2Nb1S4,0.990250202076,0.672481052746,-1.37666376611
Ag1Cs2S4Sb1,0.523457301104,1.29951052189,-1.26242136806
Ag1Cs2S4Ta1,1.25801857715,0.837212924607,-1.05198632713
Ag1Cs2S4V1,0.758498613322,0.677343876817,-1.31757934312
Ag1Cu1S1,1.61654497225,0.0526701324842,-0.530489703008
Ag1Dy1S2,0.705067322437,0.785534938197,-0.363039818579
Ag1Er1S2,0.768178997003,0.717100231421,-0.196888480874
Ag1Fe1S2,0.147197735985,0.461679358466,0.0185662633644
Ag1Fe2S3,0.0071632398231,0.368386316145,0.14139149516
Ag1Ga1S2,-0.200141464853,1.02128947203,-0.241296396839
Ag1Gd1S2,0.742624995846,0.79482064029,-0.359046546781
Ag1Ge1La3S7,-0.191989841136,1.08519254229,-0.096191323713
Ag1Ge1Pr3S7,-0.210273170914,1.05146558911,-0.0666462667732
Ag1Hg1I1S1,0.750964110707,2.56978427976,-0.298382101637
Ag1Ho1S2,0.745156918704,0.740543998875,-0.262325412475
Ag1In1S2,0.0814115862236,1.23299547726,-0.29118058211
Ag1K2Nb1S4,0.418154795875,0.0492795320933,-1.25151926602
Ag1K2S4Sb1,-0.0486381050982,0.676309001239,-1.13727686797
Ag1K2S4Ta1,0.685923170947,0.214011403955,-0.926841827045
Ag1K2S4V1,0.18640320712,0.0541423561644,-1.19243484303
Ag1La3S7Si1,-0.261518070739,0.855683437671,0.0296690528652
Ag1La3S7Sn1,-0.153305044498,1.23918466853,-0.259853697412
Ag1Mo6S8,0.619151253209,-0.0476050181283,0.631062785271
Ag1Na3S2,0.79455094335,-1.10858539978,-2.53396569106
Ag1Nb1Rb2S4,0.662565622213,0.351278683003,-1.30642303653
Ag1Nd3S7Si1,-0.293553402703,0.830375278852,0.0547619332179
Ag1Pb1S3Sb1,-0.161281612846,1.90168075414,0.150875097154
Ag1Pb1S6Sb3,-0.767380068597,2.02587225415,0.412020085015
Ag1Pr3S7Si1,-0.279801400518,0.821956484492,0.0592141098046
Ag1Rb2S4Sb1,0.195772721239,0.978308152148,-1.19218063848
Ag1Rb2S4Ta1,0.930333997283,0.516010554864,-0.981745597547
Ag1Rb2S4V1,0.430814033457,0.356141507073,-1.24733861353
Ag1S2Sb1,-0.211297918571,1.51501864666,0.211457386812
Ag1S2Sm1,0.610735466442,0.82892081091,-0.533943758605
Ag1S2Tm1,0.699293088545,0.763857062257,-0.289775396286
Ag1S2Y1,0.506826098475,0.454047474451,-0.319684520511
Ag1S2Yb1,0.49968168495,0.862666015891,-0.611645452432
Ag1S3Ta1,0.303479140614,0.816457769521,0.612996680852
Ag1S7Si1Sm3,-0.37617151079,0.864180726583,0.0097321862798
Ag2As1Cs1S3,0.721644676914,0.937297880942,-0.771635749349
Ag2As1S2,0.507017539374,0.87861607448,0.0142300000852
Ag2Ba1Ge1S4,0.294536191992,0.902939091139,-0.159848578264
Ag2Ba1S2,1.51634535572,0.560129116637,-0.871452837595
Ag2Ba1S4Sn1,0.352563386949,1.13392728049,-0.405342138816
Ag2Bi1Cs1S3,1.07822162103,1.36385682218,-0.963642090862
Ag2Bi7Cu3Pb3S16,-0.202344290146,2.09215492268,0.0930092527627
Ag2Cd1Ge1S4,-0.00278043952628,1.08995154414,0.0487286105068
Ag2Cs2S4Ti1,1.17690775711,0.534857028895,-1.39690348631
Ag2Fe1S4Sn1,0.0595095676164,0.985001503273,-0.00583753284479
Ag2Ge1In2S6,-0.415831322989,1.2988028149,0.0680937186307
Ag2Ge1K2S4,0.503073350085,0.366478714711,-1.03739485739
Ag2Ge1Pb1S4,0.0543965604325,1.37731449832,0.150323167479
Ag2Ge1Rb2S4,0.720327417958,0.634922404415,-1.08619820895
Ag2Ge1S3,0.0929450810456,0.944751008066,0.190527384024
Ag2Hf1S3,0.902708667388,0.657757587879,0.000716078185999
Ag2Hg1I2S1,1.04099478147,2.61042326196,-0.222308660964
Ag2Hg1S2,1.10897038515,1.22827471377,-0.597703221002
Ag2In2S6Si1,-0.491680300731,1.04842924622,0.205395947622
Ag2K1S3Sb1,0.575908146067,0.785399318557,-0.765955013135
Ag2K1S4Sb1,0.0646817739309,0.902298783642,-0.603251445293
Ag2Rb1S4Sb1,0.186887187098,1.0532983591,-0.630703330544
Ag2S1,1.92770257632,0.415212967495,-0.64510375258
Ag2S3Si1,-0.0461113781383,0.485732798825,0.442248137169
Ag2S3Te1,-0.125767556903,1.46517913226,0.0534949797165
Ag2S4Si1Zn1,-0.232918204624,0.595010253585,0.274059494504
Ag2S4Sn1Zn1,-0.0705986652791,1.17026209986,-0.160224630909
Ag2S6Te1V3,-0.0877496848415,0.632495679915,0.302843642591
Ag3As1S3,0.524241449403,0.839456763331,-0.089809837657
Ag3As1S4,0.0194734143563,0.949599047811,-0.0116244167611
Ag3As2K1S5,0.0590648664153,0.790803411345,-0.326748168281
Ag3Au1S2,2.04030205472,0.817183111644,-0.450049427851
Ag3Br1S1,1.4700132043,1.1900329374,-0.383544840786
Ag3Cs1S2,2.15800634175,0.529360938057,-1.44056731622
Ag3Cu1S2,1.77212377428,0.233941549992,-0.587796727795
Ag3I1S1,1.80504399499,1.32580827104,-0.415126963404
Ag3K3S8Ta2,0.742583110461,0.327006295157,-0.659829115705
Ag3Na1S2,1.54998536532,-0.0927198216024,-1.27472439875
Ag3Rb1S2,1.93954995517,0.315226024894,-1.39374016316
Ag3S3Sb1,0.705416579237,1.04367335559,-0.155640244352
Ag4Cd1Ge2S7,0.0382447835745,1.02772274297,0.109499513448
Ag4Ge2Hg1S7,0.0626489406732,1.15948191166,0.0880802686471
Ag4K2S3,1.72624501361,0.0134533543313,-1.5944822818
Ag4Mn1S6Sb2,0.250053844434,1.05947074146,-0.0211013947263
Ag4Pb4S24Sb12,-0.767380068597,2.02587225415,0.412020085015
Ag4Rb2S3,1.94349908146,0.281897044019,-1.64328563336
Ag4S8Sn3,-0.181162906072,1.42023971914,-0.0351360855415
Ag5Ba2La1S6,1.2903577988,0.634498946748,-0.769325424574
Ag5Ba2S6Y1,1.22791128222,0.529820076012,-0.713804746996
Ag5K1S3,1.82697379496,0.21433316092,-1.11979301718
Ag5Rb1S3,1.93560082889,0.348555005766,-1.14419469296
Ag5S4Sb1,1.07210237836,0.855135239164,-0.302479296822
Ag6K2S10Sn3,0.335031133443,0.960906527311,-0.616289074358
Ag6K2S4,1.77660940427,0.113893257625,-1.35713764949
Ag7As1S6,0.837285912339,0.720576441967,-0.283115560678
Ag7Cs1S4,2.04285445904,0.472286952771,-1.04283553441
Ag7Nb1S6,1.1946122778,0.464382184297,-0.381312134342
Ag7Rb1S4,1.93362626574,0.365219496192,-1.01942195788
Ag7S6Ta1,1.34762277785,0.558514682509,-0.195782169208
Ag8Ba1S5,1.78078928324,0.46696873505,-0.725942711507
Ag8Ge1S6,1.1937995782,0.627028183724,-0.310851297935
Ag8S6Si1,1.13817699453,0.443420900027,-0.210162996678
Ag8S6Sn1,1.22474741552,0.750221884717,-0.441781196897
Ag8S6Ti1,1.29298267244,0.395681027883,-0.459812741909
As10Pb6S20,-1.31307776838,1.95713484682,0.626773136508
As13Pb9S28,-1.28820318857,1.98780797576,0.5966565371
As1Au1K2S4,-0.122716734897,0.799097091116,-0.933384518571
As1Br1Hg3S4,-0.782703825447,2.53073881354,0.0111029070936
As1Cd1Na1S3,-0.826605808595,0.772344668499,-0.537402817156
As1Ce1S1,0.632163268303,1.08456879979,0.0201017927934
As1Co1S1,-0.115076933624,0.750263293312,0.909647111282
As1Cs1Eu1S3,0.0321375929396,1.18703892451,-0.865113262998
As1Cu1Pb1S3,-0.528231399687,1.48215664565,0.284984263082
As1Cu1Pt1S2,0.483971500462,1.11232008198,0.502169060906
As1Cu1S1,0.155670811902,0.607444965486,0.371603671083
As1Cu2K1S3,0.128026498464,0.270431724838,-0.601883992524
As1Cu3S4,-0.33057889022,0.541738358411,0.117316389011
As1Cu4K1S4,0.481234759378,0.0963403966262,-0.546081490793
As1Dy1S1,0.65051654658,1.02862307086,0.23948243944
As1Er1S1,0.734665445996,0.937376795156,0.461017556382
As1Eu1Li1S3,-0.806993809922,0.407294923122,-0.616194317958
As1Eu1Na1S4,-0.995600447414,0.730049146891,-0.522849791945
As1Eu1Rb1S3,-0.186318793651,0.972904011337,-0.818286109934
As1Eu1S1,0.396767782356,1.0778779045,-0.0845842872284
As1Fe1S1,-0.0933095686982,0.596815631227,0.748290548706
As1Gd1S1,0.700593444449,1.04100400698,0.244806801842
As1Hg3S3Sb1,0.135653012147,2.37130162579,-0.0848564914341
As1Ho1S1,0.703969341587,0.968635151752,0.373768314255
As1I3S24,-3.15310586597,2.1279917477,0.629016390775
As1K3S3,0.135716149896,0.0646346522331,-1.920754144
As1K3S4,-0.320486222728,0.271629700603,-1.6137006848
As1La1S1,0.677611991984,1.07514118259,0.0381930081898
As1Li1S2,-1.44159585191,0.159245563975,-0.493156329368
As1Li3S3,-1.04131533255,-0.87207588733,-1.49521028547
As1Na1S2,-1.09493021226,0.395740426557,-0.617770370719
As1Na3S3,-0.447031378846,-0.466656122904,-1.70883435636
As1Nd1S1,0.634898216019,1.04139697082,0.0716501819968
As1Ni1S1,-0.186364650174,0.931912556821,1.01199000076
As1Pd1S1,0.299201212306,0.724150663746,-0.00244857161951
As1Pr1S1,0.65323421895,1.03017191169,0.0775864174406
As1S1,-1.62401001604,1.57372073495,1.00323062908
As1S1Sm1,0.52474073857,1.08647090113,0.0116105194145
As1S1Tm1,0.642817568052,0.999719236265,0.337168335834
As1S1Y1,0.386194914621,0.586639785861,0.297289503537
As1S1Yb1,0.37666902992,1.13146450778,-0.0919917390243
As2Ba2S5,-0.712522755101,1.2361657045,-0.0328122016092
As2Cs4Mn1S8,-0.0524178087903,1.13965524794,-1.15816472706
As2Eu3S8,-1.09726822406,1.29823306971,0.0343324103378
As2K2S6Sn1,-0.981924810341,1.08327754761,-0.437872263388
As2K4Mn1S8,-0.662652908733,0.474906959253,-1.02467726029
As2Pb1S4,-1.44749155686,1.90935541675,0.658288154522
As2Pb2S5,-1.13943765565,2.07949976171,0.518604235254
As2S3,-2.00198857903,1.60309559581,0.909719209182
As3Cu13S16V1,-0.112573806438,0.377657693371,0.0594059865536
As4Cu12S12,0.124181672745,0.373330261151,0.0575510832247
As4Cu6Hg3S12,-0.359446675448,1.11717222537,0.0877878667659
As4Hg1I2S4,-1.1390199244,2.45515150444,0.784300393136
As4Pb9S15,-0.754370279142,2.29218019293,0.343999336191
As4S3,-1.35402532819,1.55273869149,1.07002450044
As4S4,-1.62401001604,1.57372073495,1.00323062908
As4S5,-1.8339981066,1.5900401021,0.951279840257
As8Br6Hg3S8,-1.38586004391,2.57427895031,0.752141264785
As8Cs2S13,-1.36926168116,1.50770984632,0.291891746192
As8Cu12S18,-0.43533681456,0.696952717644,0.281805853212
As8Pb8S20,-1.13943765565,2.07949976171,0.518604235254
As9Pb5S18,-1.37188380084,1.93623134616,0.640560956887
As9Pb7S20,-1.22625771201,2.01831730425,0.572688685879
Au1Cr1S2,0.447468586676,0.761998512447,0.00862387437972
Au1Cs1S1,2.61350906399,1.44744919692,-1.84592223039
Au1K1S1,1.85071518906,0.616513836043,-1.67906289694
Au1K1S5,-1.21478082241,1.24741738075,-0.413499224626
Au1Li1S1,0.935246258271,-0.112038805836,-1.34808434031
Au1Li3S2,0.213819142444,-1.17960498079,-2.08968328363
Au1Na1S1,1.39746711114,0.203287677605,-1.51423639544
Au1Na3S2,0.907150421757,-0.706615255627,-2.33891136633
Au1Rb1S1,2.17659629084,1.0191793706,-1.75226792428
Au1Rb2S4Sb1,0.280222330042,1.27978576026,-1.04588989493
Au1S1Ta5,5.55188484285,-0.0450218818478,1.99111187573
Au2Cd2Cs2S4,1.45212263789,1.4786907791,-1.25822042224
Au2Cd2Rb2S4,1.189974974,1.22172888331,-1.20202783857
Au2Cs2S4Sn1,1.21331496678,1.66171864913,-1.10677847832
Au2Ge2K2S6,0.0544513874206,1.04540144235,-0.326452188154
Au2K2S4Sn1,0.704785716819,1.10776174188,-0.995538922681
Au2S1,2.37810048993,2.02309354408,0.135113546344
Au3Cs1S2,2.49580477696,1.7352713705,-0.855404342024
Au4Cd1K2S4,1.60533441833,1.16540635939,-0.947488378412
Au5Na7S6,1.23402821469,-0.100013300145,-1.78912805241
Au6Cs4S5,2.56642734918,1.56257806635,-1.44971507505
Au6K4S5,1.95619224922,0.897829777657,-1.31622760828
Au6Rb2S10Sb4,0.562781751341,1.81830263771,-0.111317525597
Au6Rb4S5,2.21689713065,1.21996220529,-1.37479163015
B10Na6S18,-1.24598689498,-0.738306887804,0.523710352059
B12S1,0.338329115544,-3.22420309612,3.57135883103
B1Ba1Bi1S4,-0.760259941607,1.07046874434,0.448020514667
B1Ba1Li1S3,-0.595716452092,-0.478521183573,-0.340172228353
B1Ba1S4Sb1,-0.935661755883,0.848126395361,0.574196449491
B1Ce1S3,-0.94757004232,0.326356087964,0.697039463027
B1Cs1Li2S3,-0.265850466463,-0.927026177316,-1.37234868443
B1Cs3S3,1.17266050987,0.409677825041,-1.79906687593
B1Cu1S2,-0.663356187451,-0.380046525592,1.00100735509
B1K3S3,0.19192552782,-0.658667638922,-1.5845334472
B1Li1S3Sr1,-0.799657819309,-0.650926038559,-0.324135157035
B1Li3S3,-0.985105954619,-1.59537817849,-1.15898958868
B1Na3S3,-0.390822000918,-1.18995841406,-1.37261365957
B1Nd1S3,-0.945929073688,0.300452990585,0.727968496545
B1Pr1S3,-0.934927471939,0.293717955097,0.731530237815
B1Rb3S3,0.610915515819,-0.140954808791,-1.67865419663
B1S3Sm1,-1.01202356016,0.32749734877,0.691944698996
B2Ca1S4,-1.3095244653,-0.447708786013,1.03154021002
B2Li2S5,-1.58441537281,-0.79240805835,0.1441680722
B2Na2S5,-1.27626813756,-0.582190402717,0.0334000354402
B2Pb2S5,-1.05200084554,0.954362864375,1.04161420805
B2S3,-1.84460232083,-0.422150819418,1.85113716021
B2S4Sr1,-1.23543439398,-0.227168078029,0.989993614108
B3Ba1Li1S6,-1.16339184697,-0.452898290765,0.655877493723
B3Br3S3,-1.978700458,1.00877642823,1.87102852773
B3K3S6,-0.656627742458,-0.560118964131,-0.153004027447
B3Li1S6Sr1,-1.27463259273,-0.546937302584,0.664624987172
B3Na3S6,-0.996563800884,-0.870038582959,-0.0293841513271
B3Rb3S6,-0.412216916121,-0.258119813222,-0.207907797949
B4Ba7S13,-0.243987077527,0.277647440451,0.0649042121017
B8S16,-2.12281907253,-0.0650265096379,1.63189322177
Ba1Bi2S4,-0.459892375435,2.22032997673,-0.0802065236357
Ba1Cd1Ge1S4,-0.572390313645,1.28985430449,-0.0138303983424
Ba1Cd1S2,0.304676261781,1.15152824636,-0.793822087574
Ba1Cd1S4Sn1,-0.506073519412,1.5538408066,-0.294394467544
Ba1Ce1Cu1S3,0.605059282064,0.629559185876,-0.69806866596
Ba1Ce2Co1S5,0.103868514538,0.861473900751,-0.383232277303
Ba1Ce2Fe1S5,0.111124302836,0.810324680045,-0.437017798156
Ba1Ce2Mn1S5,0.078211758635,0.81518369117,-0.526434452132
Ba1Ce2S5Zn1,-0.00452745972812,0.975000765903,-0.574250774223
Ba1Co1La2S5,0.134167663648,0.855188822611,-0.371171467035
Ba1Co1Nd2S5,0.105691813019,0.832692681437,-0.348866684506
Ba1Co1Pr2S5,0.117915814953,0.825209308668,-0.344909194203
Ba1Co1S2,0.296876362459,0.594737532496,-0.290949831238
Ba1Cr1S2,0.444573519236,0.177015723682,-0.714491129257
Ba1Cr4S7,-0.442540541925,0.134035134611,-0.257887684851
Ba1Cu1Er1S3,0.65631037091,0.555963183558,-0.477610784167
Ba1Cu1Gd1S3,0.639274370134,0.607776789464,-0.585716161438
Ba1Cu1La1S3,0.6277836439,0.624845377268,-0.689023058265
Ba1Cu1Nd1S3,0.60642675593,0.607973271396,-0.672294471364
Ba1Cu1S3Sc1,0.275316820652,0.194860477027,-0.517190752393
Ba1Cu1S3Y1,0.482075105225,0.380594678904,-0.559474810594
Ba1Cu2Ge1S4,0.0611679889431,0.631031964871,-0.0738880410815
Ba1Cu2S2,1.14295623084,0.125077714611,-0.733915978105
Ba1Cu2S4Sn1,0.119195183899,0.86202015422,-0.319381601635
Ba1Cu4S3,1.20386790734,-0.0380286918228,-0.614650856351
Ba1Cu6Ge2S8,0.182131228125,0.447758038206,-0.000463687498125
Ba1Dy2S4,0.236578557173,0.941949611966,-0.484422888736
Ba1Er2S4,0.308706185247,0.863738518503,-0.294535645646
Ba1Fe1La2S5,0.141423451954,0.804039601913,-0.424956987897
Ba1Fe1Nd2S5,0.112947601323,0.781543460743,-0.402652205359
Ba1Fe1Pr2S5,0.125171603267,0.774060087982,-0.398694715061
Ba1Fe1S5Sm2,0.039509283023,0.81159274762,-0.442678647084
Ba1Fe2S3,0.117832673274,0.380367934451,-0.145630849196
Ba1Fe2S4,-0.400986684485,0.57182894943,-0.0483016522235
Ba1Ga2S4,-0.79794577117,1.21138336493,-0.345287549593
Ba1Ga4S7,-1.08082165383,1.28369670235,-0.201006063686
Ba1Gd2S4,0.279501612493,0.952561842925,-0.479859149534
Ba1Ge4Rh2S6,0.0484859839698,0.977684799849,0.6856060245
Ba1Hf1S3,0.286352665,0.85118266109,-0.0964690406731
Ba1Hg1S2,0.390090811616,1.61268533676,-0.868789444375
Ba1Hg1S4Sn1,-0.457265205225,1.81735914397,-0.337232957144
Ba1Ho2S4,0.282395238615,0.890531395594,-0.369320710329
Ba1In2S4,-0.476170855642,1.4533330852,-0.402298047047
Ba1K4S8V2,-0.0668024910265,0.0783763651181,-1.3043732774
Ba1La2Mn1S5,0.108510907753,0.80889861304,-0.51437364187
Ba1La2S5Zn1,0.0257716893799,0.968715687762,-0.562189963956
Ba1Lu2S4,0.427786881232,0.859077912816,-0.190231089598
Ba1Mn1Nd2S5,0.0800350571219,0.786402471868,-0.492068859333
Ba1Mn1Pr2S5,0.092259059056,0.778919099099,-0.488111369031
Ba1Mn1S2,0.239148661696,0.490584560943,-0.613154724616
Ba1Mn1S4Sn1,-0.543517862311,1.17615870065,-0.19115597443
Ba1Mo6S8,0.663419026593,-0.0428123708007,0.516253847528
Ba1Nb1S3,0.00785306063311,0.567264716505,-0.250914034745
Ba1Nd2S4,0.223191416708,0.952898669083,-0.628279109407
Ba1Nd2S5Zn1,-0.0027041612554,0.946219546592,-0.539885181423
Ba1Ni1S2,0.243410575046,0.730974480119,-0.214192664132
Ba1Pd1S2,0.607584971905,0.575153060316,-0.975021593416
Ba1Pr2S5Zn1,0.00951984068276,0.938736173822,-0.535927691117
Ba1Pt2S3,0.95071819715,1.50558961795,0.0616859420703
Ba1Rb1S4Ta1,0.483871289413,0.719624838955,-0.549826855637
Ba1S1,0.899309524822,0.777503340347,-1.21097646512
Ba1S2,-0.57176126046,1.09186723997,-0.628759800216
Ba1S2Sn1,0.137825549414,1.52629607554,-0.460774845592
Ba1S3Sn1,-0.59252012667,1.56515586828,-0.261485170556
Ba1S3Sn2,-0.11600244239,1.77589365394,-0.210707639082
Ba1S3Ta1,0.436282460748,0.830835711486,0.268569867622
Ba1S3Te1,-0.947818804157,1.82008851435,-0.0331343588349
Ba1S3Ti1,-0.387814355906,0.501533297793,-0.315579805587
Ba1S3V1,-0.362949481374,0.575045235021,-0.156378957947
Ba1S3Zr1,-0.0872369526797,0.682013641796,-0.216359238264
Ba1S4Sb2,-0.810696003985,1.77564527878,0.172145346007
Ba1S4Sm2,0.128770721745,0.991533466483,-0.679741677334
Ba1S4Sn1Zn1,-0.649896857369,1.38163779673,-0.252634102819
Ba1S4Tm2,0.229979432729,0.917174896603,-0.400692120401
Ba1S4Y2,0.0100171583636,0.563106796261,-0.434873976657
Ba1S4Yb2,0.00185211432163,1.03009941504,-0.768543613135
Ba1S5Sn2,-0.965477539545,1.76206900026,-0.0241123469152
Ba2Bi1Fe1S5,-0.134939740017,1.25861810247,-0.319081282858
Ba2Bi1Ga1S5,-0.289312718158,1.50733370849,-0.434575798514
Ba2Bi1In1S5,-0.16417802879,1.60142526637,-0.456746547521
Ba2Cd1S3,0.502887349464,1.02685327769,-0.932873546752
Ba2Co1S3,0.497687416576,0.655659468454,-0.597625375858
Ba2Cu3S6V1,0.341763615339,0.32467526783,-0.400620949631
Ba2Fe1S3,0.508571099032,0.578935637397,-0.678303657151
Ba2Fe1S5Sb1,-0.271363373336,1.08568516438,-0.220944444664
Ba2Ga2S5,-0.420777927606,1.11496558168,-0.537662864163
Ba2Ge1S4,-0.232599877622,1.07612578676,-0.252204328373
Ba2Ge4S10,-1.08153192946,1.30009262157,0.466874774191
Ba2Hf1S4,0.461483196375,0.830131426591,-0.414899733369
Ba2Hg1S3,0.559830382689,1.33429133797,-0.982851784621
Ba2In2S5,-0.170508548882,1.30314869743,-0.582004362178
Ba2Mn1S3,0.459202282742,0.586224154081,-0.812428638118
Ba2Re6S11,0.866320010073,0.898803421241,1.04245625128
Ba2S3Zn1,0.335093455177,0.825949766188,-0.884153121232
Ba2S4Si1,-0.351791128355,0.682681607412,-0.0364436828159
Ba2S4Sn1,-0.166283083379,1.34011228888,-0.532768397576
Ba2S4Ti1,-0.020064675695,0.580381881374,-0.5714074226
Ba2S4Zr1,0.194633469467,0.709296412806,-0.500535588797
Ba3Br1Ga1S4,0.0421268725757,1.35656275692,-0.697571785171
Ba3Cr1S5,0.206847705026,0.615407921704,-0.796244094215
Ba3Cr2S6,0.167391306585,0.426520682663,-0.691109857703
Ba3Fe1S5,0.148460312545,0.749912838252,-0.661789038181
Ba3Ga2S6,-0.180762027166,1.05360881054,-0.660083518874
Ba3Gd1In1S6,0.264445068024,1.04824050999,-0.721041458955
Ba3Ge1S5,0.0189355451487,1.00976524311,-0.465264803208
Ba3In1S6Sm1,0.216485239148,1.06064057203,-0.78464044507
Ba3S5Si1,-0.0737687609757,0.703753103616,-0.297450967776
Ba3S5Ti1,0.184240702202,0.624186650038,-0.713533876491
Ba3S7Sn2,-0.343881851423,1.43388044696,-0.419733719647
Ba3S7Zr2,0.0771874602401,0.697928591553,-0.382128776072
Ba3S8Ta2,0.20365698662,0.891073756521,0.0614937904311
Ba4Cd3Gd2S10,0.295401391005,1.07822483457,-0.678151531462
Ba4Cd3S10Sm2,0.239868957568,1.09258280114,-0.751792462755
Ba4Fe2I5S4,0.406579578712,2.10736267837,-0.249009784876
Ba4Ga2S7,-0.0145971730146,1.01113104589,-0.744836279836
Ba4Hf3S10,0.35846523674,0.842514505707,-0.227587561195
Ba4In2S5Te2,0.774665538812,1.50812716809,-0.675648001953
Ba4S10Zr3,0.0288273387888,0.693247723975,-0.33337302966
Ba5Fe4S11,-0.0108978216963,0.633531266698,-0.397104096092
Ba5Fe9S18,-0.31171311316,0.560306803982,-0.0937598523432
Ba5Ga2S8,0.107257053362,0.979980685145,-0.806988304546
Ba5Hf4S13,0.342076015888,0.844484541026,-0.197787897436
Ba6Hf5S16,0.33175687684,0.84572493364,-0.179025146183
Ba8S15Sn4,-0.0422971668022,1.32602033517,-0.572340320799
Ba8S17Sb6,-0.259081317267,1.45366400833,-0.274022980163
Ba9Fe4S15,0.249161420166,0.674666144877,-0.629639058677
Be1Bi1La3S7,-0.433310366242,0.976276923736,-0.23820702345
Be1Ce3Cr1S7,-0.406425538111,0.401656149595,-0.343311139523
Be1Cr1Dy3S7,-0.392660579414,0.35969685289,-0.178775654536
Be1Cr1Er3S7,-0.329548904848,0.291262146115,-0.0126243168314
Be1Cr1Gd3S7,-0.355102906004,0.368982554983,-0.174782382739
Be1Cr1La3S7,-0.372338995356,0.394585436691,-0.329742727978
Be1Cr1Nd3S7,-0.404374327321,0.369277277872,-0.304649847625
Be1Cr1Pr3S7,-0.390622325135,0.360858483512,-0.300197671038
Be1Cr1S7Sm3,-0.486992435407,0.403082725603,-0.349679594563
Be1Cr1S7Y3,-0.590901803377,0.0282093891448,-0.135420356469
Be1Ga1La3S7,-0.531909273332,0.682000828618,-0.315522322691
Be1In1La3S7,-0.438058256311,0.752569497023,-0.332150384446
Be1La3Lu1S7,-0.174403916374,0.579245071767,-0.270297521855
Be1La3S7Sb1,-0.535628091239,0.846577220164,-0.164604394801
Be1La3S7Sc1,-0.399632561171,0.400053061826,-0.320509668147
Be1La3S7Ti1,-0.389294247482,0.401169482931,-0.267710064689
Be1La3S7V1,-0.378933883089,0.431799456786,-0.201376378168
Be1La3S7Yb1,-0.298634890062,0.62912634324,-0.438972007886
Be1S1,-1.3603984203,-1.62747620182,-0.261811048073
Bi1Br1Cd1S2,-0.882688482654,2.82529284323,0.232432178999
Bi1Br1S1,-1.27784280358,3.69178597047,0.638498771679
Bi1Cs1Ge1S4,-0.494427660634,1.81774657124,-0.247386830921
Bi1Cs1S2,0.441110904558,2.0753397132,-1.20254584457
Bi1Cs1S4Si1,-0.613618911353,1.42430239191,-0.0316261853669
Bi1Cu1Pb1S3,-0.112224964901,1.97980874376,0.0609768646518
Bi1Cu1Pt1S3,0.23366554668,1.71135133964,0.283745740591
Bi1Cu1S2,-0.137712946636,1.63221063109,0.0766100380555
Bi1Cu2K1S3,0.484603442576,0.696990666078,-0.793890334037
Bi1Cu3S3,0.480758616856,0.79988920239,-0.134455258289
Bi1Cu4Fe1Pb1S6,0.222933111291,0.900640252586,-0.0356660438527
Bi1Fe1S4Sb1,-0.970212840376,1.8277867395,0.502546103717
Bi1Ge1K1S4,-0.821339321324,1.46163141659,-0.175875688006
Bi1Ge1Rb1S4,-0.681675991988,1.63420235996,-0.207249271154
Bi1I1S1,-0.71945815243,3.91807819321,0.585861900655
Bi1Ir1S1,1.86875797406,2.55028764667,1.25181860496
Bi1K1S4Si1,-0.940530572054,1.06818723724,0.039884957546
Bi1Ni9S8Te1,-0.0346775744693,1.00612794478,0.782244439404
Bi1Rb1S2,0.113426324695,1.75413734346,-1.13230511499
Bi1Rb1S4Si1,-0.800867242717,1.24075818062,0.00851137440287
Bi1Rh1S1,1.28129606215,1.81532006142,0.32546388754
Bi1S1,-0.375990711659,3.06667702928,0.331208433791
Bi2Cd1Cs2S5,0.294897323396,1.96538240104,-1.03737021767
Bi2Ce4S9,-0.368216221049,1.64906220732,-0.180671671787
Bi2Cs1Cu1S4,0.151698978961,1.85377517215,-0.562967903259
Bi2Cs2Mn1S5,0.268686283361,1.70100492687,-0.965103272484
Bi2Cs2S5Zn1,0.194220986828,1.84484029413,-1.00813796236
Bi2Cu1K1S4,-0.134348724139,1.54217441182,-0.500395653215
Bi2Dy4S9,-0.35353359844,1.60430562417,-0.00516715446472
Bi2Eu1S4,-0.584777875644,2.25629863417,0.0194238106348
Bi2Ga2In4S12,-1.13328676019,1.90743149307,0.0538590274774
Bi2Ga4S8,-1.1623172673,1.86543299033,0.095336707232
Bi2Hg1S4,-0.750874497268,2.69757683182,0.115328916789
Bi2In4S9,-1.01876638373,2.08159686585,0.0714826977712
Bi2La4S9,-0.331857242115,1.64152011356,-0.166198699467
Bi2Nd4S9,-0.366028262877,1.61452474414,-0.139432960426
Bi2Ni3S2,0.937545056852,1.60165667411,0.630479995369
Bi2Pb1S4,-0.734337668652,2.76247329922,0.274275471501
Bi2Pb2S5,-0.584762409266,2.74303589252,0.21992770402
Bi2Pb3S6,-0.489578153298,2.73066663372,0.185342761082
Bi2Pb6S9,-0.338403158508,2.71102134032,0.130413734055
Bi2Pd3S2,1.5618440229,1.33453424016,-0.673798169116
Bi2Rh3S2,1.75480656895,1.45778949917,0.323822588617
Bi2S3,-1.00357313553,2.79746063127,0.372101452949
Bi2S4Sr1,-0.634699261613,2.07255438674,-0.0664604625095
Bi2S4Yb1,-0.593391626683,2.27926432129,0.0162491884389
Bi3Cs1S5,-0.361491339935,2.47651800101,-0.327741790396
Bi3Cu1Pb1S6,-0.517383224279,2.35146869262,0.202397132062
Bi3In5S12,-1.01781680572,2.12633835118,0.0902713699655
Bi3Rb1S5,-0.507128930977,2.33376139225,-0.296523688358
Bi3S1Te2,0.958674429208,3.86122728706,0.547628616227
Bi4Cu2Pb2S9,-0.374386191554,2.22029459303,0.152484096518
Bi4Eu3S9,-0.453904356934,2.08718551008,-0.0907879525784
Bi4In2Pb4S13,-0.680762539371,2.52143352091,0.154981098825
Bi5Cs3Cu2S10,0.209581364081,1.89808808036,-0.690883491523
Bi5Cu1Pb1S9,-0.669317571544,2.49084117346,0.25542973234
Bi5Cu2K3S10,-0.13367587964,1.52416716797,-0.615796791468
Bi5Cu2Rb3S10,0.0129706161618,1.70536665851,-0.64873905377
Bi6Cu2Pb2S12,-0.517383224279,2.35146869262,0.202397132062
Bi7Cu3Pb3S15,-0.430563597275,2.271827275,0.172092789051
Bi7Cu4S12,-0.346663228134,2.01026205706,0.162986293095
Bi8Cu2Pb6S19,-0.482579674952,2.48913297563,0.187169380383
Br1Cd1S2Sb1,-1.12825102264,2.51401355468,0.409078487751
Br1Ce3S8Si2,-0.987370056847,1.10576389852,0.481064720569
Br1Cr1S1,-1.03395732005,1.3650200223,0.272355953565
Br1Cu1Hg1S1,0.0988074192924,2.12815798645,-0.172943911184
Br1Dy1S1,-0.465293382213,2.2003422116,0.166913012411
Br1Lu1S1,-0.242217004144,2.1036585626,0.51013677807
Br1Mn1S2Sb1,-1.18067310271,1.98525860634,0.553612378115
Br1Mo1S1,-0.379039596918,1.42967976862,0.95269798881
Br1Nd1S1,-0.480911712775,2.21311611157,-0.000919245033154
Br1Pr3S8Si2,-0.973824445728,1.07079447045,0.518019122132
Br1S1Sb1,-1.68711370357,3.1729871562,0.932909286269
Br2Cd2Hg2S2,-0.0964534905318,2.79206244618,-0.27228358736
Br2Ce1S2Sb1,-1.08538018202,2.71463754837,0.440220826016
Br2Hg2S2Sn1,-0.62471708602,3.21500851723,0.0632756026626
Br2Hg3S2,-0.480565507625,3.26437380936,-0.16987559664
Br2La1S2Sb1,-1.06265582019,2.70992373977,0.449266433716
Br2Nb1S2,-1.58448954427,2.23306492151,0.734708330291
Br2Re6S8,0.638353184263,1.38316651929,1.66381625002
Br2S2,-3.29772490922,3.33129944605,0.894376488526
Br2S7Te1,-3.02703212003,2.6032418793,0.744080767892
Br3Cs1Re6S8,0.731246212966,1.52889321757,1.21477031511
Br4Cs2Re6S8,0.805560635923,1.64547457622,0.855533567214
Br4Ge4S6,-1.87143794702,2.42987813691,1.16106235559
Br4S1W1,-1.33821775467,3.47471663921,1.50553193612
Br5Nd3S2,-0.697739655873,2.80814576706,0.196221216002
Br6Mo6S3,0.247933049907,1.3714967145,1.03610288064
Br6Nd4S3,-0.647702438224,2.67083123118,0.15072726345
Br7Nb3S1,-0.843579636049,2.71227295267,0.872303341269
Br7S1Ta3,-0.259357726788,3.07168794582,1.58069048086
Br9Cs5Nb2S4,-0.0550495508539,2.46388586273,-0.821444416852
Ca1Er2S4,0.0598092277418,0.495422220543,-0.239242988602
Ca1Ga2S4,-1.04684272867,0.843067066975,-0.289994892554
Ca1Hf1S3,-0.0621030755079,0.33553984394,-0.0190593208167
Ca1Ho2S4,0.0334982811151,0.522215097631,-0.314028053292
Ca1In1S4Yb1,-0.48605632817,0.873399952149,-0.530128173049
Ca1Lu2S4,0.178889923732,0.490761614853,-0.13493843256
Ca1S1,0.0281701735526,-0.511603702526,-1.01745216547
Ca1S3Zr1,-0.435692693187,0.166370824646,-0.138949518408
Ca1S4Sc2,-0.5933225727,-0.123610990656,-0.3070943627
Ca1S4Tm2,-0.0189175247869,0.548858598636,-0.345399463355
Ca1S4Y2,-0.238879799148,0.19479049829,-0.379581319615
Ca1S4Yb2,-0.247044843168,0.661783117082,-0.7132509561
Ca2Ge1S4,-0.730393792629,0.339493190832,-0.14161901429
Ca2S4Si1,-0.849585043365,-0.0539509885137,0.0741416312641
Ca2S4Sn1,-0.664076998398,0.603479692943,-0.422183083494
Ca2S5Sb2,-0.817867820365,0.980899495636,-0.0492042566255
Cd1Cr2S4,-0.590638111278,0.439687681715,-0.155669294862
Cd1Cs2Ge3S8,-0.550676629738,1.35250873513,-0.214198768271
Cd1Cu2Ge1S4,-0.236148642577,0.818044417876,0.134689147688
Cd1Cu2S4Si1,-0.340440986964,0.473780760949,0.323479712547
Cd1Cu2S4Sn1,-0.178121447619,1.04903260722,-0.110804412865
Cd1Dy2S4,-0.103211878858,1.15567812969,-0.246048958705
Cd1Er2S4,-0.0310842507723,1.07746703624,-0.0561617156165
Cd1Ga1In1S4,-0.976848749419,1.54608674278,-0.135418868307
Cd1Ga2S4,-1.13773620719,1.42511188264,-0.106913619577
Cd1Ge1Li2S4,-0.916021895667,0.0915574979267,-0.771088317381
Cd1Ho2S4,-0.0573951974116,1.10425991332,-0.130946780301
Cd1I4S8Sb6,-1.13674493206,2.87984048015,0.707205469215
Cd1In1S2,-0.34721752665,1.62499281073,-0.304559721105
Cd1In2S4,-0.815961291669,1.6670616029,-0.163924117029
Cd1Lu2S4,0.0879964452176,1.07280643055,0.0481428404255
Cd1Na1S3Sb1,-0.615234823791,1.01059735947,-0.614204958295
Cd1Na2S4Sn1,-0.511329061053,0.559040549856,-1.14119591928
Cd1S1,-0.289957001258,1.52555315237,-0.376667710033
Cd1S2,-1.36460561117,1.59056711467,-0.0725539634903
Cd1S2Ta1,0.829195520646,0.98242078556,0.618948329674
Cd1S4Sc2,-0.684216051221,0.458433825039,-0.124013089711
Cd1S4Tm2,-0.109811003302,1.13090341433,-0.16231819037
Cd1S4Y2,-0.329773277671,0.776835313982,-0.196500046625
Cd1S4Yb2,-0.337938321694,1.24382793277,-0.530169683111
Cd3K2S4,0.247805295221,0.753680144247,-1.41552492009
Cd3Rb2S4,0.465059363074,1.02212383395,-1.46432827165
Cd4Ge1S6,-0.68591756844,1.51157203316,0.00592126196605
Cd4S6Si1,-0.761766546172,1.26119846449,0.143223490951
Ce1Cr1S3,-0.380724159544,0.540102244403,-0.262164081478
Ce1Cs1S2,1.03675801189,0.99871619075,-1.72077064902
Ce1Cs1S4Si1,-0.27324913574,0.809088950501,-0.327754645045
Ce1Cu1S2,0.45793416069,0.555587108635,-0.441614766384
Ce1Dy1S3,-0.0395257968496,1.04129555798,-0.325429846166
Ce1Er1S3,0.0109635428032,0.98654779256,-0.192508776002
Ce1Er3S6,0.0417141961084,0.942390191167,-0.0602340469254
Ce1Ga4Na1S8,-1.01925519332,1.00798099663,-0.419867494647
Ce1Ho1S3,-0.00745411983554,1.00530280652,-0.244858321283
Ce1Ho3S6,0.0140877021503,0.970522712111,-0.138758364847
Ce1I1S1,0.0747379906726,2.48258016327,-0.105104505261
Ce1K1S2,0.464662605683,0.375514670096,-1.59562614892
Ce1K1S4Si1,-0.600160796442,0.452973795833,-0.256243502134
Ce1Lu1S3,0.0943200299986,0.983285368579,-0.119495586772
Ce1Lu3S6,0.166748926901,0.937496555196,0.0492857369193
Ce1Pd3S4,0.44072118999,0.507959581305,-0.730610335061
Ce1Rb1S2,0.70907343202,0.677513821005,-1.65052991943
Ce1S1,0.815303502993,0.913429984371,-0.70524117509
Ce1S2,-0.627765275001,1.18248500267,-0.2916029402
Ce1S3Sc1,-0.446228717507,0.553224544721,-0.240004737871
Ce1S3Tm1,-0.0441451839618,1.02395325723,-0.266818308332
Ce1S3Yb1,-0.203834306838,1.10300042014,-0.524314353249
Ce1S6Tm3,-0.0409488940397,0.998498388169,-0.17169834542
Ce1S6Y3,-0.271909282125,0.626726882804,-0.20758929449
Ce1S6Yb3,-0.280482578355,1.11706913253,-0.557942412796
Ce2Fe2S5,-0.149367981013,0.677946211409,-0.0819025928599
Ce2Hf1S5,-0.0774430679601,1.00940270018,-0.0432104304883
Ce2S3,-0.0505377638068,1.07486299534,-0.457058234156
Ce2S5Si1,-0.789058102097,0.880384108404,0.287938613746
Ce2S5Sn1,-0.626738562754,1.45563595468,-0.146345511666
Ce2S5Zr1,-0.310936579009,0.903672063126,-0.118141803983
Ce3Cu1Ge1S7,-0.30386578491,1.00162754644,-0.0811062228607
Ce3Cu1S7Si1,-0.373394014514,0.772118441812,0.0447541537153
Ce3Cu1S7Sn1,-0.265180988274,1.15561967268,-0.24476859656
Ce3Ga1Mn1S7,-0.409431446268,0.994261872094,-0.28801105691
Ce3Ge1Na1S7,-0.414934989389,0.838296860642,-0.424570058342
Ce3I1S8Si2,-0.867716203037,1.1542550891,0.469785391065
Ce3In1S6,-0.294494074814,1.23706349229,-0.362500345572
Ce3S4,0.196845455272,1.02873927792,-0.527967645849
Ce4Co1S7,-0.0930409364926,0.96438111688,-0.276035728025
Ce4Cr1S7,-0.0438085509058,0.825140513948,-0.417216160693
Ce4Cu1S7,-0.025354000107,0.928676534939,-0.410546588073
Ce4Fe1S7,-0.0875990952533,0.926019201366,-0.316374868669
Ce4Ge3S12,-0.85166786137,1.26406481007,0.245518123377
Ce4Mn1S7,-0.112283503414,0.929663459713,-0.383437359145
Ce4Ni1S7,-0.110862865633,1.00979343277,-0.250450005651
Ce4S12Si3,-0.983405559541,0.829205453952,0.48399041583
Ce6S17Si4,-0.925821127709,0.8443694997,0.425900992983
Co1Cr2S4,-0.595095196593,0.121521559527,0.131686280191
Co1Cs1S3Tm1,0.594646891155,0.76070992028,-0.778954893609
Co1Cs1S3Yb1,0.461572622099,0.826582556045,-0.993534931042
Co1Cs2S2,1.58712786286,0.687871599708,-2.04454408321
Co1Cu2Ge1S4,-0.240048592239,0.539649060946,0.386125275859
Co1Cu2S4Si1,-0.344340936626,0.195385404019,0.574915840718
Co1Cu2S4Sn1,-0.182021397281,0.770637250294,0.140631715306
Co1Dy3Ga1S7,-0.376423920661,0.987020232576,-0.0160739407883
Co1Er3Ga1S7,-0.313312246095,0.9185855258,0.150077396917
Co1Fe1La3S7,-0.240322602985,0.835372111845,-0.0804201274979
Co1Ga1Nd3S7,-0.388137668567,0.996600657557,-0.141948133877
Co1Ga1S7Sm3,-0.470755776654,1.03040610529,-0.186977880814
Co1Ga2S4,-1.14219329251,1.10694576045,0.180441955477
Co1Gd4S7,-0.0246107603386,0.920816324076,-0.0513307189841
Co1In2S4,-0.820418377006,1.3488954807,0.123431458031
Co1K2S2,0.671775212942,-0.309250833333,-1.84431288307
Co1K6S4,1.02716867215,-0.571513581693,-2.74372731423
Co1La4S7,-0.047592212804,0.954953499684,-0.257944512637
Co1Mo2S4,-0.0337371481993,0.176944199233,0.714836596116
Co1Na2S2,0.127877519457,-0.805122223461,-1.64652108128
Co1Na6S4,0.285489999227,-1.24770184095,-2.47401122088
Co1Nb2S4,-0.0879883231076,0.237997459098,0.436749369819
Co1Nb4S8,-0.318048134975,0.325278155186,0.414770084748
Co1Ni2S4,-0.824995704251,0.754617281147,0.703455954609
Co1Rb2S2,1.06283253508,0.17394780812,-1.93215891587
Co1Rh2S4,-0.280154696186,0.658705831202,0.499017683454
Co1S1,-0.305556799903,0.411971724644,0.629076802641
Co1S1Sb1,0.307665035985,1.22676867526,0.756042829002
Co1S2,-1.37500547694,0.848179496187,0.597942378292
Co1S4Ti2,-0.6532274896,0.144095432362,0.344369697186
Co1S4V2,-0.617706240257,0.249112485542,0.571799479519
Co2Cs1S2,0.96162013459,0.419059330717,-0.698393312981
Co2Cu1S4,-0.647857199126,0.53771005765,0.385143432108
Co2Ge3S3,0.0838719034342,0.789189142516,1.13417078103
Co2K1S2,0.503943809629,-0.0795018858049,-0.598277712908
Co2Na5S5,0.0122561981434,-0.801308499854,-1.74522946282
Co2Ni1S4,-0.794443825731,0.676767596808,0.659594716273
Co2Rb1S2,0.699472470698,0.162097434922,-0.64220072931
Co2S6Ta9,3.02456186597,0.056006072934,1.70000577715
Co3Cs2S4,0.745934679409,0.565249433006,-0.856268133946
Co3In1S2Sn1,0.950299248214,0.758441112814,0.325912901513
Co3In2S2,1.0129222122,0.601110729508,0.176804756918
Co3Rb2S4,0.454659497304,0.27973621546,-0.793831929864
Co3S2Sn2,0.887676284232,0.915771496163,0.475021046123
Co9S8,-0.116830562782,0.334993882614,0.634571112827
Cr11K3S18,-0.424845492919,-0.106512667305,-0.549046877281
Cr1Cu1S2,0.0452011660194,-0.112863830042,-0.197997075536
Cr1Er2S4,0.0488570391929,0.520602737547,-0.0108297394423
Cr1Ga2S4,-1.05779491721,0.868247583974,-0.0615816433961
Cr1Ho2S4,0.0225460925717,0.547395614645,-0.0856148041307
Cr1In2S4,-0.736020001695,1.11019730423,-0.118592140845
Cr1K1S2,0.0519296110127,-0.292936268581,-1.35200845808
Cr1La1S3,-0.35345492534,0.534445674079,-0.251309352242
Cr1Li1S2,-0.63467208707,-0.839350749992,-1.10377454061
Cr1Mo2S4,0.0506612271033,-0.061753977246,0.472812997243
Cr1Na1S2,-0.288006447413,-0.602855887409,-1.22838858196
Cr1Nb3S6,-0.178448338112,0.12764118803,0.253046315314
Cr1Nd1S3,-0.379083190912,0.514199147024,-0.23123504796
Cr1Pr2S4,-0.0209411554152,0.600141408864,-0.339485001392
Cr1S1,-0.0101624863487,-0.423471892982,-0.218005793396
Cr1S2,-1.17807593456,0.291217084439,0.033220647604
Cr1S3Sb1,-1.10280438539,1.09012177381,0.329062070826
Cr1S3Sm1,-0.445177677381,0.541243505209,-0.26725884551
Cr1S4Tm2,-0.0298697133256,0.574039115647,-0.116986214199
Cr1S4V2,-0.533307864953,0.010414309095,0.329775880655
Cr1S4Y2,-0.24983198769,0.219971015296,-0.15116807046
Cr1S4Yb2,-0.257997031721,0.686963634088,-0.484837706937
Cr1S6Ta3,0.464195762061,0.5229976805,1.03227216887
Cr2Cu1S4,-0.479060448523,0.060313704731,-0.0989037656171
Cr2Fe1S4,-0.585766325919,0.0557582757625,0.0625334676538
Cr2Ga1S4,-0.78424586925,0.375535483523,-0.0859594810344
Cr2Hg1S4,-0.541829797081,0.703206019095,-0.198507784468
Cr2Mn1S4,-0.628082454178,0.0620055757659,-0.0524308017496
Cr2Ni1S4,-0.625647075119,0.199371243868,0.175547518531
Cr2S3,-0.71091055528,0.00534149346177,-0.0672699288014
Cr2S4Ti1,-0.5397629678,-0.105889680518,-0.00399561017213
Cr2S4Zn1,-0.734461449226,0.267484671858,-0.113908930134
Cr3K1S5,-0.37187048138,-0.127226400785,-0.638264830695
Cr3Rb1S5,-0.263243447451,0.00699544407286,-0.662666506474
Cr3S4,-0.510696821293,-0.117176616951,-0.110337318685
Cr4Cu1Fe1S8,-0.532413387216,0.0580359902512,-0.0181851489834
Cr5Cs1S8,-0.329500391704,0.0981768530637,-0.470093651481
Cr5K1S8,-0.492956222052,-0.0798807242738,-0.434338080027
Cr5Rb1S8,-0.42312455739,0.00640474740985,-0.4500248716
Cr5S6,-0.328684335861,-0.228556717338,-0.14948949132
Cr5S8,-0.818717950493,0.0713127836755,-0.0440797958029
Cs1Cu1S4,-0.718375163954,1.00078055642,-0.792871650335
Cs1Cu1S6,-1.41725708071,1.18073417713,-0.460735355362
Cs1Cu3Dy2S5,0.909550042222,0.450174610571,-0.780080431095
Cs1Cu3Er2S5,0.955449441912,0.400403914732,-0.659243094585
Cs1Cu3S2,1.69126993565,-0.0144533144777,-1.26864624186
Cs1Cu4S3,1.29359365633,0.0385960723715,-0.995981770807
Cs1Cu5S3,1.56264241316,-0.112926443825,-0.984389379046
Cs1Dy1S2,1.05052297058,0.956756894043,-1.55623516403
Cs1Dy1S4Si1,-0.265383445062,0.785112209528,-0.233734367911
Cs1Er1S2,1.11363464515,0.888322187266,-1.39008382632
Cs1Er1S4Si1,-0.22931963103,0.746006662793,-0.138790746368
Cs1Eu1S2,0.860211397419,0.993698019274,-1.79928520903
Cs1Eu1S4Si1,-0.374132915436,0.806221423944,-0.372620107913
Cs1Fe1S2,0.492653384132,0.632901314313,-1.17462908209
Cs1Fe2S3,0.237467005253,0.482534286701,-0.654072068477
Cs1Ga1S2,0.14531418329,1.19251142788,-1.43449174229
Cs1Ga3S5,-0.755886968295,1.29941362058,-0.637002987348
Cs1Gd1S2,1.08808064399,0.966042596137,-1.55224189223
Cs1Gd1S4Si1,-0.243921917402,0.790418325005,-0.231452498311
Cs1Ge1S4Sm1,-0.20009611205,1.20334831613,-0.547154407764
Cs1Ge1S5Ta1,-0.290777368375,1.14875547711,0.171334698042
Cs1Ho1S2,1.09061256685,0.911765954722,-1.45552075793
Cs1Ho1S4Si1,-0.242475104344,0.759403101342,-0.176183278711
Cs1In1S2,0.426867234367,1.40421743311,-1.48437592756
Cs1In5S8,-0.611154367198,1.63239425454,-0.480412179184
Cs1K5S17Sn5Zn4,-0.498576789671,1.06621304628,-0.881598379463
Cs1La1S2,1.07084455464,0.991645477843,-1.70720223747
Cs1Lu1S2,1.21783025414,0.884244157292,-1.29881733979
Cs1Lu7S11,0.445209914395,0.890136460859,-0.101277023683
Cs1Na1S1,1.6328756852,-0.372356669562,-3.49527217217
Cs1Nd1S2,1.03880922268,0.966337319024,-1.68210935712
Cs1Pr1S2,1.05256122486,0.957918524663,-1.67765718053
Cs1S2Sb1,0.134157729576,1.68624060251,-0.981737958637
Cs1S2Sm1,0.956191114588,1.00014276676,-1.72713910405
Cs1S2Tm1,1.04474873669,0.935079018103,-1.48297074174
Cs1S2Yb1,0.845137333097,1.03388797174,-1.80484079788
Cs1S4Si1Sm1,-0.319287362776,0.809904136787,-0.331393762214
Cs1S4Si1Tm1,-0.268683007281,0.772724851846,-0.191868983743
Cs1S8V5,-0.357764196281,0.257665510614,0.0800478477043
Cs2Cu2S5Sb2,0.453583994657,1.14184606476,-0.827411875406
Cs2Ge3S8Zn1,-0.622588298713,1.2664072302,-0.193318585906
Cs2Hg1S8Sn3,-0.426797281292,1.88024765698,-0.656464116874
Cs2Hg2In2S6,0.244868855716,1.75210073312,-1.16511809292
Cs2Hg3S8Sn2,-0.112696924084,1.98961092465,-0.827428960552
Cs2Hg6S7,0.474481206336,2.1326548365,-1.18667354032
Cs2Li1Nb1S4,0.533629474006,0.173284029636,-1.78657223006
Cs2Li1S4V1,0.301877885252,0.178146853708,-1.72748780706
Cs2Mn1S2,1.54094570225,0.604549222468,-2.30230799792
Cs2Mn1S6Te2,-0.488245239061,1.64669253584,-0.636270701594
Cs2Mn3S4,0.668964411732,0.426378804284,-1.28587465844
Cs2Mo15S19,0.754762982533,-0.0560352371703,0.3944823431
Cs2Mo1S4,0.494767921261,0.771948582963,-1.25778749189
Cs2Ni3S4,0.674646962859,0.746898696516,-0.753925244462
Cs2Pd3S4,1.16021282532,0.539136803439,-1.76836381684
Cs2Pt3S4,1.6005875682,1.53702345439,-0.810307905268
Cs2S1,2.84891763804,0.871804849746,-3.82695800712
Cs2S2,1.25821252078,1.08400239712,-2.73630012294
Cs2S2Te1,1.10458853494,1.68805108021,-1.95205328297
Cs2S3Te1,0.334839973953,1.69347507339,-1.53743214755
Cs2S3Ti1,0.80151034749,0.594679059594,-1.77280335317
Cs2S4W1,0.830832667686,1.01955557879,-0.912664733617
Cs2S4Zn3,0.420746756612,0.905830028479,-1.42932362469
Cs2S7Sb4,-0.492325326226,1.87418731467,-0.325148716686
Cs3Fe1S3,1.50248092152,0.735288543793,-2.31134147853
Cs3Fe2S4,1.10795054951,0.612291141062,-1.71170071468
Cs3S3Sb1,1.29762626177,1.33719670846,-2.20111797941
Cs3S4Sb1,0.696185125176,1.38512149981,-1.85901904079
Cs3S4V1,0.931226437395,0.76295485474,-1.91417701584
Cs4Ge4S10,-0.211569063472,1.27346098234,-0.591546988619
Cs4In2S5,1.08742643536,1.25901400128,-2.12326194926
Cs4S23Sb14,-0.859047114976,1.9842049023,0.0591962054367
Cs4S6Si2,0.414496152722,0.71402873996,-1.14867899009
Cs6I8Re6S8,1.47527028167,2.13921997506,-0.113335388305
Cs6Re6S12,1.6042958681,0.908895637082,-0.408001976215
Cs8Fe4S10,1.13527090792,0.698056823974,-1.89799151619
Cs9Fe2S7,1.97843409377,0.742047995408,-2.7693293609
Cu12S13Sb4,0.173658194526,0.616962308097,0.0104776714614
Cu1Dy1Eu1S3,0.468536170938,0.643549755082,-0.472142952649
Cu1Dy1S2,0.471699119386,0.51362781193,-0.277079281398
Cu1Dy3Ge1S7,-0.290100826214,0.959668249738,0.0834292621257
Cu1Dy3S7Si1,-0.359629055817,0.730159145108,0.209289638702
Cu1Dy3S7Sn1,-0.251416029577,1.11366037597,-0.0802331115738
Cu1Er1S2,0.534810793953,0.445193105154,-0.110927943692
Cu1Er3Ge1S7,-0.226989151648,0.891233542962,0.249580599831
Cu1Er3S7Si1,-0.296517381251,0.661724438331,0.375440976408
Cu1Er3S7Sn1,-0.18830435501,1.0452256692,0.0859182261322
Cu1Eu1Nd1S3,0.460727005685,0.649936705079,-0.556059081381
Cu1Eu1Pr1S3,0.46989500713,0.644324175497,-0.553090963648
Cu1Eu1S3Sm1,0.405648266963,0.672473670233,-0.586078912671
Cu1Eu1S3Tm1,0.464686681687,0.629097837794,-0.423300004453
Cu1Fe1S2,-0.086170467065,0.1897722322,0.104526800545
Cu1Fe2S3,-0.14841556221,0.187114898637,0.198698519946
Cu1Ga1S2,-0.433509667904,0.749382345767,-0.155335859658
Cu1Gd1S2,0.509256792796,0.522913514023,-0.2730860096
Cu1Gd1S3Sr1,0.435333002928,0.435371934487,-0.569679090122
Cu1Gd2K1S4,0.512621015293,0.432877294753,-0.85009170087
Cu1Gd3Ge1S7,-0.252543152804,0.96895395183,0.087422533923
Cu1Gd3S7Si1,-0.322071382407,0.7394448472,0.213282910499
Cu1Gd3S7Sn1,-0.213858356167,1.12294607806,-0.0762398397756
Cu1Ge1Ho3S7,-0.250011229946,0.914677310415,0.18414366823
Cu1Ge1La3S7,-0.269779242156,0.994556833538,-0.0675378113148
Cu1Ge1Nd3S7,-0.30181457412,0.969248674719,-0.0424449309629
Cu1Ge1Pr3S7,-0.288062571934,0.960829880359,-0.0379927543752
Cu1Ge1S7Sm3,-0.384432682207,1.00305412245,-0.0874746778999
Cu1Ge1S7Y3,-0.488342050176,0.628180785992,0.126784560194
Cu1Hf1K1S3,0.596036693313,0.175166460501,-0.654010793924
Cu1Hg1I1S1,0.517595907658,2.29787715349,-0.212421564456
Cu1Ho1S2,0.511788715653,0.468636872608,-0.176364875293
Cu1Ho3S7Si1,-0.319539459549,0.685168205785,0.310004044807
Cu1Ho3S7Sn1,-0.211326433309,1.06866943665,0.0204812945306
Cu1In1S2,-0.151956616827,0.961088350992,-0.205220044928
Cu1Ir2S4,0.339418833521,1.22747019234,1.06244596686
Cu1K1S1,1.31435862818,-0.549969287274,-1.95455749682
Cu1K1S4Y2,0.276822117921,0.0921041289145,-0.8107296746
Cu1K2Nb1S4,0.30147069435,-0.0866740310403,-1.20853899743
Cu1K2S4V1,0.0697191055954,-0.0818112069693,-1.14945457443
Cu1La1S1Te1,1.49301955909,1.14442908906,-0.265731218012
Cu1La1S2,0.492020703444,0.54851639573,-0.428046354838
Cu1La3S7Si1,-0.339307471759,0.765047728907,0.0583225652609
Cu1La3S7Sn1,-0.231094445519,1.14854895977,-0.231200185014
Cu1La4S7,0.0200947235601,0.919248917727,-0.392455372679
Cu1Lu1S2,0.639006402946,0.441115075178,-0.0196614571552
Cu1Lu1S3Sr1,0.521832743026,0.380839641924,-0.40072938849
Cu1Mo6S8,0.556919732399,-0.120113585125,0.653985595182
Cu1Na1S3Ti1,-0.192393196386,-0.32282108813,-0.754189847273
Cu1Na1S3Zr1,0.0580879729649,-0.172420801467,-0.671506041168
Cu1Na2S3Sb1,-0.0754518984796,0.0175559307069,-1.18586961653
Cu1Nb1Rb2S4,0.545881520687,0.215325119869,-1.26344276793
Cu1Nb2S4,0.0280464249776,0.176789604333,0.206159324016
Cu1Nd1S2,0.45998537148,0.523208236911,-0.402953474486
Cu1Nd1S3Sr1,0.402485388712,0.43556841641,-0.656257400045
Cu1Nd2Rb1S4,0.585555007145,0.584171593096,-1.00741105101
Cu1Nd3S7Si1,-0.371342803723,0.739739570089,0.0834154456131
Cu1Nd3S7Sn1,-0.263129777483,1.12324080095,-0.206107304662
Cu1Ni1S3Sb1,-0.433940205991,1.05688955356,0.459142328277
Cu1Pb1S3Sb1,-0.316860414886,1.72040933663,0.208182121948
Cu1Pb1S3Y1,0.161888929804,1.01309522182,-0.145912482933
Cu1Pr1S2,0.473737373666,0.514789442551,-0.398501297898
Cu1Pr3S7Si1,-0.357590801537,0.731320775729,0.0878676222003
Cu1Pr3S7Sn1,-0.249377775297,1.11482200659,-0.201655128074
Cu1Pr4S7,-0.00428304947322,0.874279646824,-0.353061963426
Cu1Rb1S4Sm2,0.502936899058,0.617977040827,-1.05244079794
Cu1Rb2S4Ta1,0.813649895757,0.38005699173,-0.938765328956
Cu1Rb2S4V1,0.314129931932,0.22018794394,-1.20435834494
Cu1Rh2S4,-0.164119948097,0.597497976413,0.268427637639
Cu1S1,0.100564818385,0.197744232901,-0.177988357676
Cu1S1Sm1Te1,1.37836611904,1.15292637798,-0.285668084597
Cu1S2,-1.10425773141,0.705361168339,0.0598989380774
Cu1S2Sb1,-0.44466612162,1.24311152039,0.297417923995
Cu1S2Sc1,-0.0366795314352,-0.0964609546443,-0.170297896028
Cu1S2Sm1,0.377367263393,0.557013684642,-0.447983221423
Cu1S2Tm1,0.465924885497,0.491949935989,-0.203814859104
Cu1S2Y1,0.273457895424,0.182140348185,-0.23372398333
Cu1S2Yb1,0.2663134819,0.590758889624,-0.52568491525
Cu1S3Ta1,0.116784578174,0.598932068507,0.681765110598
Cu1S4Ti2,-0.537192741502,0.0828875775806,0.113779651368
Cu1S4V2,-0.501671492179,0.187904630768,0.341209433725
Cu1S4Zr2,-0.107796451188,0.340716640433,0.255523318973
Cu1S7Si1Sm3,-0.45396091181,0.77354501782,0.0383856986758
Cu1S7Si1Y3,-0.55787027978,0.398671681362,0.252644936769
Cu1S7Sm3Sn1,-0.34574788557,1.15704624868,-0.251137051599
Cu1S7Sn1Y3,-0.449657253539,0.782172912225,-0.0368778135051
Cu2Dy1S2,1.12036578906,0.145880934857,-0.399993474105
Cu2Eu1S4Sn1,0.00992037120974,0.893492729488,-0.232205059137
Cu2Fe1Ge1S4,-0.231885830392,0.48210618766,0.32561656489
Cu2Fe1S4Si1,-0.336178174779,0.137842530732,0.514407129749
Cu2Fe1S4Sn1,-0.173858635434,0.713094377007,0.0801230043367
Cu2Fe4S7,-0.40729919828,0.305074909445,0.224619674535
Cu2Ge1Hg1S4,-0.193441367659,1.04862296308,0.0972054692876
Cu2Ge1Mg1S4,-0.423629909464,0.199123699903,0.00813501438149
Cu2Ge1Mn1S4,-0.268912442619,0.487572575169,0.225022829168
Cu2Ge1S3,-0.218212523009,0.582208173045,0.305141433598
Cu2Ge1S4Sr1,-0.0917880364635,0.501728323637,-0.0618602375944
Cu2Ge1S4Zn1,-0.361994063287,0.667366784246,0.171229466826
Cu2Hg1S4Si1,-0.297733712046,0.704359306151,0.285996034147
Cu2Hg1S4Sn1,-0.135414172701,1.27961115243,-0.148288091265
Cu2Ho1S2,1.15243746608,0.109888183398,-0.319421949222
Cu2In2S6Si1,-0.66140263021,0.850678608938,0.267912701929
Cu2K1Nb1S4,0.298106471853,0.00336218822917,-0.631533306162
Cu2K1S4V1,0.0663548830982,0.00822501230099,-0.572448883163
Cu2La6S14Si2,-0.339307471759,0.765047728907,0.0583225652609
Cu2Lu1S2,1.25421161591,0.087870745453,-0.194059214711
Cu2Mg1S4Si1,-0.527922253852,-0.145139957025,0.196925579241
Cu2Mn1S4Si1,-0.373204787006,0.143308918241,0.413813394028
Cu2Mn1S4Sn1,-0.210885247663,0.718560764517,-0.0204707313845
Cu2Na1Nb1S4,0.12813844264,-0.151597621185,-0.569723368102
Cu2Na2S4Zr1,0.325762165402,-0.43601234955,-1.04424769256
Cu2Na4S3,0.713018277627,-1.18096969343,-2.24768277596
Cu2Ni1S4Si1,-0.371073830334,0.263503877831,0.613294424272
Cu2Pb1S4Si1,-0.283263987005,0.761143715129,0.42507426952
Cu2Rb1S4V1,0.188560296266,0.159224587756,-0.599900768415
Cu2Rb2S4Sn1,0.564468744089,0.598550016043,-1.22800534083
Cu2Rb2S4Ti1,0.678194172288,0.00764858799426,-1.25805791585
Cu2Rb2S5Sb2,0.215267936568,0.908244341305,-0.776327708432
Cu2Rb2S6Sn2,0.0265832511434,0.971476900413,-0.828126749171
Cu2S1,1.30538736818,-0.309872702543,-0.415875653431
Cu2S2Tm1,1.11574640195,0.128538634103,-0.341381936271
Cu2S2Y1,0.961772809895,-0.119309036141,-0.365309235651
Cu2S2Yb1,0.956057279076,0.207585797011,-0.598877981188
Cu2S3Si1,-0.357268982202,0.123189963811,0.556862186745
Cu2S3Sn1,-0.140842929736,0.890192425507,-0.0221833138058
Cu2S4Si1Zn1,-0.466286407674,0.323103127318,0.360020031685
Cu2S4Sn1Sr1,-0.0337608415066,0.732716512984,-0.307353798147
Cu2S4Sn1Zn1,-0.30396686833,0.898354973593,-0.0742640937274
Cu2S4W1,0.169319694887,0.513122342095,0.549227703681
Cu3Er2Rb1S5,0.836291412872,0.283603053011,-0.633701011097
Cu3K1S2,1.30987299817,-0.42992099491,-1.18521657513
Cu3K3S8Ta2,0.567556958173,0.123075950457,-0.595358712819
Cu3Nb1S4,0.294742249355,0.0933984074999,-0.0545276148908
Cu3Rb1S2,1.47281354907,-0.22858822764,-1.2218190888
Cu3S3Sb1,0.305356802571,0.577546853421,-0.00827932346427
Cu3S4Sb1,-0.172050651615,0.720427876643,0.0597147831578
Cu3S4Ta1,0.562510624429,0.258130279361,0.270149824087
Cu3S4V1,0.0629906606018,0.0982612315704,0.00455680810703
Cu3S8V4,-0.220557894844,0.0870372171604,0.259018788483
Cu4Dy4K2S9,0.60616713551,0.307781440791,-0.784894027516
Cu4Fe5S8,0.0934919913512,0.0987859493577,0.112402305687
Cu4Gd4Rb2S9,0.740704471564,0.442758516622,-0.804648649369
Cu4Ge1S4,0.289654107388,0.284847881204,0.0648024045962
Cu4Ge2Ni1S7,-0.245966216124,0.596813522592,0.373348534066
Cu4Ho4K2S9,0.639926795518,0.26989433399,-0.700081896057
Cu4K1S3,1.00754595323,-0.273004687956,-0.933409520762
Cu4Na2S3,1.00920282292,-0.745421198,-1.33177921471
Cu4Na3S4,0.722829508105,-0.752115504142,-1.49668687938
Cu4Ni1S7Si2,-0.365157466848,0.203369343242,0.58910917962
Cu4S4Sn1,0.341233836228,0.490170716169,-0.153414093665
Cu4S4Ti1,0.454959264446,-0.100730711886,-0.183466668701
Cu5Na1S3,1.15729509554,-0.527646950264,-0.87382743406
Cu5S7Si2,-0.291864153549,0.133840573682,0.451883537546
Cu6Ge1S8W1,0.23700780192,0.384717957827,0.276738472936
Cu6La4Mn1S10,0.521260426512,0.39304646606,-0.387001647891
Cu7S4,1.08632872277,-0.217578714275,-0.372623417833
Cu8Ge1S6,0.695947411711,0.0469596476906,-0.127468818618
Cu8Rb3S6,1.34091831856,-0.16408714847,-1.24124078549
Cu8S6Si1,0.640324828028,-0.136647636001,-0.0267805173572
Cu9Fe9S16,0.115460848455,0.0997238317848,0.0791652282581
Dy1I1S1,0.0930912689386,2.42663443433,0.114276141384
Dy1K1S2,0.478427564381,0.333555373391,-1.43109066394
Dy1Li1S2,-0.208174133703,-0.212859108021,-1.18285674647
Dy1Na1S2,0.138491505953,0.0236357545609,-1.30747078782
Dy1Pr1S6Yb2,-0.192007038169,1.06989763502,-0.441254771861
Dy1Rb1S2,0.722838390716,0.635554524298,-1.48599443444
Dy1S1,0.842833420386,0.829511390961,-0.376170205117
Dy1S2,-0.609411996754,1.12653927372,-0.0722222935446
Dy1S3Sc1,-0.43521675055,0.519657107357,-0.108376349882
Dy2Eu1S4,0.111693056953,0.977918269424,-0.384792554446
Dy2Hf1S5,-0.0636781092624,0.967443403481,0.121325054498
Dy2S3,-0.0285138298923,1.00772812062,-0.193801458177
Dy2S4Sr1,0.0617716710003,0.794174021985,-0.470676827606
Dy2S4Zn1,-0.247035216814,0.983475119822,-0.204288593978
Dy2S5Sn1,-0.612973604057,1.41367665797,0.0181899733201
Dy2S5Zr1,-0.297171620312,0.861712766422,0.0463936810027
Dy3Fe1Ga1S7,-0.370982079427,0.948658317039,-0.0564130814429
Dy3Ga1Ni1S7,-0.394245849794,1.03243254845,0.00951178157394
Dy3Ga1S6,-0.390597344809,1.10202993415,-0.145104089481
Dy3In1S6,-0.277976124378,1.18671233624,-0.165057763589
Dy3S4,0.220442527324,0.956809054996,-0.245906814441
Dy3S7Sc2,-0.222208388727,0.571299487956,-0.153008659091
Dy4Ga1S9Sb1,-0.514266904115,1.26512498524,-0.00813729093393
Dy4S12Si3,-0.971814015378,0.793871309358,0.622546613716
Dy5S7,0.11671071183,0.978025332338,-0.224196249339
Er1K1S2,0.541539238947,0.265120666615,-1.26493932623
Er1La1S3,0.0382327770069,0.980891222236,-0.181654046765
Er1Li1S2,-0.145062459137,-0.281293814797,-1.01670540876
Er1Na1S2,0.201603180519,-0.0447989522149,-1.14131945011
Er1Pd3S4,0.479159506621,0.452762579565,-0.565266923715
Er1Pr1S3,0.0236061131842,0.953909659693,-0.158018001214
Er1Rb1S2,0.785950065284,0.567119817524,-1.31984309674
Er1S1,0.969056769518,0.692641977409,-0.0438675297063
Er1S2,-0.525263097329,1.03529299802,0.149312823396
Er1S3Sc1,-0.384727410897,0.464909341936,0.0245447202824
Er2Eu1S4,0.183820685025,0.89970717596,-0.194905311355
Er2Hf1S5,-0.000566434696371,0.899008696705,0.287476392203
Er2Pb1S4,0.0342608920335,1.40588184101,0.0599463494949
Er2S3,0.0724648494138,0.898232589775,0.0720406821511
Er2S4Sr1,0.133899299067,0.715962928525,-0.280789584513
Er2S4Yb1,0.175206933984,0.922672863081,-0.198079933554
Er2S4Zn1,-0.174907588734,0.90526402637,-0.0144013508852
Er2S5Zr1,-0.234059945746,0.793278059646,0.212545018708
Er3Ga1Ni1S7,-0.331134175228,0.963997841673,0.175663119279
Er3Ga1S6,-0.314863335329,1.01990828602,0.0542775157663
Er3In1S6,-0.202242114899,1.10459068811,0.0343238416575
Er3La1S6,0.0553488132104,0.939561906006,-0.0548066823072
Er3Nd1S6,0.0425346804243,0.929438642478,-0.0447695301661
Er3Pr1S6,0.0480354812988,0.926071124733,-0.0429886595311
Er3S6Sm1,0.00948743719008,0.94296082157,-0.0627814289413
Er5S7,0.221896836103,0.863967487717,0.0527226468369
Er9La10S27,0.152202847249,0.961262762582,-0.218832920393
Eu12Nb16S44,-0.236897407871,0.585868303102,-0.0280050413675
Eu1Ga1S3,-0.904930118256,1.22588464787,-0.290846756789
Eu1Ga2S4,-0.922831271385,1.24735202237,-0.245657215316
Eu1Ga3La1S7,-0.845161405176,1.23772310251,-0.233791867076
Eu1Ge1K1S4,-0.581853325394,0.84355044863,-0.516869610562
Eu1Ge1Li2S4,-0.727980076837,-0.0639823798103,-0.892488963656
Eu1Ge1S3,-0.860203338906,1.24593088575,0.270786994324
Eu1Hf1S3,0.111512964695,0.901538781519,0.0430134273229
Eu1Ho2S4,0.157509738393,0.926500053051,-0.269690376038
Eu1In2S4,-0.601056355872,1.48930174263,-0.302667712769
Eu1K1S2,0.288115991216,0.37049649862,-1.67414070894
Eu1K1S4Si1,-0.701044576127,0.450106269285,-0.301108965006
Eu1Mo6S8,0.605139126494,-0.0260269973246,0.562748003521
Eu1Na1S2,-0.0518200672103,0.0605768797917,-1.55052083282
Eu1Pd3S4,0.352447882757,0.505450495568,-0.76986761507
Eu1Rb1S2,0.532526817553,0.672495649529,-1.72904447945
Eu1Rb1S4Si1,-0.561381246798,0.622677212656,-0.332482548145
Eu1S1,0.462210274059,0.903393641422,-0.862270295126
Eu1S3Zr1,-0.262076652985,0.732369762226,-0.0768767702682
Eu1S4Sb2,-0.9355815042,1.81161393623,0.271775680283
Eu1S4Yb2,-0.123033385889,1.0660680725,-0.66891327885
Eu2Ga2Ge1S7,-0.89673629951,1.24675988213,-0.030472127964
Eu2Ge1S4,-0.482370878059,1.14806310166,-0.0529436598067
Eu2Re6S11,0.774299115183,0.925306642516,1.11586807654
Eu2S3,-0.333012346955,1.06683392099,-0.582681530184
Eu2S4Si1,-0.601562128791,0.754618922311,0.162816985752
Eu2S4Sn1,-0.416054083826,1.41204960377,-0.333507729006
Eu3Ge3S9,-0.860203338906,1.24593088575,0.270786994324
Eu3S4,-0.105805883816,1.02013669825,-0.662564034449
Eu3S7Sn2,-0.562431476804,1.4968255975,-0.245380634652
Eu3S9Sb4,-0.760857531918,1.69808639938,0.130019933359
Fe1Ga1Gd3S7,-0.333424406017,0.957944019132,-0.0524198096455
Fe1Ga1Nd3S7,-0.382695827333,0.958238742021,-0.182287274532
Fe1Ga1Pr3S7,-0.368943825147,0.94981994766,-0.177835097944
Fe1Ga1S7Sm3,-0.46531393542,0.992044189752,-0.227317021469
Fe1Ga2S4,-1.13286442183,1.04118247669,0.111289142937
Fe1Ge1Li2S4,-0.911759083481,-0.244380732291,-0.580160900181
Fe1In1Pr3S7,-0.275092808126,1.02038861606,-0.194463159698
Fe1In2S4,-0.811089506319,1.28313219695,0.0542786454906
Fe1K1S2,-0.0794420220707,0.00969979365943,-1.049484582
Fe1La3Mn1S7,-0.259565169911,0.800654454656,-0.187821758629
Fe1La3Ni1S7,-0.258144532118,0.880784427718,-0.0548344051363
Fe1La4S7,-0.0421503715824,0.916591584164,-0.298283653274
Fe1Li2S2,-0.413727085039,-1.27558260085,-1.54395255266
Fe1Li2S4Sn1,-0.853731888523,-0.0133925429437,-0.825654460734
Fe1Lu2S4,0.092868230567,0.688877024585,0.266345602948
Fe1Mo2S4,-0.0244082775204,0.111180915463,0.645683783574
Fe1Mo3S4,0.660934135634,-0.19941164725,0.69864093429
Fe1Na1S2,-0.419378080498,-0.300219825169,-0.925864705875
Fe1Na5S4,0.0823490072194,-1.08999884339,-2.26849768468
Fe1Na6S4,0.291426553293,-1.28955120333,-2.51801755612
Fe1Nb2S4,-0.0786594524253,0.172234175352,0.367596557288
Fe1Nb3S6,-0.230996991346,0.248695612926,0.374055865748
Fe1Nb4S8,-0.313024896931,0.289867156237,0.377533954929
Fe1Nd4S7,-0.0848641475294,0.882847372406,-0.264826479473
Fe1Ni2S4,-0.815666833571,0.688853997407,0.634303142083
Fe1Pb4S14Sb6,-0.938251069958,2.17548684112,0.475707164684
Fe1Pr4S7,-0.0665281446292,0.871622313253,-0.258890244021
Fe1Rb1S2,0.164968804265,0.311698944568,-1.1043883525
Fe1Rh2S4,-0.270825825493,0.592942547445,0.429864870908
Fe1S1,-0.272905752516,0.1818002315,0.387041958769
Fe1S1Sb1,0.329432400918,1.07332101318,0.594686266423
Fe1S2,-1.35323811201,0.694731834079,0.436585815701
Fe1S4Sb2,-1.14561465465,1.60544439054,0.62872203854
Fe1S4Sc2,-0.679344265873,0.074504419079,0.0941896728084
Fe1S4Ti2,-0.643898618901,0.0783321486203,0.275216884647
Fe1S4V2,-0.608377369573,0.183349201801,0.502646666995
Fe1S4Yb2,-0.333066536345,0.859898526806,-0.311966920592
Fe1S6Ta3,0.411647108827,0.644052105397,1.1532817193
Fe1S6Ti3,-0.824498116154,0.150098484858,0.277057209484
Fe1S7Sm4,-0.195021624979,0.927921302716,-0.324866142058
Fe1S8Ti4,-0.921743999279,0.188741896683,0.278048153624
Fe2Ga2S5,-0.941762495312,0.850208644427,0.172567546461
Fe2Ge1S4,-0.902437178961,0.735724010283,0.660949056715
Fe2K1S3,-0.14392993222,0.0670666062679,-0.570642401748
Fe2K3S4,0.345156674571,-0.218644219814,-1.54484138122
Fe2La2S5,-0.119068831899,0.671661133264,-0.0698417825962
Fe2La3S7,-0.234880761758,0.797010196322,-0.12075926814
Fe2Na3S4,-0.108091403324,-0.631870378252,-1.38001487973
Fe2Na6S6,-0.0610015892777,-0.864347695325,-1.88488826216
Fe2Rb1S3,0.0190106186765,0.268399373544,-0.607244915419
Fe2Rb3S4,0.67103777635,0.184021314729,-1.61804640856
Fe2Rb6S6,0.940735927472,0.184655909947,-2.19092879923
Fe2S4Si1,-1.02162842969,0.34227983093,0.876709702264
Fe2S6Ta9,3.03224446535,0.00184807454275,1.64305640212
Fe3S1,1.34759278673,-0.58759717237,0.312726173362
Fe4Rb8S10,0.658638791753,0.230853377075,-1.79582318224
Fe7S8,-0.488972224418,0.284386552017,0.396950730163
Ga1Gd4S9Sb1,-0.474205385799,1.27502973414,-0.00387780102115
Ga1Ho3S6,-0.342489829287,1.04804080697,-0.0242468021558
Ga1Ho4S9Sb1,-0.471504668089,1.21713464996,0.0992914089063
Ga1In1S3,-1.2516054487,1.55430017894,-0.0389193316093
Ga1K1S2,-0.426781222911,0.569309907229,-1.3093472422
Ga1La1S3,-0.736423592478,1.22424261473,-0.217180379538
Ga1La3Mn1S7,-0.375344903513,0.987191159189,-0.274442645365
Ga1Li1S2,-1.11338292099,0.022895425818,-1.06111332473
Ga1Mo4S8,-0.361474154966,0.396305219002,0.597054764704
Ga1Nb4S8,-0.419898497164,0.462054883493,0.297576213319
Ga1Nd3Ni1S7,-0.405959597701,1.04201297343,-0.116362411515
Ga1Nd4S9Sb1,-0.526761568542,1.27534410522,-0.1424030969
Ga1Ni1S7Sm3,-0.488577705787,1.07581842116,-0.161392158452
Ga1Pr4S9Sb1,-0.512092766213,1.2663640579,-0.137654108535
Ga1Rb1S2,-0.182370396574,0.871309058137,-1.3642510127
Ga1S1,-0.967584154195,1.30102045864,-0.132683361637
Ga1S6Y3,-0.628486813563,0.704244977658,-0.0930777317991
Ga1S9Sb1Sm4,-0.6148875505,1.31140324946,-0.190434826965
Ga2Gd6Mn2S14,-0.358108814161,0.961588277481,-0.119482300126
Ga2Ge1La2S8,-0.968436397489,1.28194563794,0.0697439820364
Ga2Ge1Li2S6,-1.28477278278,0.418730050226,-0.491857366904
Ga2Hg1S4,-1.08892789299,1.68863022002,-0.14975210918
Ga2K6S6,0.32326639612,-0.0132797124366,-2.24530099848
Ga2La6Mn2S14,-0.375344903513,0.987191159189,-0.274442645365
Ga2Mg1S4,-1.35200051221,0.717773919252,-0.251546914778
Ga2Mn1S4,-1.1751805501,1.04742977669,-0.00367512645742
Ga2Mn2Nd6S14,-0.407380235478,0.96188300037,-0.249349765013
Ga2Mn2Pr6S14,-0.393628233292,0.95346420601,-0.244897588425
Ga2Mn2S14Sm6,-0.489998343564,0.995688448101,-0.29437951195
Ga2Mn2S5,-1.00758758372,0.859926666653,-0.00626576149734
Ga2Na4S5,-0.443930641236,-0.25222111449,-1.72514344912
Ga2Na6S6,-0.25948113261,-0.544570487568,-2.03338121085
Ga2Ni1S4,-1.17274517103,1.1847954448,0.224303193816
Ga2Pb1S4,-1.07239106436,1.75352668742,0.00919444552753
Ga2Pb2S5,-0.847692828176,1.9582996389,0.0137535727248
Ga2S2Te1,-0.676048805039,1.86166552942,0.130840126068
Ga2S3,-1.47684788956,1.38493537476,0.000988016607286
Ga2S4Sm1,-0.867985718709,1.25103473522,-0.204430869614
Ga2S4Sr1,-0.97275265735,1.06360777495,-0.331541488465
Ga2S4Yb1,-0.931445022427,1.2703177095,-0.248831837515
Ga2S4Zn1,-1.28155954514,1.25290887278,-0.0651532548509
Ga2S5Sn2,-1.09765257242,1.78055912408,0.129183019867
Ga2S5Sr2,-0.692699750557,0.885092441708,-0.516280102405
Ga3Rb1S5,-0.901524559339,1.15665701182,-0.605784885309
Ga4Ge1Pb4S12,-0.975424197606,1.88915526886,0.158382850992
Ga4Na1Nd1S8,-1.01866913311,0.998729890418,-0.408821411249
Gd1Ge1K1S4,-0.451642327356,0.827747349692,-0.375702000958
Gd1I1S1,0.143168166812,2.43901537045,0.119600503782
Gd1K1S2,0.515985237793,0.342841075485,-1.42709739214
Gd1Lu3S6,0.187277979743,0.924427117351,0.116697239633
Gd1Na1S2,0.176049179364,0.0329214566549,-1.30347751602
Gd1Rb1S2,0.760396064129,0.644840226394,-1.48200116264
Gd1S1,0.917948767206,0.848082795146,-0.368183661522
Gd1S1Sb1,1.12333541406,1.51750938894,0.0912025195637
Gd1S2,-0.559335098867,1.13892020985,-0.0668979311489
Gd1S3Sc1,-0.405170611822,0.527085669031,-0.105181732444
Gd2Hf1S5,-0.0261204358539,0.976729105572,0.125318326295
Gd2Mn3S12Sb4,-0.824531577416,1.33733054526,0.296422937299
Gd2S3,0.0315784475635,1.02258524396,-0.187412223301
Gd2S5Sn1,-0.575415930647,1.42296236007,0.022183245118
Gd2S5Zr1,-0.259613946903,0.870998468513,0.0503869528008
Gd3Ge1Na1S7,-0.363612357283,0.805623266029,-0.256041301558
Gd3In1S6,-0.232906916287,1.19785517875,-0.160265837431
Gd3S4,0.284827110325,0.972727401449,-0.239061205649
Gd4Ge3S12,-0.808448802753,1.23655020408,0.387437076457
Gd4Mn1S7,-0.0438533272817,0.886098666892,-0.158732350097
Gd4S12Si3,-0.94018650093,0.801690847965,0.625909368914
Ge1Hf1S1,1.64980517525,0.653996217639,1.13702089999
Ge1Hg4S6,-0.561678223211,2.18234598285,-0.103122166111
Ge1In2Li2S6,-1.08000692746,0.572698054022,-0.52813677437
Ge1In4S4,-0.159272888547,1.64190409112,0.0163905161337
Ge1K1La1S4,-0.461491521271,0.84237756781,-0.464250769669
Ge1K1Nd1S4,-0.479797425245,0.827915762777,-0.449911980895
Ge1K1S4Y1,-0.586384554419,0.633019826364,-0.353209414519
Ge1K3S3,0.355214095664,0.001039028917,-1.84413403341
Ge1K4S4,0.301615787378,-0.0352808984438,-1.98677338659
Ge1La2S5,-0.650679214956,1.21757705243,0.112716460433
Ge1Li2Pb1S4,-0.858844895707,0.378920452107,-0.669493760409
Ge1Li4S4,-0.919009453671,-1.00668442096,-1.54546864442
Ge1Mg2S4,-1.34070935969,0.0889068954042,-0.0647230587395
Ge1Mn2S4,-0.987069435488,0.748218610301,0.431020517919
Ge1Na1Nd3S7,-0.412883778598,0.805917988918,-0.385908766444
Ge1Na1S7Sm3,-0.495501886685,0.839723436649,-0.430938513382
Ge1Na1S7Yb3,-0.606555668178,0.873468641631,-0.508640207209
Ge1Na2S3,-0.662489340934,-0.0711145701125,-1.06871390829
Ge1Pb1S3,-1.0695870491,1.95457541682,0.627579319518
Ge1Pb2S4,-0.781490464052,2.16041243176,0.456759661904
Ge1Pd1S3,-0.918743280935,1.0336945413,0.320068423688
Ge1Pt1S1,1.25173782865,1.57364752696,1.134387598
Ge1Rb1S5Ta1,-0.454619658307,0.988154292241,0.206455062835
Ge1S1,-0.855767205822,1.35113605334,1.27140101614
Ge1S1Zr1,1.02715581245,0.372047852153,0.937203904005
Ge1S2,-1.74181241423,1.47428904863,1.02615852062
Ge1S3Sn1,-1.29455081893,1.79460895348,0.731465821948
Ge1S3Ti1,-1.08984504816,0.73098638299,0.677371186917
Ge1S4Sr2,-0.582213649982,0.780574606796,-0.224712206111
Ge1S4Yb2,-0.499598380144,1.1939944759,-0.0592929042038
Ge1S8V4,-0.973161338978,0.481735003454,0.659027774208
Ge2Hg3K2S8,-0.479710148687,1.41084937833,-0.498825429245
Ge2K2S5,-0.720098313419,0.719504075095,-0.480307432986
Ge2K6S6,0.355214095664,0.001039028917,-1.84413403341
Ge2Li4Mn1S7,-1.02418190917,-0.30214007711,-0.775814871866
Ge2Na6S7,-0.446624726277,-0.380195293869,-1.48768839408
Ge2Rb2S5,-0.502844245568,0.987947764788,-0.529110784545
Ge2Rb4S6,0.116639838765,0.74477712288,-1.30674543712
Ge3Ir2S3,0.947738432002,1.39272926037,1.72681049894
Ge3La4S12,-0.822963404308,1.25811052552,0.25694415415
Ge3Nd4S12,-0.849940525962,1.23679839178,0.278075000763
Ge3Pr4S12,-0.838359892563,1.22970888073,0.281824202104
Ge3Rh2S3,0.507141998075,0.841503571427,1.03204446087
Ge3S12Sm4,-0.919513669632,1.26526613723,0.240155213874
Ge4I4S6,-1.39282253175,2.62384289925,1.11594503757
Ge4Na4S10,-1.0222636987,0.444019969465,-0.370423098656
H12B6Br1Cs3S4,-1.68048004587,-2.65108915389,-1.47586625005
H16B18S2,-1.66563138565,-3.95503928789,0.212686299989
H2S1,-3.87143411953,-2.77520796648,-2.41530162225
H4S6Si4,-2.3865783846,-1.2041854567,0.122906890812
H6S1Si2,-2.87544912059,-3.55143623919,-1.75268395736
Hf1Ho2S5,-0.0235885129947,0.922452464158,0.222039460602
Hf1La2S5,-0.0433565252057,1.00233198728,-0.029642018943
Hf1Nd2S5,-0.0753918571686,0.977023828462,-0.00454913859107
Hf1Pb1S3,-0.0978707454973,1.61018331259,0.399805752516
Hf1Pr2S5,-0.0616398549824,0.968605034102,-9.69620038989e-05
Hf1S1Si1,1.37169225687,-0.264040200835,1.64046240629
Hf1S2,-0.122285241553,0.90030220825,0.646535908956
Hf1S3Sn1,-0.322834515326,1.45021684924,0.503692254947
Hf1S3Sr1,0.0416230243487,0.644296835114,-0.0772245550934
Hf1S5Sm2,-0.158009965256,1.01082927619,-0.0495788855284
Hf1S5Y2,-0.261919333225,0.635955939734,0.164680352565
Hf2S1,3.26933234792,0.080009377262,0.757398288328
Hf9Mo4S1,5.59056933686,-1.0311567421,0.901955964024
Hf9Re4S1,6.14952083234,-0.425287513203,1.54069248461
Hf9S1V4,5.00660024481,-0.958988455758,0.75891884744
Hf9S1W4,6.26269882973,-0.535942750451,1.59220148056
Hg1In2S4,-0.767152977482,1.93057994027,-0.206762606629
Hg1K1S3Sb1,-0.331667751617,1.52464849896,-0.746596446909
Hg1K2S2,0.746346772265,0.50510741008,-2.30658457358
Hg1K6S4,1.06106483548,-0.201350743768,-2.95385080991
Hg1Na2S2,0.202449078783,0.00923601995429,-2.10879277179
Hg1Rb6S4,1.59432482022,0.457556494578,-3.07364085465
Hg1S1,-0.119127901587,2.44786733318,-0.526602423633
Hg1S2Ta1,0.914610070481,1.44357787596,0.543980972874
Hg1S8Sb4,-1.43839544532,2.18195001901,0.518185337446
Hg2I2Pb1S2,0.0145867362643,3.5232350391,-0.056046359954
Hg3I2S2,-0.00195009236226,3.4583385717,-0.214992914659
Hg3K2S8Sn2,-0.417814474068,1.6572367803,-0.760685227166
Hg3Na2S4,0.0595259763999,1.09307215917,-1.4055970615
Hg3Rb2S8Sn2,-0.28746203336,1.81830299412,-0.789967238099
Hg4S6Si1,-0.637527200945,1.93197241417,0.0341800628737
Ho1I1S1,0.146544063963,2.36664651524,0.248562016189
Ho1K1S2,0.518517160648,0.288564434067,-1.33037625783
Ho1La1S3,0.0198151143684,0.999646236199,-0.234003592047
Ho1Li1S2,-0.168084537436,-0.257850047343,-1.08214234036
Ho1Mo6S8,0.666579438335,-0.0478755478825,0.654418523821
Ho1Na1S2,0.178581102221,-0.0213551847613,-1.20675638171
Ho1Pd3S4,0.467648467472,0.464484463292,-0.597985389515
Ho1Rb1S2,0.762927986985,0.590563584977,-1.38528002834
Ho1S1,0.923012612922,0.739529512316,-0.174741392909
Ho1S2,-0.555959201718,1.06655135463,0.062063581259
Ho1S3Sc1,-0.403145073536,0.483664355899,-0.0278048249987
Ho2Pb1S4,0.00794994541196,1.4326747181,-0.0148387151929
Ho2Pb3S12Sn3,-0.723650271842,1.97705304426,0.167927614872
Ho2S3,0.0356295241362,0.935742617701,-0.0326584084107
Ho2S4Sr1,0.107588352441,0.742755805612,-0.355574649199
Ho2S4Zn1,-0.201218535361,0.932056903458,-0.089186415572
Ho2S5Zr1,-0.257082024044,0.8167218271,0.147108087107
Ho3In1S6,-0.229868608857,1.13272320906,-0.0442004762639
Ho3La1S6,0.0277223192523,0.96769442695,-0.133331000229
Ho3Nd1S6,0.0149081864661,0.957571163422,-0.123293848088
Ho3Pr1S6,0.020408987341,0.954203645678,-0.121512977453
Ho5S7,0.183526705598,0.903040433464,-0.0563389058303
I1La3S8Si2,-0.838499166395,1.14819447804,0.481415458108
I1Nd3S8Si2,-0.865958022365,1.12650177048,0.502923641265
I1Pr3S8Si2,-0.854170591909,1.11928566104,0.506739792626
I1S1Sb1,-1.1287290524,3.39927937894,0.880272415237
I1S1Sm1,-0.0326845390555,2.48448226462,-0.11359577865
I1S8Si2Sm3,-0.936773543588,1.15547786853,0.464326715317
I2Li5S3Sb1,-0.622062597834,-0.172305684539,-1.61513339881
I2S1Sn2,-0.358703388184,3.72430424916,0.562474246984
I3Pb2S2Sb1,-0.366258299983,3.80237800201,0.551790432044
I3S24Sb1,-3.10781208352,2.17904589576,0.612558789105
I3S2Sb1Sn2,-0.64746301227,3.60241992283,0.681648560082
I4S16Sn1,-2.83721102156,2.5163154902,0.618791991858
I6Pb5S2,0.114681559598,4.25488828457,0.40469981509
I6S1Sn4,-0.26235610171,4.25129168131,0.661764237186
I7Nb3S1,0.222427425244,3.14428537788,0.771814769297
In10Pb6S21,-0.713353059808,2.03220768127,-0.0436254265199
In1K1S2,-0.145228171834,0.781015912454,-1.35923142747
In1La3S6,-0.253590223509,1.2285786368,-0.346218251717
In1La4S9Sb1,-0.417509734164,1.35879440935,-0.182471285341
In1Li1S2,-0.831829869917,0.234601431043,-1.11099751
In1Lu3S6,-0.0772073841066,1.09969705214,0.143843625502
In1Mo1S2,0.283868023154,0.698975097794,0.285027763644
In1Na1S2,-0.485164230261,0.471096293625,-1.23561155135
In1Na5S4,0.0560345473135,-0.781472395867,-2.39239642287
In1Nb1S2,0.236398245111,0.752396700192,0.0417014406429
In1Nd3S6,-0.292032621865,1.19820884622,-0.316106795295
In1Pb1Rh3S2,1.83659353177,0.962384750494,0.0766345652112
In1Pr3S6,-0.275530219243,1.18810629299,-0.310764183391
In1Rb1S2,0.099182654503,1.08301506336,-1.41413519797
In1S1,-0.404478052041,1.72443246909,-0.232451732177
In1S2Ta1,0.771934995256,1.08186044392,0.691056318602
In1S2W1,0.871981329411,1.13228734049,0.888992590615
In1S3Sb1,-1.26053061167,1.94928351864,0.323283695314
In1S6Sc3,-0.888030505364,0.454605816353,-0.0369201011461
In1S6Sm3,-0.39117435157,1.2387753835,-0.37014249162
In1S6Tm3,-0.284905205047,1.16069888511,-0.077140456837
In1S6Y3,-0.515865593133,0.788927379748,-0.113031405907
In1S6Yb3,-0.524438889362,1.27926962948,-0.463384524213
In24S32,-0.848681591897,1.72388426482,-0.122719551922
In2Mg1S4,-1.03022559669,0.959723639511,-0.308557412228
In2Mn1S4,-0.853405634569,1.28937949696,-0.0606856239146
In2Na6S6,-0.0985936748461,-0.423595627438,-2.06188645958
In2Ni1S4,-0.850970255515,1.42674516505,0.167292696364
In2Ni3S2,0.921266576642,0.834659782572,0.308388471948
In2Pb1S4,-0.750616148862,1.99547640767,-0.0478160519214
In2Rb4S5,0.610794319204,0.791810554385,-2.02109361531
In2Rb6S6,0.903143841882,0.62540797782,-2.36792699664
In2Rh3S2,1.73852808872,0.690792607632,0.00173106521391
In2S3,-1.02636300783,1.72366498312,-0.0788266798249
In2S4Sr1,-0.650977741833,1.3055574952,-0.388551985917
In2S4Yb1,-0.609670106901,1.51226742976,-0.305842334971
In2S4Zn1,-0.959784629623,1.49485859304,-0.122163752302
In2S5Zn2,-0.922796641722,1.36774393188,-0.146239903678
In2S6Zn3,-0.899258831248,1.28685278388,-0.161561090916
In3Na1S5,-0.785830217793,1.16696778779,-0.592953289392
In3Rb1S5,-0.526120491241,1.43893168545,-0.672297132333
In4S4Sn1,-0.107693159697,1.8472269261,-0.201825982131
In5K1S8,-0.774610197534,1.45433667721,-0.444656607732
In5Pr4S13,-0.514777836942,1.39915373025,-0.23336077766
In5Rb1S8,-0.704778532877,1.5406221489,-0.460343399302
In5S4,-0.0589864099359,1.72485885017,-0.317798983485
In9Pb4S17,-0.727540275734,1.97740681177,-0.06012509727
Ir1S1Sb1,1.45948707408,2.03148883242,1.54622911955
Ir1S2,-0.223183438849,1.65289965332,1.38812866884
Ir2S3,0.434960439588,1.63936057613,1.55861969668
Ir2S3Sn3,1.12182001687,2.08569382842,0.99032981728
K1La1S2,0.498749148439,0.368443957191,-1.58205773738
K1La1S4Si1,-0.580682772002,0.448933388463,-0.248490124111
K1Li1S1,0.407860957397,-1.51861851387,-3.16226078359
K1Lu1S2,0.64573484794,0.261042636638,-1.1736728397
K1Mo6S8,0.558713984392,-0.168132902079,0.346249226507
K1Na1S1,0.870081810268,-1.20329203043,-3.32841283872
K1Nb1S2,0.495648125319,-0.191019856441,-1.08507825465
K1Nd1S2,0.466713816473,0.34313579837,-1.55696485703
K1Ni2S2,0.418398549767,0.138477230392,-0.475466245539
K1Pr1S2,0.480465818661,0.334717004012,-1.55251268044
K1Rb1S1,1.64921098996,-0.387400337446,-3.56644436755
K1S2Sb1,-0.437937676627,1.06303908185,-0.856593458547
K1S2Sm1,0.384095708385,0.376941246101,-1.60199460396
K1S2Sn1,-0.25481835881,1.05634408327,-1.09829217441
K1S2Ti1,0.0010638546455,-0.273184129833,-1.1659104682
K1S2Y1,0.280186340418,0.00206790964568,-1.38773536587
K1S2Yb1,0.273041926895,0.410686451085,-1.67969629779
K1S2Zr1,0.376785608678,-0.0475836998292,-1.04188475905
K1S4Si1Y1,-0.705575805147,0.239575647016,-0.137448768968
K1S4Si1Yb1,-0.709658327169,0.473071956407,-0.304283587203
K1S8Sb5,-1.19276663297,1.8572269192,0.273397633588
K1S8V5,-0.521220026621,0.0796079332869,0.115803419155
K2Mn1S2,0.62559305233,-0.392573210575,-2.10207679777
K2Mn3S4,0.160435161767,-0.127578102966,-1.17463510281
K2Mo15S19,0.627630670048,-0.194524463984,0.422292232009
K2Mo1S4,-0.159055400103,0.0597182736486,-1.11476520608
K2Ni3S4,0.166117712904,0.192941789282,-0.642685688826
K2Pd1S2,0.920342100498,-0.324918411077,-2.39157029281
K2Pd3S4,0.65168357538,-0.0148201038037,-1.65712426121
K2Pt1S15,-2.20877233733,1.31871130042,-0.117773769161
K2Pt1S2,1.18456694622,0.273813579499,-1.81673674586
K2Rb2Re6S13,0.683926189987,0.655827812876,0.187967629949
K2S1,1.32332988816,-0.790065871992,-3.49323934021
K2S11Sn2Y4,-0.474181451783,0.786569973247,-0.499736509383
K2S2,0.114021708375,-0.16240064418,-2.48601112276
K2S3Ti1,0.0387164725464,-0.236256301287,-1.60594401972
K2S5Sn2,-0.616938855726,1.13014974504,-0.916740429523
K2S7Sb4,-0.844384037736,1.49067868657,-0.248136716633
K3Nb1S4,0.304834916849,-0.176710250309,-1.7855446887
K3S3Sb1,0.316891279722,0.268851244503,-1.98658455069
K3S4Sb1,-0.161957984126,0.450319218836,-1.67130229065
K3S4Ta1,0.572603291918,-0.0119783784495,-1.46086724972
K3S4V1,0.0730833280922,-0.171847426239,-1.72646026571
K6Mn1S4,1.00617678096,-0.609387389525,-2.86089273
La1Lu1S3,0.121589264202,0.977628798255,-0.108640857536
La1Lu3S6,0.180383544003,0.934668270034,0.0547131015376
La1Rb1S2,0.743159974776,0.670443108101,-1.63696150788
La1Rb1S4Si1,-0.441019442668,0.621504331844,-0.279863707258
La1S1,0.883476588501,0.899288558561,-0.678104351998
La1S2,-0.582316551339,1.17305738546,-0.273511724801
La1S3Sc1,-0.418959483303,0.547567974398,-0.229150008635
La1S3Tm1,-0.0168759497585,1.0182966869,-0.255963579096
La1S3Y1,-0.170849541815,0.770449016661,-0.279890878476
La1S3Yb1,-0.176565072634,1.09734384981,-0.513459624012
La1S6Tm3,-0.0273142769377,0.995670103008,-0.166270980802
La1S6Y3,-0.258274665023,0.623898597643,-0.202161929872
La1S6Yb3,-0.266847961253,1.11424084737,-0.552515048177
La2S3,0.0040007046009,1.0635498547,-0.435348775682
La2S5Si1,-0.754971559342,0.873313395499,0.301507025292
La2S5Sn1,-0.592652019999,1.44856524177,-0.13277710012
La2S5Zr1,-0.276850036255,0.896601350221,-0.104573392437
La3S4,0.255279528567,1.0166180558,-0.50470751177
La4Mn1S7,-0.0668347797459,0.9202358425,-0.36534614375
La4Ni1S7,-0.0654141419539,1.00036581556,-0.232358790258
La5Pb3S1,3.67384352151,1.4443055695,-1.15027723555
La6Mn2S10,0.104992477466,0.835961994861,-0.395957616738
La8S15Sb2,-0.29573907942,1.28582029459,-0.203200206456
Li1Mo1S2,-0.143483794721,-0.79085594025,-0.593518014176
Li1Mo6S8,0.375620198238,-0.313843430467,0.412444937832
Li1Na1S1,-0.0453871205212,-1.93184467231,-2.99743428209
Li1Nb1Rb2S4,0.205944894141,-0.147918340107,-1.71633150047
Li1Nb1S2,-0.190953572764,-0.737434337851,-0.836844337177
Li1Rb1S1,0.733742059181,-1.11595297932,-3.23546581093
Li1Rb2S4Ta1,0.473713269215,0.0168135317559,-1.39165406149
Li1Rb2S4V1,-0.0258066946126,-0.143055516035,-1.65724707747
Li1S2Sb1,-1.12453937471,0.516624600441,-0.608359541076
Li1S2Sc1,-0.716552784524,-0.822947874593,-1.0760753611
Li1S2Sn1,-0.941420056893,0.509929601864,-0.850058256943
Li1S2Ti1,-0.685537843437,-0.819598611243,-0.917676550731
Li1S2V1,-0.654456750272,-0.727708689707,-0.71867549118
Li1S2Y1,-0.406415357664,-0.544346571764,-1.1395014484
Li1S2Yb1,-0.41355977119,-0.135728030327,-1.43146238032
Li2S1,-0.507607973394,-2.24717115577,-2.83128222696
Li2S4Sn1Zn1,-0.98384012142,0.171868053644,-0.980041558796
Li3Na5S8Ti2,-0.36852025255,-1.12949094449,-1.93219776366
Li3S3Sb1,-0.860140202718,-0.667859295069,-1.56104069216
Li4Re6S11,0.467485440569,0.0230583194155,0.364899108236
Li4S4Sn1,-0.867429724809,-0.801361585973,-1.76368514269
Li5Mo15S19,0.515089971886,-0.617111777289,0.0934387532382
Lu1Na1S2,0.305798789514,-0.0488769821898,-1.05005296358
Lu1Nd1S3,0.0959609986304,0.957382271199,-0.0885665532538
Lu1Pr1S3,0.106962600379,0.950647235711,-0.0850048119846
Lu1Rb1S2,0.890145674277,0.563041787548,-1.2285766102
Lu1S1,1.17744798751,0.684485917457,0.138665443368
Lu1S2,-0.386335618663,1.02985562472,0.271001472111
Lu2Mg1S4,-0.126267859805,0.365468467139,-0.0964904547821
Lu2Mn1S4,0.0505521023089,0.695124324588,0.151381333545
Lu2Pb1S4,0.153341588016,1.40122123532,0.16425090554
Lu2S3,0.239177823804,0.891707741813,0.218067060611
Lu2S4Sr1,0.252979995069,0.711302322844,-0.176485028472
Lu2S4Zn1,-0.0558268927446,0.900603420679,0.0899032051568
Lu3Nd1S6,0.167569411217,0.924545006507,0.0647502536783
Lu3Pr1S6,0.173070212092,0.921177488763,0.0665311243131
Mg1S1,-1.03988206881,-0.950129719524,-0.882884243262
Mg1S4Sc2,-0.898480356239,-0.24890413837,-0.268646384925
Mg1S4Yb2,-0.552202626704,0.536489969367,-0.674802978323
Mg2S4Si1,-1.45990061043,-0.304537283941,0.151037586816
Mg2S4Sn1,-1.27439256546,0.352893397519,-0.345287127944
Mn1Na6S4,0.264498108033,-1.28557564879,-2.59117663665
Mn1Nb2S4,-0.120975580678,0.178481475367,0.252632287885
Mn1Nb3S6,-0.260618281129,0.253068722934,0.293580877171
Mn1Nb4S8,-0.335810504451,0.293231087016,0.315630117564
Mn1Nd4S7,-0.109548555698,0.886491630747,-0.331888969946
Mn1Pb4S14Sb6,-0.950099585872,2.17723608513,0.443517169254
Mn1Pr4S7,-0.0912125527793,0.875266571597,-0.325952734498
Mn1Rb2S2,1.01665037447,0.0906254308779,-2.18992283057
Mn1S1,-0.421012201429,0.20366578154,-0.0153329841166
Mn1S2,-1.45197574463,0.709308867438,0.168335853789
Mn1S4Sb2,-1.18793078291,1.61169169056,0.51375776915
Mn1S4Sc2,-0.721660394131,0.0807517190793,-0.0207745965937
Mn1S4Yb2,-0.375382664602,0.866145826808,-0.426931189992
Mn1S8Ta4,0.323311649575,0.698724925441,1.1148361212
Mn2Na2S3,-0.0619353726716,-0.576413062913,-1.36458442115
Mn2S4Si1,-1.10626068621,0.354774430955,0.646781163473
Mn2S4Sn1,-0.920752641236,1.01220511242,0.150456448714
Mn2S4Zn1,-0.969232714982,0.625849057301,0.0019041037314
Mn3Nd2S12Sb4,-0.843301642672,1.33744282065,0.246949617337
Mn3Pr2S12Sb4,-0.838062784705,1.33423566089,0.248645684614
Mn3Rb2S4,0.377689229624,0.140865586738,-1.22343845437
Mn3S12Sb4Sm2,-0.874775207668,1.35032108645,0.229795428029
Mo15Rb2S19,0.681944187021,-0.127413541551,0.410091394112
Mo1Rb2S4,0.120271258561,0.404860160396,-1.17751237236
Mo1S2,-0.523158211442,0.355876830752,0.713562682845
Mo2S2Sb1,1.08459302023,0.310086696505,0.844000783922
Mo2S3,0.0749907124783,0.082933189048,0.749140513488
Mo2S4V1,0.0393557052705,0.00204148577751,0.69286959691
Mo33Rb8S37,1.12650302041,-0.273905739559,0.119098543411
Mo3S4,0.331340251297,-0.0340426573941,0.7643881552
Mo6Pb1S8,0.535344556418,0.210187846368,0.681678778595
Mo6S8Sn1,0.460356633146,0.15686569192,0.716307612737
Mo6S8Sr1,0.5818424797,-0.111774312798,0.522668676055
Mo6S8Yb1,0.601119376005,-0.0153096766761,0.561266513168
Na1Nb1S2,0.155712066892,-0.50093947527,-0.961458378527
Na1Nd1S2,0.126777758047,0.0332161795422,-1.43334498091
Na1Rb1S1,1.19596291206,-0.800626495878,-3.40161786606
Na1S1,-0.565850408481,-0.782239881838,-2.23877137052
Na1S2Sb1,-0.777873735053,0.753119463023,-0.732973582427
Na1S2Sc1,-0.369887144867,-0.586453012011,-1.20068940245
Na1S2Sm1,0.04415964996,0.0670216272735,-1.47837472784
Na1S2Sn1,-0.594754417236,0.746424464445,-0.974672298294
Na1S2Ti1,-0.338872203781,-0.583103748661,-1.04229059208
Na1S2Tm1,0.132717272063,0.00195787862038,-1.23420636553
Na1S2V1,-0.307791110616,-0.491213827126,-0.843289532531
Na1S2Y1,-0.0597497180078,-0.307851709182,-1.26411548975
Na1S2Yb1,-0.0668941315328,0.100766832255,-1.55607642167
Na1S7Si1Sm3,-0.565030116268,0.61021433203,-0.305078136812
Na1S7Si1Y3,-0.668939484235,0.235340995574,-0.090818898718
Na2Pd1S2,0.376444407013,-0.820789801204,-2.19377849102
Na2Pt1S2,0.640669252739,-0.222057810628,-1.61894494407
Na2S1,0.416833732357,-1.61651818888,-3.16358633723
Na2S2,-0.565850408481,-0.782239881838,-2.23877137052
Na2S2Zn1,-0.0672352342218,-0.600773866179,-1.99035437572
Na2S5Si2,-1.20767231093,-0.168004309506,-0.0347954277984
Na35S6Sn2,1.55411222008,-2.30220657447,-4.00377135483
Na3Nb1S4,-0.205069170793,-0.641589678553,-1.60011487452
Na3S3Sb1,-0.265856249019,-0.262439530643,-1.77466476305
Na3S4Sb1,-0.671862071766,-0.0145602094074,-1.48587247647
Na3S4Ta1,0.0626992042782,-0.476857806691,-1.27543743554
Na3S4V1,-0.436820759547,-0.636726854482,-1.54103045153
Na4S10Si4,-1.20767231093,-0.168004309506,-0.0347954277984
Na4S4Sn1,-0.251135254314,-0.380926274718,-1.9852212162
Na4S8Sn3,-0.785510443659,0.607547256585,-1.0425291194
Na6S4Zn1,0.19680238391,-1.154816224,-2.63029908199
Na6S7Sn2,-0.384729051649,-0.133807891894,-1.74954819201
Nb1Nd2S4,0.216895707411,0.668000837936,-0.19204165839
Nb1Pb1S2,0.408012770421,1.22768295019,0.172782565659
Nb1Rb3S4,0.67145115635,0.276288476053,-1.86790034446
Nb1S1,0.877274542263,-0.219639068701,0.315854613461
Nb1S2,-0.58645124882,0.42710563394,0.389127585503
Nb1S2Sn1,0.126808058135,1.02772487101,0.302640693697
Nb2Ni1S4,-0.11854020163,0.31584714346,0.480610608174
Nb2Pd1S5,-0.360873331873,0.41352992053,0.107079008699
Nb2Pd1S6,-0.711209942891,0.558759378169,0.154700622138
Nb3S6Ti1,-0.198794640659,0.135542043529,0.327485511265
Nb3S6V1,-0.186362203393,0.172298012143,0.407085935086
Nb4Ni1S8,-0.334499146486,0.367197215988,0.43838767462
Nb4S8Ti1,-0.288253857922,0.202825949014,0.341710605317
Nd1Rb1S2,0.71112464281,0.64513494928,-1.61186862753
Nd1S1,0.819405924573,0.848672240923,-0.627918591294
Nd1S2,-0.625030327286,1.1393131737,-0.240054551
Nd1S3Sc1,-0.444587748875,0.527321447342,-0.209075704352
Nd1S3Tm1,-0.04250421533,0.998050159849,-0.235889274814
Nd1S3Yb1,-0.202193338207,1.07709732276,-0.493385319731
Nd1S6Tm3,-0.0401284097234,0.98554683948,-0.156233828661
Nd1S6Y3,-0.271088797809,0.613775334115,-0.192124777731
Nd1S6Yb3,-0.279662094038,1.10411758384,-0.542477896036
Nd2S2Te1,0.753543257976,1.49978695525,-0.265348057657
Nd2S3,-0.0472558265429,1.02305680059,-0.395200167119
Nd2S5Si1,-0.787006891308,0.848005236678,0.326599905645
Nd2S5Sn1,-0.624687351964,1.42325708295,-0.107684219768
Nd2S5Zr1,-0.308885368219,0.871293191403,-0.0794805120851
Nd4S12Si3,-0.981678224139,0.801939035661,0.516547293218
Nd6S17Si4,-0.92399782922,0.815588280397,0.460266585782
Nd8S15Sb2,-0.336744304335,1.2534258513,-0.171081319605
Ni17S18,-0.501100216342,0.714049889005,0.77553634807
Ni1Rh2S4,-0.310706574705,0.73655551557,0.542878921802
Ni1S1,-0.41248837473,0.684445619891,0.782591136852
Ni1S1Sb1,0.236377319422,1.40841793876,0.858385718492
Ni1S2,-1.44629319349,1.02982875967,0.700285267766
Ni1S4Ti2,-0.683779368104,0.221945116733,0.388230935529
Ni1S4V2,-0.648258118779,0.326962169914,0.615660717874
Ni1S6Ti3,-0.852414640597,0.250627562535,0.356167045101
Ni1S7Sm4,-0.218285395367,1.01169553411,-0.258941279034
Ni2S6Ta9,2.99940149541,0.120117577697,1.73612679696
Ni3Pb2S2,1.11739746271,1.37784406828,0.458195471962
Ni3Rb2S4,0.383371780752,0.461385478971,-0.691489040383
Ni3S2,0.207794516526,0.477215736021,0.831974658306
Ni3S2Sn2,0.796020648669,1.14932054921,0.606604761152
Ni9S8,-0.230052230247,0.623495654051,0.797115701991
Os1S1Sb1,1.6347960255,1.79036220454,1.7141724682
Os1S2,-0.0478744874161,1.41177302543,1.55607201747
Pb1S1,-0.0612490014225,2.67500496909,0.029710517856
Pb1S2Ta1,0.943549520566,1.55714669392,0.822137443618
Pb1S3Sn1,-0.976743537168,2.32415651978,0.234789622632
Pb1S3Zr1,-0.471460363177,1.44101429329,0.279915554925
Pb1S4Sc2,-0.618870908413,0.786848629811,-0.00790502460015
Pb1S4Tm2,-0.0444658604983,1.4593182191,-0.0462101252609
Pb1S4Yb2,-0.272593178884,1.57224273755,-0.414061618
Pb2Rh3S2,1.9346589748,1.23397689336,0.151538065227
Pb2S4Si1,-0.900681714784,1.76696825241,0.67252030746
Pb2S5Sb2,-0.857609675908,2.39717001635,0.416201380405
Pb3S12Sn3Y2,-0.818982599934,1.86245443449,0.144983971658
Pb3S15Sb8,-1.16390224302,2.29031041914,0.564851712155
Pb3S1Zr5,3.40281343315,0.519799665012,0.0501071607462
Pb4S11Sb4,-0.997414578809,2.36156080703,0.422489388259
Pb4S13Sb6,-0.996107184521,2.34885089412,0.48341718259
Pb5S11Sb4,-0.777973608463,2.42495351162,0.377552294154
Pb5S17Sb8,-1.01688181082,2.3416030258,0.493499552921
Pb7S19Sb8,-0.904454421462,2.38082678384,0.43893613703
Pb9S21Sb8,-0.815695956209,2.41179290859,0.395859756066
Pd16S7,1.81446342986,-0.154594190616,-1.23787812441
Pd1S1,0.31586041899,0.372802780283,-0.739066721719
Pd1S1Sb1,0.721943181911,1.20065604571,-0.156052853896
Pd1S2,-0.960727331003,0.8220668666,-0.314153304629
Pd1S6Ta2,-0.235177276089,0.851616039261,0.731904958098
Pd2Rh15S15,0.766273406854,0.423376203644,0.272409716354
Pd3Pr1S4,0.448622796478,0.487560748263,-0.709053600818
Pd3Rb2S4,0.868937643229,0.253623585886,-1.70592761277
Pd3S1,2.23074204399,-0.301093349195,-1.37643684737
Pd3S4Sm1,0.400437741342,0.508672869309,-0.73379456258
Pd3S4Y1,0.348483057358,0.32123620108,-0.626664943534
Pd4S1,2.61371836899,-0.435872575089,-1.5039108725
Pr1Rb1S2,0.724876644994,0.636716154919,-1.60741645094
Pr1S1,0.846909928945,0.831834652203,-0.619014238119
Pr1S2,-0.606694324373,1.12808811456,-0.234118315549
Pr1S3Sc1,-0.433586147126,0.520586411854,-0.205513963083
Pr1S3Tm1,-0.031502613581,0.991315124361,-0.232327533544
Pr1S3Yb1,-0.191191736458,1.07036228727,-0.489823578461
Pr1S6Tm3,-0.0346276088497,0.982179321736,-0.154452958026
Pr1S6Y3,-0.265587996935,0.610407816371,-0.190343907096
Pr1S6Yb3,-0.274161293164,1.1007500661,-0.540697025401
Pr2S3,-0.0252526230452,1.00958672961,-0.388076684579
Pr2S5Si1,-0.773254889122,0.839586442318,0.331052082231
Pr2S5Sn1,-0.610935349777,1.41483828859,-0.103232043181
Pr2S5Zr1,-0.295133366032,0.862874397043,-0.0750283354987
Pr3S4,0.223936677515,0.958800421776,-0.454058842731
Pr4S12Si3,-0.970097590721,0.794849524617,0.520296494559
Pr6S17Si4,-0.911773827275,0.808104907636,0.464224076081
Pr8S15Sb2,-0.319141741536,1.24264979452,-0.165382533573
Pt1Rb2S2,1.57562426836,0.757012220952,-1.90458277867
Pt1S1,0.976422533303,1.86963275673,0.698017145655
Pt1S1Sb1,1.16231792479,2.19854269667,0.802003057693
Pt1S2,-0.520352588126,1.81995351756,0.643902606965
Pt3Rb2S4,1.3093123861,1.25151023685,-0.747871701193
Pt3S8Ta2,0.23924760593,1.39513348716,0.942567764628
Rb1S2Sb1,-0.19352685029,1.36503823276,-0.911497229048
Rb1S2Sm1,0.628506534722,0.678940397011,-1.65689837447
Rb1S2Sn1,-0.0104075324742,1.35834323418,-1.15319594492
Rb1S2Ti1,0.245474680983,0.0288150210774,-1.2208142387
Rb1S2Tm1,0.717064156826,0.613876648358,-1.41273001215
Rb1S2Y1,0.524597166755,0.304067060555,-1.44263913637
Rb1S2Yb1,0.517452753231,0.712685601993,-1.73460006829
Rb1S8V5,-0.451388361956,0.16589340497,0.100116627583
Rb2S1,1.97509209173,0.0152651970994,-3.63964939489
Rb2S10Sb2Sn3,-0.931286697139,1.74897787319,-0.232258623522
Rb2S2,0.602843361051,0.44159765764,-2.59581866376
Rb2S4W1,0.456336004984,0.652467156222,-0.832389614089
Rb2S4Zn3,0.129471574508,0.620316810932,-1.36688742061
Rb2S7Sb4,-0.693977375368,1.67652431791,-0.281923652328
Rb3S3Sb1,0.735881267724,0.786564074625,-2.08070530012
Rb3S4Sb1,0.204658255381,0.903317945201,-1.75365794641
Rb3S4Ta1,0.939219531424,0.441020347916,-1.54322290548
Rb3S4V1,0.439699567597,0.281151300124,-1.80881592146
Rb4S4Sn1,0.787703651933,0.706929315926,-2.30259658798
Rb4S6Si2,-0.0224166204243,0.285758913645,-1.05502468397
Rb6S7Sn2,0.550225963972,0.845262139687,-2.0351860266
Re1S2,0.128951866607,1.06272426444,1.4587552902
Re4S4Te4,1.46361700748,1.85727452222,1.67517547264
Re6S11Sr2,0.737514936033,0.789916144406,1.0525849279
Rh17S15,0.794413778153,0.441350928918,0.417896076859
Rh1S1Sb1,0.872025162178,1.29652124715,0.619874402126
Rh1S2,-0.810645350754,0.91793206807,0.461773951414
Rh1S6Ta3,0.574424937206,0.71101217559,1.16083816001
Rh2S3,-0.269993854699,0.757399473822,0.446994035768
Rh3S2Sn2,1.61328216076,1.0054533743,0.299947354417
Ru1S1Sb1,0.982103178844,1.13733652556,0.748482680117
Ru1S2,-0.700567334075,0.758747346456,0.590382229391
S10,-3.51390283101,1.72059503924,0.535673529582
S11,-3.51390283101,1.72059503924,0.535673529582
S11Tm8,0.145202670976,0.93369870226,-0.108802167353
S12,-3.51390283101,1.72059503924,0.535673529582
S12Si3Sm4,-1.0512513678,0.830406781107,0.478627506326
S13,-3.51390283101,1.72059503924,0.535673529582
S13Sb6Sn4,-1.19172785394,2.20974962165,0.57375327166
S14,-3.51390283101,1.72059503924,0.535673529582
S16,-3.51390283101,1.72059503924,0.535673529582
S17Si4Sm6,-0.997436147529,0.845637567266,0.420240144063
S18,-3.51390283101,1.72059503924,0.535673529582
S1Sb1Sm1,0.947482708182,1.56297628309,-0.141993762867
S1Sb1Yb1,0.799410999537,1.60796988974,-0.245596021305
S1Sb3Zr5,2.78371472635,0.262115557535,0.545516285952
S1Sc1,-0.173923881258,-0.390666142187,-0.162607434379
S1Si1Zr1,0.74904289407,-0.545988566322,1.4406454103
S1Sm1,0.654169708399,0.916283136386,-0.717978085169
S1Sn1,-0.623658425994,2.27508881073,0.289426773933
S1Sn3Zr5,3.02787381676,0.253188892766,0.22325133146
S1Sr1,0.287485423193,0.260288775409,-1.16286525117
S1Ta1,1.94834804255,0.439288418748,1.61456436938
S1Ta2,3.76909833374,0.0121862119126,1.97419464932
S1Ta6,5.84995580938,-0.475930595884,2.38520068352
S1Ti1,-0.111893999083,-0.383967615484,0.154190186356
S1Ti2,1.02210894489,-1.08548850039,0.0270290719489
S1Tm1,0.831284952605,0.78615563908,-0.229641360531
S1V1,-0.0497318127522,-0.200187772414,0.552192305459
S1V3,1.68235369638,-1.16057917824,0.560451693394
S1V4Zr9,3.8057764737,-1.50274601778,0.373557498051
S1Y1,0.446350972462,0.16653646347,-0.289459608981
S1Yb1,0.432062145414,0.983773546349,-0.873381472823
S1Zn1,-0.793338684099,0.922842617849,-0.230506433482
S1Zr1,0.639549508982,0.0672332445211,0.402241604664
S1Zr2,2.02403362232,-0.48388735372,0.35776429636
S20,-3.51390283101,1.72059503924,0.535673529582
S22Tm15,0.00922239895294,0.962941471544,-0.0848520570012
S2Si1,-2.01992533258,0.556252630155,1.52960002691
S2Sn1,-1.58707322767,2.09025755356,0.371509025815
S2Sn1Ta1,0.662344808279,1.35718861474,0.951995571656
S2Sr1,-0.979643994871,0.747057530022,-0.596685657586
S2Ta1,0.127597751365,0.866390625577,1.25493408944
S2Ti1,-1.24589694306,0.317553269424,0.281351300762
S2Tm1,-0.617110975269,1.09763543914,0.0254636028464
S2V1,-1.20445548551,0.440073164799,0.546686046829
S2W1,0.260992863569,0.933626487674,1.51884911881
S2Y1,-0.873733628702,0.684555988731,-0.0144152294521
S2Yb1,-0.883259513395,1.22938071065,-0.403696472018
S2Zn1,-1.70019339974,1.18876009165,0.0248868875471
S2Zr1,-0.74493460435,0.618353842762,0.44671891297
S2Zr9,3.28265554353,-0.984906079393,0.317330379719
S3Sb2,-1.4946982155,2.17490205416,0.725394070451
S3Sc1Sm1,-0.510682235345,0.554365805527,-0.245099501902
S3Sc1Y1,-0.593809729719,0.254467136362,-0.0736921114278
S3Sc2,-0.841919671207,0.0315860940985,-0.0229512415873
S3Sm2,-0.179444799482,1.07714551696,-0.467247762218
S3Sn1Sr1,-0.837249767321,1.3582700423,-0.242240684977
S3Sn1Zr1,-0.696424133006,1.28104782995,0.383802057356
S3Sn2,-1.201707307,2.16419005643,0.338676125063
S3Sr1Ti1,-0.632543996557,0.294647471818,-0.296335320008
S3Sr1Zr1,-0.331966593331,0.475127815821,-0.197114752684
S3Sr2Zn1,-0.072789279246,0.481140056225,-0.852078978597
S3Ta1,-0.782777394228,1.07994172899,1.07511894948
S3Ti1,-1.81289841505,0.668313711878,0.34493185797
S3Ti8,1.43447365178,-1.340587004,-0.0192113332889
S3Tm2,-0.0377526041173,0.973043519111,-0.0765783825081
S3Y2,-0.345699788232,0.477348178624,-0.124432981268
S3Yb2,-0.35713084987,1.13113784493,-0.591570472343
S4Sb2Yb1,-0.944195255242,1.83457962335,0.268601058084
S4Sc2Sr1,-0.519232501378,0.0969297173262,-0.348640958613
S4Sc2Zn1,-0.828039389176,0.286230815172,-0.0822527249843
S4Si1Sr2,-0.70140490071,0.387130427449,-0.00895156056051
S4Sn1Sr2,-0.515896855748,1.0445611089,-0.505276275316
S4Sr1Tm2,0.0551725465532,0.769399306624,-0.386946059273
S4Sr1Y2,-0.164789727828,0.41533120627,-0.421127915527
S4Sr1Yb2,-0.172954771844,0.882323825064,-0.754797552011
S4Tm2Yb1,0.0964801814643,0.976109241183,-0.304236408312
S4Tm2Zn1,-0.253634341247,0.95870040447,-0.120557825646
S4V1,-2.12823442371,0.952281914579,0.542281039934
S4V3,-0.544613386793,0.0742097721039,0.549832480335
S4V5,0.335176078168,-0.413608084823,0.554027725005
S4Y2Zn1,-0.473596615624,0.604632304117,-0.154739681899
S4Yb2Zn1,-0.481761659644,1.07162492291,-0.488409318384
S5Sb2Sn2,-1.10756942016,2.21942950152,0.53163082755
S5Sm2Sn1,-0.70730546005,1.45706253068,-0.152713966706
S5Sm2Zr1,-0.391503476306,0.905098639135,-0.124510259023
S5Y2Zr1,-0.495412844275,0.530225302675,0.0897489790713
S6,-3.51390283101,1.72059503924,0.535673529582
S6Ta3V1,0.45628189678,0.567654504614,1.18631178864
S7,-3.51390283101,1.72059503924,0.535673529582
S7Sb4Sn1,-1.34952491726,2.19159984692,0.652732854366
S7Tm5,0.107086988671,0.941895539102,-0.102088878852
S7Y5,-0.213691328109,0.425546226095,-0.151937419228
S8,-3.51390283101,1.72059503924,0.535673529582
S8Zr21,2.50144193725,-0.67392893932,0.342427293491
S9,-3.51390283101,1.72059503924,0.535673529582
S9Sb4Sm3,-0.68887274404,1.70291995999,0.184129512094
S9Sb4Sr3,-0.826379350992,1.45692207463,0.0172968248439
S9Sb4Yb3,-0.772163080159,1.72822886373,0.125853241723
