Ag18K4Te11,3.15248177389,0.990621618084,-0.94652640427
Ag1Al1Te2,1.68341819738,1.51651578574,0.288722014096
Ag1Au1Te2,2.73819815339,2.53633908832,0.267302328713
Ag1Au1Te4,1.98882963279,3.05897466307,0.573179578101
Ag1Ba1F1Te1,0.714684186196,1.53175103929,-0.276392564702
Ag1Ba1Te3Y1,2.63965161855,1.75369148308,-0.292151561725
Ag1Bi1Te2,2.0976529677,3.09594314402,0.315279774528
Ag1Cr1Te2,2.28056708036,1.35086868289,0.0406726609364
Ag1Cu1Te2,2.33593073273,1.66147674583,0.0606813787965
Ag1Dy1Te2,2.70706503373,1.97736032486,-0.0384095449253
Ag1Er1Te2,2.77017670829,1.90892561808,0.12774179278
Ag1F1Sr1Te1,0.408772135383,1.27314375682,-0.252336957728
Ag1F30O6S16Sb1Te6,-5.15962188913,2.19805585765,1.26828573207
Ag1Fe1Te2,2.14919544728,1.65350474513,0.343196537018
Ag1Fe2Ga1Te4,1.76547410261,1.79337023843,0.397503054619
Ag1Ga1Te2,1.80185624644,2.2131148587,0.0833338768138
Ag1Gd1Te2,2.74462270714,1.98664602695,-0.034416273127
Ag1Hf1Rb1Te3,2.91655375752,1.74959603194,-0.423290058721
Ag1Ho1Te2,2.74715463,1.93236938554,0.0623048611784
Ag1I1Te3,0.942478004149,3.53922797808,0.68289573428
Ag1In1Te2,2.08340929752,2.42482086392,0.0334496915441
Ag1In5Te8,1.57814140337,2.9455598519,0.231506803691
Ag1Lu6Te2,4.53794258882,0.651252703434,-0.0461866774418
Ag1Mo6Te6,3.10300361506,0.780510714591,0.945396769521
Ag1N1O5Te1,-3.57477561511,0.847213981848,0.326907729013
Ag1Ni1Te2,2.07940413617,1.90482743933,0.54097112606
Ag1O3Te1Tl1,-1.39790634318,1.52031589216,0.133550408108
Ag1O5Te1V1,-2.54613571603,0.669758843201,0.436002946455
Ag1Sb1Te2,1.79069979272,2.70684403332,0.536087660467
Ag1Sc6Te2,2.73611343046,-0.782283376092,-0.44788384777
Ag1Te1Tl1,2.98861187469,2.31817706722,-0.326873345194
Ag1Te2Tl1,2.36398205391,2.76469425356,0.0510785103258
Ag1Te2Tl3,2.85173395344,2.8723839882,-0.275968232716
Ag1Te2Tm1,2.70129079984,1.95568244892,0.0348548773686
Ag1Te2Y1,2.50882380977,1.64587286111,0.00494575314206
Ag1Te2Y6,3.56314656875,-0.0393465685551,-0.617020080575
Ag1Te3,1.52969576368,3.01881484233,0.579827459251
Ag2Ba1Te2,3.11794352476,1.51358942597,-0.611748618672
Ag2Cs2Te4Zr1,3.12344872448,1.69452423036,-1.05322070566
Ag2Hg2O12Te3,-2.74181643905,1.41355353475,0.264934243503
Ag2Mo1O12Te4,-2.77354646205,1.17041705961,0.550830655096
Ag2O3Te1,-1.26102842193,0.96610897119,0.0826452956348
Ag2O4Te1,-1.90722787039,0.931301220592,0.155692276462
Ag2O6Te2,-2.44293516232,1.2068263791,0.346272833496
Ag2O7Te2,-2.74670692584,1.16279259164,0.36879113603
Ag2S3Te1,-0.125767556903,1.46517913226,0.0534949797165
Ag2S6Te1V3,-0.0877496848415,0.632495679915,0.302843642591
Ag2Te1,3.26236771717,1.20976322527,-0.428683570143
Ag3Au1Te2,3.37496719559,1.61173336942,-0.233629245412
Ag3Ce1K2Te4,2.85342885388,1.17200213195,-1.19282883034
Ag3I1O4Te1,-1.12316476073,1.32250122188,0.105502486213
Ag3K1Te2,3.11127454514,0.908443515401,-1.14071746705
Ag3Rb1Te2,3.27421509603,1.10977628267,-1.17731998073
Ag3Te2Tl1,3.12548979593,1.76397014626,-0.377778457671
Ag4N2O6Te1,-1.94244566377,0.468184837838,-0.0616378342835
Ag4O4S1Te1,-0.75674873637,0.776474744668,-0.0845465322524
Ag5Cl1Te2,2.38277204306,1.29561637051,-0.287677759786
Ag5Cs1Te3,3.4159035608,1.28586187232,-0.95899261257
Ag5O4P1Te1,-0.185787805695,0.571034621526,-0.281068537646
Ag7Te4,3.13635521148,1.34133061562,-0.355337313456
Al12Ca8O24Te2,-2.08748415089,-0.418748254004,-0.0802875500188
Al12Cd8O24Te2,-2.19813708126,0.289828043335,0.142593999691
Al12O24Sr8Te2,-1.99728754233,-0.150263913855,-0.130866014606
Al1Cl7Te1,-3.83651908356,2.84512257381,1.30540539186
Al1Cs1Te3,1.72111759474,2.17103935578,-0.486591849704
Al1Cu1Te2,1.45004999433,1.24460865947,0.374682551278
Al1I7Te1,-0.916630702198,4.61616211624,0.9857364682
Al1K1Te2,1.45677843932,1.06453622093,-0.779328831261
Al1Li1Te2,0.770176741243,0.518121739524,-0.531094913792
Al1Na1Te2,1.1168423809,0.754616602105,-0.655708955143
Al1Si1Te3,0.708657953077,1.72707096719,1.41855350971
Al2Ba1Te4,1.35469384281,1.77735629488,0.260447777191
Al2Cd1Te4,1.0149034068,1.99108481259,0.498821707205
Al2Cl8Te4,-2.6509962064,2.81126570494,1.202152485
Al2Cs6Te6,2.95232053126,1.67857375556,-2.06421525706
Al2Hg1Te4,1.06371172098,2.25460314996,0.455983217607
Al2K6Te6,1.9715855492,0.610228291587,-1.84968182834
Al2Mn1Te4,0.977459063886,1.61340270664,0.602060200326
Al2Na6Te6,1.38883802047,0.0789375164516,-1.6377620407
Al2Te3,0.7360484855,1.70056732202,0.719165364644
Al2Te4Zn1,0.871080068842,1.81888180273,0.540582071931
Al2Te5,0.665775372947,2.38733260504,0.852242139574
Al4Bi4Cl16Te4,-2.32644923267,2.85533902018,1.05098237944
Al4Cl14Te4,-2.99396334856,2.52776350574,1.17764499091
Al7Te10,0.74328248239,1.62987089584,0.705466284876
As1Br3F6Te1,-4.91299669239,3.17382294827,1.62096793224
As1Cl3F6Te1,-5.47999348816,2.73795726497,1.6899931019
As1Cu1Te1,1.49033595276,1.40199522327,0.588023853514
As1F6I3Te1,-4.45613652327,3.3589711305,1.57790140139
As1Fe1Te1,1.24135557216,1.39136588899,0.964710731145
As1La1Te1,2.01227713284,1.86969144036,0.254613190623
As1Nb3Te3,2.50593090289,1.03713776264,0.759099578762
As1Ru1Te1,1.8940263501,1.45538140137,1.11850714483
As1Te1,0.377987695258,2.76554612162,1.32786090274
As1Te1Ti1,1.34869674112,1.01418732435,0.809476216202
As2Br4F26O5Te5,-5.61114381886,2.61492035668,1.57896218812
As2Co8O16Te1,-2.52987484954,0.420148201039,0.718886545275
As2Cs4Te6,2.29946938647,2.43906722973,-1.16515959861
As2F12O2S1Se8Te2,-4.2782453491,2.66828541773,1.30454296566
As2F12O2S1Te4,-4.938057718,2.45457513539,1.53506227764
As2F12Se8Te2,-4.1845780197,2.86992507522,1.39579325919
As2Ge1Te4,0.613500626216,2.89319331129,1.38406289535
As2Ge2Te5,0.731885043819,2.81536400655,1.431166983
As2Ge3Te6,0.807220582314,2.76583626719,1.46114231151
As2Ge4Te7,0.859375955101,2.73154783225,1.48189446202
As2Ge5Te8,0.897623228495,2.70640297994,1.49711270572
As2K4Te4,1.74599209552,1.10890908012,-1.43494713357
As2Na4Te4,1.20209440204,0.613037689995,-1.23715533178
As2O11Te3,-3.85166417494,1.4445895117,0.814380841465
As2O14Pb3Te1Zn3,-2.78279107793,1.2319921739,0.348840483594
As2Te3,0.400408674522,3.03328605981,1.29927553757
As4Ge1Te7,0.52471231302,2.95156528984,1.34873482961
As5I1Te7,0.257974546296,3.19114102788,1.28797277042
Au1Cl1Te2,0.285938023745,3.43166602561,0.952718361187
Au1Cl7Te1,-3.36772799201,3.29837737496,1.2958855317
Au1Cs1Te1,3.94817420484,2.24199945469,-1.62950204795
Au1I1Te1,1.469267236,3.96648971005,0.738312155346
Au1I1Te2,1.2244735749,4.00092873568,0.849967635724
Au1K1Te1,3.18538032992,1.41106409382,-1.46264271451
Au1Lu6Te2,4.61300890774,0.919232799524,0.0838495390478
Au1Na1Te1,2.73213225201,0.997837935381,-1.29781621301
Au1Rb1Te1,3.5112614317,1.81372962837,-1.53584774184
Au1Te2,2.10142911119,3.46094480722,0.768233902832
Au2Er7Te2,4.52659127949,0.928181784292,-0.193120441797
Au2Ho7Te2,4.46798962563,0.987856828725,-0.359687176788
Au2Lu5Te2,4.55248705712,1.19989568851,0.105313561004
Au2Te3,2.42369641511,3.33228460615,0.684893868024
B1F15O3Te3,-5.86860875342,2.14687288884,1.71364886763
Ba1Cl2Cu2O6Te2,-2.40806506495,1.26269829106,0.32347151116
Ba1Cl2O3Te1Zn1,-2.49306302816,1.61484639542,0.253110897155
Ba1Cu1Dy1Te3,2.61623363249,1.79341170807,-0.263748068985
Ba1Cu1F1Te1,0.481315983146,1.25984391302,-0.190432027521
Ba1Cu1Gd1Te3,2.64127208143,1.79960217613,-0.261085887786
Ba1Cu1La1Te3,2.6297813552,1.81667076393,-0.364392784612
Ba1Cu1Te3Y1,2.48407281652,1.57242006556,-0.234844536939
Ba1Cu2Te2,2.74455439987,1.07853802394,-0.474211759182
Ba1Dy2Te4,2.52457594151,2.30403576816,-0.113416861702
Ba1Er2Te4,2.59670356959,2.22582467471,0.0764703813901
Ba1F10Te2,-5.35624023157,2.48470392167,1.41833745168
Ba1F6Te1,-4.96896044654,2.31170076038,1.20537434047
Ba1Gd2Te4,2.56749899682,2.31464799911,-0.108853122499
Ba1Ho2Te4,2.57039262295,2.25261755179,0.00168531670297
Ba1In2Te4,1.81182652869,2.81541924139,-0.0312920200119
Ba1La2O14Te5,-2.84805668183,1.39208958633,0.340859896239
Ba1Lu2Te4,2.71578426558,2.22116406902,0.180774937434
Ba1Mg1O7Te2,-2.97855692456,0.861748346179,0.115328982522
Ba1Mo2O9Te1,-2.71850342476,0.43797159503,0.439365926805
Ba1Nb1O8P1Te1,-3.15357639255,0.669427375975,0.216667828123
Ba1O3Te1,-2.31013184219,1.22120432106,0.00184602026475
Ba1O7Te2Zn1,-2.93373085462,1.20228877115,0.233943129757
Ba1O8Te1V2,-2.80365863377,0.45636283522,0.343043589256
Ba1O9Te1W2,-2.35658754398,0.704625282843,0.811036589559
Ba1P4Te2,-0.608805625158,1.42024703672,-0.355464139869
Ba1S3Te1,-0.947818804157,1.82008851435,-0.0331343588349
Ba1Sc2Te4,1.94357176915,1.6067914635,0.00861900729216
Ba1Sm2Te4,2.41676810609,2.35361962268,-0.308735650302
Ba1Te1,2.90130723612,1.96932872701,-0.886346191463
Ba1Te2,2.09756902127,2.68096775553,-0.195919435346
Ba1Te3,1.69569991385,3.03678726979,0.149293942714
Ba1Te4Tm2,2.51797681707,2.2792610528,-0.0296860933616
Ba1Te4Y2,2.2980145427,1.92519295245,-0.0638679496225
Ba2Bi1Ga1Te5,1.93512918328,2.83158413812,-0.0738754944558
Ba2Ca1O6Te1,-2.00211678353,0.536399495377,-0.373705173477
Ba2Cd1Te3,2.50488506076,2.21867866436,-0.608243273097
Ba2Ce1In1Te5,2.32499592034,2.44717635268,-0.326368378764
Ba2Cu1O6Te1,-1.98763785457,0.678269082462,-0.205812411918
Ba2Dy1In1Te5,2.33111367976,2.42852777637,-0.253241496547
Ba2Er1Ga1Te5,2.23402862354,2.30402079326,-0.157225708562
Ba2Er1In1Te5,2.3591633129,2.39811235113,-0.179396457569
Ba2Ga1Gd1Te5,2.2226712897,2.33856319721,-0.229295960077
Ba2Ga1Sb1Te5,1.79870554996,2.65865120003,0.0242613437394
Ba2Ga1Sm1Te5,2.16405372107,2.35371882859,-0.307028054215
Ba2Ga1Te5Y1,2.11787177976,2.18710845684,-0.21180172618
Ba2Gd1In1Te5,2.34780597905,2.43265475507,-0.251466709081
Ba2Ge1Se2Te2,1.52847008181,2.29078885581,-0.028457309153
Ba2Ge2Te5,1.85336039534,2.46148960896,0.44707494113
Ba2In1Nd1Te5,2.32590756959,2.43278574304,-0.309185582366
Ba2In1Sb1Te5,1.92384023932,2.7527427579,0.00209059473204
Ba2In1Sm1Te5,2.28918841044,2.44781038647,-0.329198803227
Ba2In1Te5Y1,2.24300646911,2.2812000147,-0.233972475184
Ba2Mg1O6Te1,-2.21572723201,0.448694291977,-0.346791589034
Ba2Mn1O6Te1,-2.09195325853,0.67945339219,-0.173281337206
Ba2Mn1Te3,2.46119999403,1.77804954074,-0.487798364462
Ba2Nb2O10Te1,-2.41281369509,0.445191327551,0.0934329444098
Ba2Nb6O21Te2,-2.5244185595,0.325471771204,0.306589897029
Ba2Ni1O6Te1,-2.09024849319,0.77560935986,-0.0136965130114
Ba2O11Te2V2,-2.65850369507,0.681316213408,0.242691363084
Ba2O1Te1,1.33267794796,1.12388095314,-1.03408617033
Ba2O21Ta6Te2,-2.10980946262,0.580540476016,0.809316254165
Ba2O9P2Te1,-3.30156127974,0.801755324608,-0.0239140518993
Ba2Si1Te4,1.93620625599,2.04476776361,0.334562344211
Ba3Bi2O9Te1,-2.00722133338,1.2623394153,-0.139246078247
Ba3O11Te4,-2.54059634242,1.32595667015,0.133365150212
Ba3O20Si4Te1Zn6,-2.4654518104,0.34462904429,0.361212695086
Ba3O5Te1Yb2,-0.339855484366,0.701241675394,-0.843904313268
Ba3O9Te2,-2.51014787317,1.01527278595,-0.0826602694939
Ba4In2S5Te2,0.774665538812,1.50812716809,-0.675648001953
Ba4In2Se5Te2,1.60533839859,2.22646177129,-0.624165686587
Be1Te1,0.641599290997,-0.435650815152,0.06281922558
Be4O7Te1,-3.06903794785,-0.89506341161,0.0921308919881
Be6Cd8O24Si6Te2,-2.25667999405,-0.0933996266598,0.457872191421
Be6Fe8O24Si6Te2,-2.25074912492,-0.560791946954,0.723510337095
Be6Mn8O24Si6Te2,-2.3022644115,-0.553186538238,0.58355383523
Bi1Cl1Te1,-0.636173746437,3.95361150423,0.939283050373
Bi1Cu1O1Te1,0.2956554765,1.97858824389,0.253500332841
Bi1I1O3Te1,-2.58460878632,2.71754158403,0.698128122253
Bi1I1Te1,0.615206988433,4.71262845099,0.802282083089
Bi1K3Te3,2.20829113224,1.51275821061,-1.83450596523
Bi1Nb1O8Te2,-3.10540316518,1.35341793372,0.612036706712
Bi1Ni9S8Te1,-0.0346775744693,1.00612794478,0.782244439404
Bi1Pd1Te1,2.46587922275,2.51400511774,-0.234043186047
Bi1Pt1Te1,2.90625396563,3.51189176871,0.724012725544
Bi1Te1,1.62600699964,4.25850241595,0.655838707445
Bi1Te2Tl1,1.89233608584,3.92725352548,0.391637443242
Bi2Br8Te4,-1.22629733698,4.627038008,1.0727041831
Bi2Cl1I1O8Te1,-3.60218379647,2.12877782999,0.676273431911
Bi2Cl8Hg3Te2,-1.66355418844,3.55400439944,0.660406239275
Bi2Ge1Te4,1.32665451444,3.74631119378,1.00005021232
Bi2Ge3Te6,1.2610457839,3.30872946511,1.21677060413
Bi2O10Se1Te2,-3.51295806717,1.8564547895,0.615508266233
Bi2O10Te2W1,-2.90196222396,1.57454974795,0.803219782749
Bi2O11Te4,-3.30261511706,1.9523237163,0.67805522113
Bi2O16Te2W3,-2.72236574869,1.15966753439,0.981849665397
Bi2O2Te1,-1.11098274303,2.87493465708,0.525273815144
Bi2O5Te1,-2.86352342479,2.06775467959,0.551036444998
Bi2O6Te1,-3.1880679955,1.91827690598,0.555807302382
Bi2O7Te2,-3.08972217534,2.00829024395,0.616470359975
Bi2Pb1Te4,1.55365971569,4.12455945541,0.645281498533
Bi2Pb2Te5,1.63967949217,4.06728632214,0.580628008073
Bi2Se1Te2,1.0299749206,4.12445493427,0.658576475861
Bi2Se2Te1,0.661125723163,4.02125877327,0.555495170388
Bi2Te3,1.39882411802,4.22765109527,0.761657781333
Bi3S1Te2,0.958674429208,3.86122728706,0.547628616227
Bi4Br2O9Te2,-2.71735554179,2.48503693306,0.631103991383
Bi4Ge1Te7,1.3567251826,3.94686948607,0.900720032744
Bi4Pb1Te7,1.48914488334,4.16751430535,0.693771616364
Bi4Sn1Te7,1.39540997923,4.10086161229,0.737057659048
Bi4Te3,1.7882804865,4.28053907357,0.580253654668
Bi6Cl20Te4,-2.82262686533,3.65900436608,1.18745436869
Bi6Pb1Te10,1.46257995236,4.18520159649,0.71373813547
Bi8Te9,1.55918850504,4.24942849809,0.68696196447
Br10O1Ta2Te4,-1.16578389629,3.81620235839,1.36773031543
Br10Te4Zr2,-1.20431848813,3.91654779241,1.11300938386
Br12Ta2Te4,-1.12205531393,4.11316628228,1.39797778309
Br12Te1Zr2,-1.79349783731,4.01573566311,1.11730045374
Br1Cu1Te1,0.374526023975,2.573714364,0.515454426483
Br1Cu1Te2,0.403417665877,2.95634722614,0.682824339079
Br1F5O3Te1,-5.79066431162,2.33427376743,1.37330085975
Br1Fe1O7Te3,-3.26117915118,1.7462441445,0.767009266341
Br1Hg3I1Te2,0.902740892181,4.04239926862,-0.00693124213748
Br1In1O3Te1,-2.87329689202,2.15698061928,0.536559835786
Br1In1Te1,0.0378307770269,3.59150652146,0.47914551014
Br1La3Te4,1.84017392537,2.6991166671,0.0396461317861
Br1Mo1Te4,0.722859067768,3.16423791948,1.17702612405
Br1Nd1O3Te1,-2.46533556647,1.86506054322,0.404737549402
Br1Nd1O5Te2,-2.87452999216,1.85994650068,0.533478632911
Br1Te2,-0.700453934757,4.38349849266,1.20764920041
Br1Te2Tl5,2.12935336978,3.57366409567,-0.1284201241
Br2Co1O3Te1Zn1,-2.27453254656,1.92300703451,0.649851141906
Br2Co2O3Te1,-2.1525870755,1.79528931121,0.864746950935
Br2Cu1Dy2O13Te5,-2.81721645649,1.66734334795,0.551513706666
Br2Cu2O5Te2,-2.42499696922,1.73223270631,0.55114521508
Br2Cu3O6Te2,-2.2111045196,1.41937753178,0.443455483266
Br2Hg3Te2,0.663433184541,3.94541688746,0.0156274168777
Br2Mn4O7Si1Te1,-2.30056199559,0.801330029693,0.606733808805
Br2Ni5O12Te4,-2.6161386058,1.44399689409,0.848744733053
Br2O11Te6,-3.518484663,2.23455181416,0.849972585889
Br2S7Te1,-3.02703212003,2.6032418793,0.744080767892
Br3Ir1Te6,0.00541699326526,4.09689953155,1.39618817511
Br3Rh1Te6,-0.170821580308,3.87640925597,1.11828175988
Br4Hg3Te1,-0.251144284335,4.17471001318,0.178827092029
Br6Cs2Te1,-0.659837065328,3.85012093775,-0.368126309911
Br6K2Te1,-1.16836631528,3.29616403051,-0.256886754275
Br6Nb2Te2,-0.697219291036,3.35407683891,1.00804162333
Br6Pd1Te2,-1.48483034138,4.09839169596,0.874948651733
Br6Rb2Te1,-0.951112247419,3.56460772021,-0.305690105835
Br6Te1Tl2,-1.14941264756,4.43686620497,0.760365258237
Br7Fe1Te1,-2.0125161105,4.14903091182,1.13276673302
Br9Ta1Te1,-1.80302103447,4.34002384425,1.37782766485
Br9Te1W1,-1.76664054933,4.35836089754,1.44980449104
C10Fe2O10Se1Te1W1,-1.53876052772,-1.50400341484,3.9203390451
C10Fe2O10Te2W1,-1.46499068823,-1.48336418265,3.9409553062
C10H15B5Te2W2,-1.01065218321,-3.99302833168,1.65742193001
C11Fe2O11Ru2Te2,-1.41851914529,-1.53455427398,3.77348146279
C11Fe4O11Te2,-1.55837716914,-1.54827188377,3.74052508843
C11O11Ru4Te2,-1.27866112144,-1.52083666418,3.80643783715
C12H36F25Hg1N3O5Te5,-4.20075894119,-1.76985149507,0.199921434797
C12H36O6Si6Te1,-2.72827338861,-3.96758970856,-0.175610029225
C12H4Cu4N12O4Re4Te4,-0.973743642724,-1.69339766375,2.29681010693
C14Fe4Mo1O14S2Te2,-1.63809759887,-1.48285057244,3.63602671765
C15O15Te2W3,-1.50329545712,-1.61771099589,4.31752740535
C16H44Cl2Pt1Si4Te2,-2.43221864116,-4.20075758975,-0.186648367283
C16H44Cl4Pd2Si4Te2,-2.43499523995,-3.9879619967,-0.204921785807
C16H48Hg4N4Te12,-2.19401056302,-3.10266207046,-0.50127125985
C16H48N4Sb2Te5,-2.63682541507,-3.95121557284,-0.560344814594
C17Fe2O17Ru3Te2,-1.60008741425,-1.69013281864,3.94323113766
C1Ag1B1F20O5Te4,-5.40163519473,1.86736625721,1.7804988395
C1H2Cl18N2Sb2Te3,-3.76541664193,2.20890123561,1.17576388267
C1H3Cl3Te1,-3.31160997298,-0.731234739054,0.332038359065
C20Cr4O20Te4,-1.8076907664,-1.61937010202,3.85910380621
C24H72O10Si8Te2,-2.80303985297,-4.12414763039,-0.316225723913
C2Ag1B1F20O6Te4,-5.23492700473,1.63417325259,1.94691653549
C2As2F12N2Te4,-4.40669794708,1.68842480459,2.14341068292
C2Ca2O10Te2,-3.02656930048,0.00705407429037,1.2761815256
C2F16Hg1N2Te2,-5.45883437472,1.69398260556,2.08109439599
C2F4Te2,-3.51136019789,1.00990274904,3.40384707345
C2F6Te2,-4.3275647598,1.29308715353,3.10360056232
C2F8Te1,-5.35913692768,1.24347956961,3.05966368926
C2H14N4O8Te1,-4.15339156122,-2.51991502206,-1.12069219573
C2H6Al1Br3Te1,-2.35786918183,-1.76507065981,-0.0868923162023
C2H6Te2,-2.20225481362,-3.17627339097,-0.372441667239
C3H14F4N6S3Te1,-4.00207505328,-2.268097822,-0.645718207835
C4Br2F6Te1,-3.74079760777,0.682928054589,3.81597544647
C4F12O4Sb2Te3W1,-3.81923401398,1.143066564,2.64492784138
C4H12F30N1O6Sb1Te6,-5.14705866595,0.399125472581,0.937820658898
C4H20B20Te4,-1.3179109478,-3.67574449421,0.789823024849
C4H20Mn1N4Te2,-3.03270068021,-3.74314247016,-1.37830829724
C5F5Mn1O6Te1,-3.68112934583,-0.295921516699,3.15675766907
C5H15F6N1O1Te1,-3.90241873446,-2.8016463501,-0.0808678406474
C6Cl2F14Te1,-4.87951931301,0.663293296469,3.59066225594
C8H24Au2N2S6Te2,-2.5248936535,-3.14560940081,-0.443901458651
C9Fe3O9S1Te1,-1.75375059241,-1.56480911556,3.71341881981
C9Fe3O9Se1Te1,-1.65984844305,-1.48360607345,3.71923855981
C9Fe3O9Te2,-1.57966383493,-1.46117212542,3.74164753925
Ca1O3Te1,-2.65858758269,0.705561503914,0.0792557401212
Ca1O4Te1,-3.17956041242,0.708377039454,0.165042143676
Ca1O5Te2,-3.0464618055,1.13462034579,0.346145137541
Ca1O6Sr2Te1,-2.24684642418,0.329513669402,-0.354460687897
Ca1Te1,2.03016788485,0.680221684139,-0.692821891822
Ca2Co1O6Te1,-2.41731791873,0.205471763662,0.033010340002
Ca3O12Te2Zn3,-2.59702518134,0.451090574341,-0.0602117340229
Ca3O6Te1,-2.35057252404,0.020756678228,-0.29629545362
Ca5O14Te3,-2.80274773588,0.3958223298,-0.0446567641875
Ca6N2O21Te5,-3.15383393323,0.524332485477,0.0696046851361
Cd1Cs1Er1Te3,2.64776847431,2.29255789564,-0.727648180575
Cd1Cs1Gd1Te3,2.63073247354,2.34437150154,-0.835753557846
Cd1Cs1Ho1Te3,2.6324204221,2.30818707393,-0.771272801638
Cd1Cs1La1Te3,2.61924174729,2.36144008935,-0.939060454667
Cd1Cs1Nd1Te3,2.59788485932,2.34456798346,-0.922331867767
Cd1Cs1Pr1Te3,2.60705286078,2.3389554539,-0.919363750048
Cd1Cs1Sm1Te3,2.5428061206,2.36710494862,-0.95235169906
Cd1Cs1Te3Tm1,2.60184453533,2.32372911619,-0.789572790848
Cd1Cu2Ge1Te4,1.76584906872,2.00986980454,0.459319421341
Cd1Cu2Si1Te4,1.66155672433,1.66560614761,0.648109986201
Cd1Cu2Sn1Te4,1.82387626367,2.24085799389,0.213825860789
Cd1Dy2Te4,2.18478550548,2.51776428588,0.124957068327
Cd1Ga2Te4,1.15026117716,2.78719803884,0.26409240745
Cd1Ge1Te4Tl2,1.7939003899,3.11308731227,0.449716552874
Cd1In2Te4,1.47203609266,3.02914775909,0.207081910004
Cd1K6Te4,2.48600333466,0.497737868204,-2.69049520841
Cd1Mo1O6Te1,-2.86934832427,0.82176953271,0.503234565003
Cd1O3Te1,-2.78583845262,1.52042424587,0.3355695223
Cd1Sn1Te4Tl2,1.85192758485,3.34407550162,0.204222992322
Cd1Te1,1.71204071003,2.71737853903,-0.0520374363788
Cd1Te2Tl1,1.93535294104,3.15669158703,0.0376993713303
Cd1Te4Tl2,1.79269067141,3.4175744901,0.227229131462
Cd2Cs2In2Te6,2.1899235338,2.63648805953,-0.790509581405
Cd2K2Te3,2.11744970389,1.55470961622,-1.43408674554
Cd3Cs2Te4,2.53588806632,2.36703739519,-1.23820423248
Cd3K2Te4,2.02735881637,1.81308048795,-1.12696467684
Cd3O6Te1,-2.54144882893,1.24305079116,0.0881752196474
Cd3Rb2Te4,2.24461288422,2.08152417765,-1.1757680284
Cd4Cl6O13Te6,-3.15462827108,2.04835894291,0.645250454434
Cd4O15Te3V2,-2.78046903818,1.00956925367,0.351908375671
Cd7Cl8O17Te7,-2.96540844888,1.97629915856,0.549190013462
Ce1Cl1Te1,0.15802239666,2.5181134743,0.248316644459
Ce1Cu1O1Te1,0.891302583826,0.901964721432,-0.264724471599
Ce1O6Te2,-3.17576137179,1.40549831747,0.443061915836
Ce1Rb1Te2,2.71107114332,1.86933920767,-1.32589964577
Ce1Sb1Te1,2.38957037877,2.35562443953,0.0829176929548
Ce1Te1,2.81730121429,2.10525537104,-0.380610901437
Ce1Te2,2.04156500672,2.77158551822,0.141237424673
Ce1Te2Tl1,2.48798319317,2.85063000303,-0.126587361198
Ce1Te3,1.65369690293,3.1047505918,0.402161587727
Ce1Te6Tl9,2.65813782244,3.28260068264,-0.200444180482
Ce2Cl2O11Te4,-3.24738687413,1.64548286101,0.54702546296
Ce2O2Te1,-0.157947371307,1.15233702115,-0.303885871961
Ce2O4Si1Te1,-1.4238195393,0.679270293997,0.398246498076
Ce2Te3,2.35185948975,2.50505345934,-0.0675019057722
Ce3Te4,2.48484283962,2.39082543412,-0.156961618819
Ce4N2Te3,1.37988412762,1.25945980065,-0.537546956094
Cl10Nb2O1Te4,-2.64073545585,2.72105814248,1.21102936625
Cl10Pd1Te2,-3.57534950259,3.12859991958,1.18598296486
Cl12Hf1Te2,-3.61901918284,3.1729442894,1.42081264376
Cl12Mo1Te2,-3.69919377681,3.06405921389,1.43421799853
Cl12Os1Te2,-3.60413703201,3.27523845285,1.60271986547
Cl12Re1Te2,-3.5687717612,3.20542870065,1.58325652001
Cl12Ta2Te4,-2.50804748135,3.04771683425,1.56670597559
Cl12Te2Zr1,-3.74354905539,3.1165546163,1.38084924456
Cl12Te4W2,-2.46358244395,3.07012878829,1.65467765205
Cl14Ga4Te4,-2.90782658561,3.03438101334,1.02827180016
Cl16Mo1Te3,-3.78199775074,3.17202263722,1.43614455
Cl16Re4S4Te4,-2.32161284742,2.70673461283,1.57860190898
Cl16Re4Se4Te4,-2.01307721377,2.97354460831,1.59772391183
Cl16Re4Te8,-1.74961350132,3.04725615188,1.67135341574
Cl1Cr1Gd8Te13,2.06533257538,2.34504568815,0.250534904275
Cl1Cr1Sm8Te13,1.8818340997,2.3924894038,0.00719965304162
Cl1Cs6Ho21Te34,2.58456563394,2.26613531502,-0.207161208478
Cl1Cu1Er1O6Te2,-2.70180441671,1.29333017732,0.53862054768
Cl1Cu1Te2,-0.116329396911,2.55680368313,0.746097411272
Cl1Cu3S3Te1,-0.508381717083,1.07931761134,0.202896958382
Cl1Cu7K1O24S5Te1,-3.36715314732,0.565867219438,0.201938611424
Cl1F5K2Te1,-3.90538502095,1.72071185508,0.13208742798
Cl1Fe1O7Te3,-3.43442817211,1.6130629635,0.788100290406
Cl1Ga1Te1,-1.0305693748,2.7765071238,0.630021853425
Cl1Gd1O5Te2,-3.08363027725,1.68224060473,0.619318871613
Cl1Ho11O48Te16,-2.84226610629,1.32937753872,0.516304700596
Cl1Ho1O3Te1,-2.77729804556,1.56231727167,0.597978663665
Cl1Ho1O5Te2,-3.08250497821,1.65811765298,0.662306042418
Cl1In1K6Te4,1.82970494509,0.768058738697,-2.31673696673
Cl1In1O3Te1,-3.21979493387,1.89061825728,0.578741883911
Cl1In1Te1,-0.655165306701,3.05878179743,0.563509606399
Cl1La1Te1,0.203471120339,2.50868585709,0.26640785985
Cl1Nb3O15Te4,-3.22439902355,1.0486093112,0.671462067704
Cl1Nd1O5Te2,-3.10552868673,1.68237159267,0.561599998331
Cl1Nd1Te1,0.160757344394,2.47494164534,0.299865033651
Cl1O3Sb1Te1,-3.41493460373,2.07863370352,0.913833863185
Cl1Pr1Te1,0.179093347297,2.46371658618,0.305801269106
Cl1Rh1Te1,-0.0248576790763,2.25356053969,1.00169353606
Cl22O1Re2Te4,-3.53539679034,3.11026401293,1.55445952722
Cl24Cu1Ga6Sb7Te8,-2.08708487904,2.97921707762,1.02172884121
Cl2Co2O3Te1,-2.67233413829,1.39574576819,0.928020023127
Cl2Co2O8Sr1Te3,-2.82698356569,1.36166961674,0.618905944623
Cl2Cu2O5Te2,-2.80299483306,1.44165558412,0.597161994853
Cl2Cu2O6Pb1Te2,-2.55584329974,1.55462161858,0.514346431616
Cl2Cu2O6Sr1Te2,-2.5021918498,1.18312681954,0.330873236379
Cl2Fe5O18Te6,-3.11805485152,1.21072084721,0.709855960621
Cl2Hg3Te2,0.0694365413725,3.48879569544,0.0879394993772
Cl2Mn1O13Sm2Te5,-3.07616364735,1.54397733642,0.528220828594
Cl2Mn4O7Si1Te1,-2.57776042907,0.588240140086,0.640479447308
Cl2N2S1Se1Te1,-3.47548486948,2.0997294673,0.684911044571
Cl2Ni2O8Sr1Te3,-2.8537164594,1.42978809055,0.657284528176
Cl2Ni5O12Te4,-2.79692019287,1.30502522695,0.870752758167
Cl2Ni7O18Te6,-2.80841437745,1.26834522875,0.849092243889
Cl2O11Te4Zr2,-3.28438771496,1.46733617893,0.780179732376
Cl2O11Te6,-3.73732553153,2.06632295396,0.876613879434
Cl2O6Pb2Pd1Te2,-2.54761533346,1.96267073912,0.459980356452
Cl2O6Pb3Te2,-2.60563216736,2.31685569125,0.578253777932
Cl2Ru1Te8,-0.134020553154,3.48697071117,1.19923779242
Cl2S7Te1,-3.44282977026,2.28360704488,0.794699225646
Cl3Cr3O13Te5,-3.23949701985,1.34341720633,0.6354080976
Cl3F18Fe1O9S3Te3,-5.6839908187,2.06259338818,1.33815073485
Cl3F6Sb1Te1,-5.36470022372,2.86791327824,1.64810102491
Cl3Ir1Te6,-0.61827948208,3.61744727993,1.47211586174
Cl3Na2O12Te4Y3,-2.70625465525,1.0160505398,0.125655444561
Cl3Nd5O10Te2,-2.32910463712,1.26741375258,0.19352857079
Cl4Cu3O12Te4Yb2,-2.72774854694,1.39921371861,0.426091580169
Cl4Cu4O12Te5,-2.90978571432,1.4906231239,0.620417851467
Cl4F5N1Te1W1,-4.59315492786,2.35558735857,1.65865360414
Cl4Hg3Te1,-1.29063840991,3.37562292715,0.305373236412
Cl4N4S4Te1,-4.11279843348,1.658202061,0.625854808251
Cl4O3Pb3Te1,-2.48464614195,2.77592485308,0.68752600223
Cl4Te1,-4.03040967255,3.49591290716,1.44192420437
Cl6Cs2Te1,-2.04582923276,2.78467148971,-0.199398117395
Cl6Hf1Te4,-2.03108101161,3.24906162557,1.3313661266
Cl6K2Te1,-2.55435848271,2.23071458246,-0.0881585617625
Cl6Rb2Te1,-2.33710441485,2.49915827216,-0.136961913326
Cl6Re6Te16,0.763079914465,3.0076002634,1.70805316129
Cl6Te1Tl2,-2.53540481499,3.37141675693,0.929093450746
Cl7Fe1Te1,-3.6295069725,2.90600655578,1.32961629095
Cl7Ga2Sb1Te4,-2.10512846792,3.17450323917,1.04934520266
Cl7Mo1O1Te1,-3.59597476118,2.5859948709,1.33914513813
Cl7Nb3Te1,-1.80257257563,1.91194854983,1.0923857566
Cl8Mo2O2Te4,-2.49850616307,2.4915881849,1.25723378119
Cl8O2Te8V2,-2.10517559436,2.83937861065,1.19271084953
Cl9Nb1Te1,-3.6987520582,2.91262179666,1.34877412731
Cl9P1Te1,-4.41757374232,3.15212903977,1.29685063953
Cl9Ta1Te1,-3.50401142178,3.03242679437,1.58490317385
Cl9Te1W1,-3.46763093663,3.05076384767,1.65688000003
Co1Dy6Te2,3.89782138279,0.771378499035,-0.515081712159
Co1Er6Te2,4.06611918165,0.588885947635,-0.0720114782761
Co1Gd6Te2,3.99797517855,0.796140371277,-0.504432987357
Co1Ge1Te1,1.73175008072,1.39642376336,1.30484755176
Co1Ho6Te2,4.00472697283,0.651402660841,-0.246509962544
Co1Mo1O6Te1,-2.8728149462,0.574306993221,0.726733345604
Co1Nb1Te2,2.28785658247,1.28799171463,0.797095981705
Co1O13Te6,-3.46770872565,1.65603673039,0.777687431774
Co1O3Te1,-2.79207837207,1.07499167478,0.737867327369
Co1O6Pb2Te1,-2.45308558872,1.48011523231,0.451875413337
Co1O6Sr2Te1,-2.31359181887,0.514228754836,-0.0251548942749
Co1Pd2Te2,2.43484435047,1.07237221557,-0.187053143311
Co1Ta1Te2,2.82339333262,1.61745545836,1.44645085967
Co1Ta4Te4,3.83395058465,1.3502509837,1.80400413555
Co1Te1,1.69644091139,1.60379711131,0.953707076294
Co1Te2,1.29432480479,2.43728001174,1.03078274317
Co2Er5Te2,3.78287172175,0.526514780348,0.077531706682
Co2Nb2Te4,2.28785658247,1.28799171463,0.797095981705
Co2O8Te3,-2.99996463472,1.25377476882,0.750119667187
Co2Ta1Te2,2.83927251234,1.1146340487,1.30165670287
Co3O14P2Pb3Te1,-2.90810618718,1.01592672931,0.403869988944
Co3O14Pb3Te1V2,-2.38175611626,0.790215678732,0.494638141084
Co3O6Te1,-2.55080870811,0.574901934529,0.691621927247
Co6O16Te5,-2.69198498636,0.988910925801,0.731968052638
Co9O30Pb6Te5,-2.49217483648,1.1180299132,0.5477740189
Cr1Dy1O6Te1,-2.83592302718,0.645540336954,0.27656444324
Cr1Er1O6Te1,-2.80787339403,0.615124911722,0.350409482217
Cr1Eu1O6Te1,-2.92050594858,0.661958614829,0.168542201011
Cr1Gd1O6Te1,-2.81923072788,0.649667315658,0.278339230701
Cr1Ho1O6Te1,-2.81810542884,0.625544363922,0.321326401509
Cr1La1O6Te1,-2.82689121204,0.661046374194,0.209467966154
Cr1Nd1O6Te1,-2.84112913736,0.649798303612,0.220620357421
Cr1O6Pr1Te1,-2.83501713638,0.646056617229,0.22259910257
Cr1O6Sm1Te1,-2.87784829651,0.664822947041,0.20060713656
Cr1O6Te1Tm1,-2.83848935336,0.635905725419,0.309126408705
Cr1O6Te1Y1,-2.92403023783,0.498212575291,0.295833464605
Cr1O6Te1Yb1,-2.92720553273,0.679820815923,0.166073050416
Cr1Rh2Te4,2.09224106346,1.78209381092,0.62800011161
Cr1Si1Te3,1.18637705946,1.5945532849,1.22011402717
Cr1Ta4Te4,3.89959376546,1.16459684645,1.61576355866
Cr1Te1,1.99183522495,0.768353493684,0.106624480257
Cr1Te2Tl1,2.07525019849,2.18217906435,0.117030329648
Cr1Te3,1.24096390826,2.43629965312,0.645779278574
Cr2Cu1Te4,1.80893693581,1.42239986092,0.272102261418
Cr2Ge2Te6,1.35324481049,2.14537513599,0.918049123399
Cr2O11Te4,-3.21653788757,1.13111220518,0.54882834415
Cr2O6Te1,-3.02547767313,0.367099607202,0.311712090303
Cr2Si2Te6,1.18637705946,1.5945532849,1.22011402717
Cr2Te3,1.69148669827,1.43553195746,0.322286399582
Cr2Te4Ti1,1.74823441653,1.25619647567,0.367010416863
Cr2Te4V1,1.76599504121,1.30870500226,0.480725308024
Cr3Te4,1.77730056304,1.24490953924,0.260668708352
Cr5Cs1Te8,1.95849699263,1.46026300925,-0.099087624448
Cr5K1Te8,1.79504116229,1.28220543192,-0.0633320529952
Cr5Rb1Te8,1.86487282695,1.36849090361,-0.0790188445639
Cs1Cu1Gd2Te4,2.80066642968,1.93630344174,-0.588033677261
Cs1Cu1Te4Y2,2.56486753232,1.59553027591,-0.548671650993
Cs1Cu2Nb1Te4,2.58615188625,1.50678833522,-0.369475282553
Cs1Cu2Ta1Te4,2.85392026132,1.67152020708,-0.044797843575
Cs1Dy1Te3Zn1,2.43790013033,2.13727752199,-0.789695313533
Cs1Er1Te3Zn1,2.47997458003,2.09165438413,-0.678927755061
Cs1F30O6Sb1Te6,-5.72666012407,2.38724360579,1.42621786521
Cs1F5Te1,-4.49164208185,2.3829684893,0.669961841466
Cs1Ga1Te2,2.14731189458,2.38433681454,-1.10986146863
Cs1Gd1Te4,2.22341643405,2.80666059271,-0.423429720093
Cs1Ho1Te3Zn1,2.46462652783,2.10728356243,-0.722552376123
Cs1In1Mn1Te3,2.14623846706,2.19585893591,-0.670064672757
Cs1In1Te2,2.42886494567,2.59604281977,-1.15974565391
Cs1La1Te3Zn1,2.45144785302,2.16053657784,-0.890340029156
Cs1Na1Te1,2.96754082607,0.422193588219,-3.27885198974
Cs1Nd1Te2,3.04080693397,2.15816270569,-1.35747908346
Cs1Nd1Te3Zn1,2.43009096505,2.14366447197,-0.873611442252
Cs1O12Te2V3,-2.89773689223,0.609024790718,0.288634308835
Cs1Pr1Te3Zn1,2.43925896651,2.1380519424,-0.870643324529
Cs1Sm1Te3Zn1,2.37501222632,2.16620143712,-0.903631273542
Cs1Te3Tm1Zn1,2.43405064106,2.12282560469,-0.740852365334
Cs1Te4,1.59813964778,3.37287860106,-0.253707493582
Cs1Te8Ti5,1.88583162638,1.48848035033,0.166766646814
Cs2F4O1Te1,-2.95040103175,1.92810239071,-0.328397655184
Cs2Gd6N2Te7,2.23298506497,1.6514885032,-0.703667967342
Cs2Ge1Te4,2.26048493297,2.61335426112,-0.752811820085
Cs2Ge3Te8Zn1,1.66540908562,2.62849338639,0.177687441133
Cs2I6Te1,0.456932236987,4.30270538321,-0.473400051972
Cs2K2O5Te1,-0.888748197306,0.452054625289,-1.88771342172
Cs2Mn1S6Te2,-0.488245239061,1.64669253584,-0.636270701594
Cs2Mn1Sn1Te4,2.36993631483,2.35351523329,-0.974996340362
Cs2Mn1Te2,3.14254387129,1.5580095318,-2.04260377899
Cs2Mn3Te4,2.44851793287,1.48577914799,-0.997314415197
Cs2Mo2O14P2Te1,-2.9900812706,0.538844056411,-0.0632161224844
Cs2Mo3O12Te1,-2.24929740626,0.36376906496,-0.0275500316124
Cs2O3Te1,-0.800420891071,1.19440491232,-1.50828183163
Cs2O4Te1,-1.51242141535,1.12698345586,-1.20795954691
Cs2O5Te2,-1.76458687522,1.41284274674,-0.74186762111
Cs2O9Te4,-2.53591966252,1.58759301429,-0.128736252707
Cs2Pt1Te2,3.70151776518,2.22439632187,-1.75726372709
Cs2S2Te1,1.10458853494,1.68805108021,-1.95205328297
Cs2S3Te1,0.334839973953,1.69347507339,-1.53743214755
Cs2Te1,4.18358277889,1.66635510752,-3.61053782468
Cs2Te13,1.22879062906,3.61666767157,0.225839696575
Cs2Te2,3.26021023207,2.27582778379,-2.41166984929
Cs2Te3,2.70618670397,2.64151138955,-1.69234906405
Cs3Cu1Hf2Te10,2.50180261725,2.47368836937,-0.33316309169
Cs3Cu20Te13,2.74341212956,0.783202593313,-0.568157867379
Cs3Nb9O32Te4,-2.4507117652,0.44664385151,0.137216862969
Cs4Ge1Te6,2.62402140538,2.49061736026,-1.35603292163
Cs4Mo18Te20,3.14697909097,0.979773398067,0.450326767716
Cs4Si1Te4,3.00552350231,1.82602112026,-1.75287841919
Cs4Te16Zr3,2.01486080446,2.72605158132,-0.185553079682
Cs4Te28,1.18262200171,3.64714130537,0.285783095345
Cs5Hf5Te26,2.1166332342,2.92350062871,0.141895012779
Cs6Ge2Te6,3.05194711598,2.09094911002,-1.78041294186
Cs6Sn2Te6,3.11826391021,2.35493561214,-2.06097701106
Cu1Dy2O14S2Te2,-3.47216154868,0.967418888327,0.394722635627
Cu1Eu1F1Te1,0.262766357766,1.32278906356,-0.0160789425259
Cu1Eu2O14S2Te2,-3.54466119559,0.981491697942,0.302132142287
Cu1F1Sr1Te1,0.175403932333,1.00123663055,-0.166376420546
Cu1Ga1Te2,1.56848804339,1.94120773243,0.169294413995
Cu1Gd2O14S2Te2,-3.45785386357,0.970956298645,0.396243882026
Cu1Ho2O14S2Te2,-3.45688932153,0.950279482868,0.433090028429
Cu1I1Te2,0.822206154242,3.12606639319,0.643346685808
Cu1In1Ta2Te4,2.90019342416,1.89201377154,1.02930243588
Cu1In1Te2,1.85004109447,2.15291373766,0.119410228725
Cu1K1Te1,2.64902376905,0.244580970505,-1.73813731439
Cu1La1O1Te1,0.92538912658,0.894894008527,-0.251156060053
Cu1La1S1Te1,1.49301955909,1.14442908906,-0.265731218012
Cu1Lu6Te2,4.43422338745,0.530405091748,-0.00798199424806
Cu1Mn1O10Te4,-3.09356027177,1.31269752323,0.576343011186
Cu1Na1Te1,2.19577569115,-0.16864518793,-1.5733108129
Cu1Na1Te3Zr1,2.06008568426,1.0194045852,-0.346875767513
Cu1Nb1Te2,2.49091739162,1.18087796876,0.393563401548
Cu1Nd1O1Te1,0.893353794617,0.869585849708,-0.226063179701
Cu1Nd2O14S2Te2,-3.47662392884,0.97106857403,0.346770562072
Cu1O10Te2Tl6,-1.5887158655,1.71760594565,0.0967152215812
Cu1O14S2Sm2Te2,-3.50809749381,0.983946839837,0.329616372757
Cu1O14S2Te2Y2,-3.54768201495,0.841137949757,0.411238939653
Cu1O3Te1,-2.62962972476,0.989300678083,0.41504126324
Cu1O4Te1,-3.15542886415,0.944826351247,0.444863412937
Cu1O5Te2,-3.02836314429,1.31195732965,0.556011089492
Cu1O6Sr2Te1,-2.23236749522,0.471383256487,-0.186567926338
Cu1O6Te1Tl4,-1.26603927475,1.62207678096,0.0114068271043
Cu1O7Sr1Te2,-2.88244369083,0.976413689351,0.252239364254
Cu1S1Sm1Te1,1.37836611904,1.15292637798,-0.285668084597
Cu1Te1,2.10256252968,1.38956961957,0.146641915978
Cu1Te2,1.56507255032,2.2944616839,0.492739302945
Cu1Te3Ti1Tl1,2.05044380465,1.93114400859,0.250966185008
Cu1Te3Tl4,2.56178265657,2.91733558677,-0.13213686119
Cu2Eu1K1Te4,2.19633811609,1.47594575242,-0.601434259656
Cu2Ge1Hg1Te4,1.80855634364,2.24044834974,0.421835742941
Cu2Ge1Te3,1.78378518829,1.77403355971,0.629771707251
Cu2Ge1Te4Zn1,1.64000364801,1.85919217091,0.495859740479
Cu2Hf1Te3,2.59354877461,1.48704013951,0.439960401418
Cu2Hg1Si1Te4,1.70426399925,1.89618469282,0.610626307801
Cu2Hg1Sn1Te4,1.86658353859,2.47143653909,0.176342182388
Cu2K2Te5,1.92938004322,1.53113591788,-0.763780183949
Cu2Li2O6Te1,-2.2541191753,-0.243031594388,-0.551276514093
Cu2Na2O6Te1,-2.00199871011,-0.0710353306989,-0.6419049078
Cu2O8Te3,-2.87500413678,1.18785861751,0.501791925548
Cu2Rb1Ta1Te4,2.69007797139,1.51091902221,-0.00967747878108
Cu2Si1Te4Zn1,1.53571130362,1.51492851398,0.684650305338
Cu2Sn1Te3,1.86115478156,2.08201781218,0.302446959846
Cu2Sn1Te4Zn1,1.69803084296,2.09018036026,0.250366179926
Cu2Te1,2.64005250904,0.484677555224,-0.199455470992
Cu2Te2Tl1,2.44749757425,1.72920838715,-0.0686988109809
Cu2Te3Ti1,2.03174292386,1.1956656701,0.257368097322
Cu2Te3Zr1,2.28222409322,1.34606595677,0.340051903425
Cu3Er1Te3,2.58105593545,1.14315809043,0.0366347009808
Cu3K1Te2,2.64453813904,0.364629262868,-0.968796392692
Cu3Na1Te2,2.41791410009,0.158016183646,-0.886383141945
Cu3Nb1Te4,2.29673996065,1.28522379417,0.270102658762
Cu3O6Te1,-2.30713573714,0.446365439482,0.207382831058
Cu3O7Pb1Te1,-2.12203142536,0.734627000906,0.182629164841
Cu3Ta1Te4,2.56450833572,1.44995566602,0.594780097741
Cu3Te3Tm1,2.54169255918,1.16987627948,-0.0164435363961
Cu3Te4V1,2.0649883719,1.29008661824,0.32918708176
Cu4Na1O12Te2Tl3,-1.80494838213,0.797988068456,-0.085111105271
Cu5K2Te5,2.37579314936,0.817075295044,-0.795747699198
Cu5O18Te3Zn4,-2.54551000447,0.639725008801,0.193378010837
Cu7F2O18Te6,-2.73814016031,1.00622919127,0.465600505696
Cu7Te4,2.54232705825,0.649203385118,-0.136528673355
Dy1Te1,2.84483113168,2.02133677763,-0.0515399314647
Dy1Te2,2.05991828497,2.71563978927,0.360618071329
Dy1Te2Tl1,2.50174815186,2.80867070633,0.037948123788
Dy1Te3,1.66746186163,3.0627912951,0.566697072714
Dy2O13Te5,-3.11739584961,1.48949979353,0.553515330162
Dy2O2Te1,-0.135923437392,1.08520214643,-0.0406290959824
Dy2O9Te3,-2.87074313794,1.33512038407,0.451752985986
Dy2Te1,3.6297439784,1.32703376599,-0.463697934256
Dy2Te3,2.37388342366,2.43791858462,0.195754870208
Dy2Te5,1.83565747164,2.91401207831,0.478377500682
Dy3N1Te3,1.75061525758,1.63238445583,-0.0876128924326
Dy6Fe1Te2,3.90507717108,0.720229278327,-0.568867233019
Dy7Ir2Te2,4.55397123424,0.982954871545,-0.041831957304
Er17Ru6Te3,4.7581222317,-0.0145092012384,-0.109397923395
Er1K1Te2,2.54353695024,1.45694605328,-0.94030905258
Er1Te1,2.97105448081,1.88446736408,0.280762743947
Er1Te2,2.1440671844,2.62439351357,0.582153188266
Er1Te2Tl1,2.56485982643,2.74023599955,0.204099461493
Er1Te3,1.7305735362,2.99435658832,0.732848410419
Er2O11Te4,-2.98613335678,1.3937272335,0.589802053247
Er2O13Te5,-3.09215117978,1.46212591081,0.619975865244
Er2Te3,2.47486210297,2.32842305377,0.461597010536
Er5Ni2Te2,3.73534657739,0.647614289345,0.145760299671
Er6Mn1Te2,4.04046242573,0.54259573805,-0.215213653109
Er6Ru1Te2,4.29093189591,0.559075231056,-0.0745315279044
Er7Ni2Te2,4.04746835787,0.46890058503,0.0059114108158
Eu1Ga2Te4,1.36516611296,2.60943817856,0.125348811713
Eu1In2Te4,1.68694102848,2.85138789883,0.0683383142574
Eu1Te1,2.46420798536,2.09521902809,-0.537640021473
Eu2O2Te1,-0.440421954455,1.14430794679,-0.429509167989
F10Hg1O2Te2,-5.54912313235,2.4724525601,1.3996722185
F14Sb2Te1,-6.04323835864,2.57520692744,1.75538159349
F15I1O3Te3,-5.96250609337,2.56765244011,1.58959596891
F1Fe1O3Te1,-3.58124546218,1.22340669318,0.851313577809
F1Ga1O3Te1,-3.8128049294,1.59648010224,0.678071804351
F1In1O3Te1,-3.62510289534,1.73761743906,0.644815680835
F1In1O5Te2,-3.6477082114,1.77498443123,0.693530720526
F1K1O2Te1,-2.98583865804,1.18591673813,-0.246439771519
F1K1O6Te3,-3.3715187592,1.54799038039,0.319415085625
F1Nd1Te1,-0.649858578577,2.16894000889,0.432012627505
F20Mo1O5Te4,-5.77836938532,2.20573975598,1.56104128199
F20O5Te4W1,-5.69995427781,2.26351472167,1.64156992557
F22O4Te5,-6.05547294999,2.47674815821,1.61800278779
F25O6Re1Te5,-5.8013783333,2.30401511805,1.63131884078
F2O1Te1,-5.11977449608,2.41958751817,1.39603431846
F2O3Te2,-4.50826493069,2.17535790277,1.13671709622
F2O7Te2V2,-3.68205187292,1.06733715535,0.882333729371
F2Te1,-4.89822447442,2.98529845187,1.66338770415
F30Mo1O6Te6,-5.9088174654,2.31072992412,1.60049362682
F30O6Te7,-6.02435789415,2.46137656129,1.60318183815
F3K1O1Te1,-4.05492245733,1.67646308609,0.329842669414
F4K2O1Te1,-3.52249643796,1.30490087006,-0.203253155099
F4N1O3Rb1Te1,-4.73278035553,1.4436179851,0.45459531169
F4Te1,-5.97588788762,2.76150897972,1.7590784296
F5K1Te1,-4.81855374254,2.02685333463,0.74147298438
F5Na1Te1,-5.01280291878,1.84975640959,0.812112913589
F5Rb1Te1,-4.67889041321,2.19942427801,0.710099401231
F5Te1Tl1,-4.80636924186,2.76016187536,1.39542070671
F6I3Sb1Te1,-4.34084325885,3.48892714376,1.53600932442
F6O4S1Te2,-5.47890107204,2.10568108937,1.28439426428
F6Pb1Te1,-5.2091000781,2.78607616757,1.51554608621
F6Te1,-6.43774363613,2.66559920594,1.8000887405
F9K1Te2,-5.300776303,2.33295985343,1.16547525323
Fe1Hf5Te3,4.19367986528,0.806036176982,0.903835106345
Fe1Hf8Te6,3.94641642496,1.15641417795,0.952940012731
Fe1Na1O6Te2,-2.83760688431,0.790115054855,0.11589072396
Fe1Nb1Te2,2.30418210617,1.17290596806,0.676078559769
Fe1Nb4Te4,2.88914103938,0.713388440828,0.595809942768
Fe1O13Te6,-3.46444362091,1.63301958107,0.753483947387
Fe1Sb1Te1,1.66409754177,1.86787127095,0.811106448862
Fe1Sc6Te2,2.5494007689,-0.906674099195,-0.284116872033
Fe1Ta1Te3,2.36979360337,2.02274493194,1.29733356556
Fe1Ta4Te4,3.84120637298,1.29910176301,1.75021861468
Fe1Te1,1.72909195878,1.37362561817,0.711672232422
Fe1Te2,1.31609216971,2.28383234963,0.869426180574
Fe1Te2Zr6,3.63403195589,-0.296141583583,0.469015180017
Fe2O11Te4,-3.27835983255,1.27352917564,0.691192521122
Fe2O5Te1,-2.81198094522,0.625316280696,0.578953207485
Fe2O6Te1,-3.14225245809,0.636109440297,0.580622202365
Fe2O9Te3,-3.18952575877,1.15006005279,0.669813604232
Fe2Rb1Te3,2.02100832997,1.46022476021,-0.282614641766
Fe2Te2Y5,3.21659907942,-0.160345343202,-0.302919423118
Fe3Te3Tl1,2.02882707217,1.61850245236,0.477138810823
Ga1Ge1Te1,1.29039851119,1.98912291934,0.79700744224
Ga1I7Te1,-0.86399156928,4.92576170422,0.894452851628
Ga1In1Te2,1.31596660818,2.70455185053,0.142062726747
Ga1K1O14Te6,-3.30548670613,1.52617683933,0.414386667876
Ga1K1Te2,1.57521648838,1.76113529389,-0.984716968544
Ga1Li1Te2,0.888614790302,1.21472081248,-0.736483051075
Ga1Na1O6Te2,-2.97654256465,1.01395910028,0.0119456598833
Ga1Na1Te2,1.23528042996,1.45121567507,-0.861097092425
Ga1Te1,1.0344135571,2.4928458453,0.191946912017
Ga1Te2Tl1,1.59653936457,3.04442524016,0.159691545528
Ga2Hg1Te4,1.19906949134,3.05071637621,0.221253917854
Ga2K6Te6,2.03926443437,1.00828490471,-1.96704647821
Ga2Mn1Te4,1.11281683425,2.40951593289,0.367330900575
Ga2Mo1O10Te2,-3.2165506903,0.988158064392,0.518458016767
Ga2O11Te4,-3.44181357412,1.53687511144,0.568904210436
Ga2O6Te1,-3.45099841439,1.13354065235,0.349633171075
Ga2O9Te3,-3.38800530211,1.46983726054,0.521320655549
Ga2S2Te1,-0.676048805039,1.86166552942,0.130840126068
Ga2Se2Te1,0.187850969136,2.60873351675,0.184381734046
Ga2Sr1Te4,1.31524472698,2.42569393114,0.0394645385715
Ga2Te3,0.925549363997,2.81512583876,0.390544344991
Ga2Te4Zn1,1.00643783919,2.61499502897,0.305852772185
Ga2Te5,0.801133143299,3.18344583128,0.617512839824
Ga3In1Te5,1.09906813918,2.76598184399,0.280108070221
Ga3Na1Te5,1.06320761554,2.20894354378,-0.165740738311
Ga3Na3O12Te2,-2.82750499697,0.483353072783,-0.397260573982
Gd1K1Te2,2.51798294908,1.53466646215,-1.10246711849
Gd1K1Te4,1.84201949659,2.39119291228,-0.34000005337
Gd1Rb1Te4,2.00496004747,2.59252567955,-0.376602567038
Gd1Te1,2.9199464785,2.03990818181,-0.043553387868
Gd1Te2,2.10999518285,2.7280207254,0.365942433724
Gd1Te2Tl1,2.53930582527,2.81795640842,0.0419413955857
Gd1Te3,1.70501953504,3.07207699719,0.570690344511
Gd1Te6Tl9,2.67096848047,3.27443228398,-0.158311991286
Gd2O2Te1,-0.0758311599366,1.10005926977,-0.0342398611062
Gd2O4Si1Te1,-1.37249690719,0.646596699384,0.56677525486
Gd2O6Te1,-2.61298378266,0.932235024134,0.244966371124
Gd2Te3,2.43397570112,2.45277570796,0.202144105083
Gd3N1O1Te2,0.91864024733,1.16518978865,-0.165190128706
Gd3N1Te3,1.81499984055,1.64830280227,-0.0807672836389
Gd6Ni1Te2,3.97421260636,0.856690125778,-0.470318690875
Ge1Hf1Te1,2.98447031611,1.44854647542,1.35344108243
Ge1Hf1Te4,1.73728145384,2.77639614401,1.26918757967
Ge1Hg1Te4Tl2,1.83660766482,3.34366585747,0.412232874474
Ge1Li1Te2,0.944523264488,1.23977860983,-0.0344408621841
Ge1Mn1Te4Tl2,1.76113658986,2.78261546956,0.540050234353
Ge1Mn2Te4,1.30092794886,2.1103047665,0.802026544952
Ge1Na2O6Te1,-2.76496823273,0.285050157677,-0.327052499316
Ge1Nb3Te6,2.05482797155,1.91275324129,0.940484005606
Ge1O6Sr1Te1,-3.14724585311,0.913403743791,0.432722612908
Ge1O6Te2,-3.5471104182,1.5027663328,0.882315736113
Ge1Rh1Te1,2.2961102069,1.46617633523,1.16867912488
Ge1Sb4Te7,0.947454282627,3.4280706718,1.19513054733
Ge1Te1,1.14623050547,2.54296144,1.5960312898
Ge1Te1Zr1,2.3618209533,1.16659810993,1.15362408644
Ge1Te3Tl2,1.82118694985,3.24499023669,0.616967882631
Ge1Te4Zr1,1.42595677245,2.63542196127,1.16927908168
Ge1Te5Tl2,1.48841336029,3.45980413066,0.758959431192
Ge1Te6Ti1,1.00412985021,2.88982770908,1.1111799759
Ge2K6Te6,2.07121213391,1.02260364605,-1.56587951313
Ge2Na6Te6,1.48846460518,0.491312870912,-1.3539597255
Ge2Sb2Te5,1.01371302357,3.13303426119,1.32876412815
Ge2Te6Tl6,2.10776563595,3.22252926822,0.395963653856
Ge4Na8Te10,1.41672798662,0.849480362366,-0.919448881158
H10K2N2O14Te1,-4.24618332345,-1.43123911884,-1.41485560385
H10K4O20P4Te1,-3.87915276196,-0.973346509194,-1.27627560127
H10K8O32P8Te1,-3.66587481183,-0.602946043621,-1.12844630993
H10Na2O8Te1,-3.88204273842,-2.23416003571,-2.04750462641
H12Cl4O6Te1,-4.49830403889,-1.67230525189,-1.56156540815
H12Cs2O16Te3,-3.86734110977,-1.0760751882,-1.38326148834
H12N4Se3Te1Zn1,-3.30982186886,-2.28992859523,-2.17661155628
H18Br6O8Te1,-4.15691459304,-1.54182011459,-1.71451519738
H18Mn1N6S3Te1,-3.76453148775,-2.98866137391,-2.40113428787
H1F3Na2O5S1Te1,-4.15452906174,0.39394843667,-0.270684597888
H1F4K1O1Te1,-4.4965146894,0.932686727347,-0.00113983297724
H1F4O1Rb1Te1,-4.37430927623,1.0836863028,-0.0285917182298
H1Li3O4Te1,-2.63457633891,-1.19135639423,-1.54158208792
H20Cs4O18Te2,-3.63686683414,-1.76045167804,-2.01789718194
H24Li2N8Te2,-3.68752694816,-3.51163555401,-2.84641661328
H26O40P6Rb6Te3,-3.98427013417,-1.13044542517,-1.37112779775
H2Ba1Mo2O12Te2,-3.17390132321,0.1010011453,0.0472123796504
H2Cu1O20Pb6Te4,-2.96257754381,1.25064368103,0.154196240349
H2F4O3Te2,-4.98572909612,0.91208508399,0.361879119354
H2F5N1Te1,-5.59854466225,0.60953569517,0.290264179027
H2O4Sr1Te1,-3.33239143786,-0.531521468263,-0.88526896321
H2O6Te2,-4.18267617108,0.249700098909,-0.184786527406
H30N6O24P6Te1,-4.54569685627,-1.94940093911,-1.58146868587
H32N4O26P4Te2,-4.54168106227,-1.98020118614,-1.61483457788
H36Au1Na5O28Te2,-4.02160808059,-2.31452428347,-2.03053492025
H36Ce2Mo6O42Te1,-3.96809108769,-1.84383246694,-1.28060721955
H36Eu2Mo6O42Te1,-3.98432525914,-1.84429390799,-1.2878269492
H3As1F11N1Te1,-5.86620688057,0.967323932175,0.682827249901
H3Cl1Fe2O12Te4,-3.58307619292,0.483952362537,0.0990023255581
H40Mo6N2Na4O40Te1,-3.87360694789,-2.11512107479,-1.55841492318
H42N8O32P8Te1,-4.55325292548,-2.03912950297,-1.6423563263
H44Mo6Na6O46Te1,-3.85202940361,-2.11292679792,-1.61505078548
H4Ge1K4O2Te4,-0.602608293381,-0.628696895724,-1.97727511732
H4Na2O7Te2,-3.39647878475,-0.893127522552,-1.27079347001
H6Cl2Cs2O6Te1,-3.33988635821,-0.830423754654,-1.62353883658
H6Cs2O10S1Te1,-3.65542993438,-0.809722464159,-1.38504667596
H6F1Na1O6Te1,-4.24852229006,-1.50392884882,-1.44710385976
H6F2K2O6Te1,-3.89520746335,-1.23169563605,-1.51800697989
H6Ga2O12Te3,-3.8733281085,-0.321459609436,-0.620187979441
H6K1Na1O6Te1,-3.49290033972,-1.80201025542,-1.94112454594
H6K2O10Se1Te1,-3.77628062509,-0.965619574001,-1.32829617493
H6K3Na3O24P6Te1,-3.72317140304,-0.507876097642,-0.984137055453
H6Na2O10S1Te1,-4.02024252023,-1.18297091995,-1.28554092548
H6O10Rb2S1Te1,-3.78650376633,-0.938203412055,-1.35695038413
H6O10Rb2Se1Te1,-3.67851629455,-0.844819913639,-1.35025768313
H6O10Se1Te1Tl2,-3.76775147461,-0.452303595496,-0.870532769296
H6O6Te1,-4.50135795058,-1.6692063616,-1.43045816489
H7Cl5Cu6O13Pb3Te1,-2.75420262716,-0.0573958711487,-0.502192185196
H8Cs3O16P3Te1,-3.68667982929,-0.701774377761,-1.28670910506
H8N4Te1Zn1,-3.51735714318,-2.76863268895,-2.29673346699
H9F3N2O5S1Te1,-4.80020190073,-1.42362168676,-1.20128010157
Hf1O8Te3,-3.17868073135,1.4460076434,0.764571349141
Hf1Si1Te1,2.70635739774,0.53051005695,1.85688258872
Hf1Te2,2.54704504019,2.48940272381,1.07937627383
Hf1Te3,2.03280692803,2.893113496,1.10576572459
Hf1Te4Tl4,2.65891903485,3.11419484737,0.209750011113
Hf1Te5,1.51856881587,3.29682426818,1.13215517536
Hf2Te1,4.60399748876,0.874559635032,0.973818470756
Hf3Te2,4.19260699905,1.19752825279,0.994930031377
Hf5Te4,3.91834667257,1.41284066463,1.00900440512
Hf8Mn1Te6,3.92666889845,1.15932958464,0.89929002034
Hg1In2Te4,1.52084440685,3.29266609646,0.164243420406
Hg1O3Te1,-2.71750681275,1.8893499182,0.275595636862
Hg1Rb2Sn1Te4,2.11772280992,2.59336325146,-1.03257297065
Hg1Sn1Te4Tl2,1.89463485977,3.57465404682,0.166739313921
Hg1Te1,1.88286980971,3.63969271985,-0.201972149981
Hg2O3Te1,-1.71864783932,2.10364820302,-0.035150032087
Hg2O5Te1,-2.73509201975,1.75834983154,0.122131016287
Hg3I2Te2,1.14204859981,4.1393816498,-0.0294899011434
Hg3O10Se1Te2,-3.02445454621,1.78417016782,0.263281386683
Hg3O6Te1,-2.43895136913,1.79643929965,-0.00178560851777
Hg3Rb2Te4,2.35849895067,2.69640029819,-1.27572450413
Hg3Te4Tl2,2.16019855054,3.56865878296,-0.209669140067
Hg5Rb4Te13,1.89217259282,2.99460430923,-0.702249650604
Ho1Te1,2.92501032422,1.93135489898,0.149888880745
Ho1Te2Tl1,2.54183774813,2.763679767,0.138662529892
Ho1Te3,1.7075514579,3.01780035578,0.667411478817
Ho2O11Te4,-2.99696727597,1.40475959465,0.559008203078
Ho2O13Te5,-3.1013600111,1.4715034178,0.593801092604
Ho2Te3,2.43802677769,2.3659330817,0.356897919972
Ho2Te5,1.88147415308,2.86259386194,0.593479679089
Ho6Mn1Te2,3.97907021694,0.605112451258,-0.389712137381
I10Ir2Te16,0.23193077917,4.46113414195,1.28916826674
I12Nb2Se4Te4,-0.44527526331,4.26822105363,0.94327017787
I12Ru2Te14,-0.00582902878967,4.37786112679,1.1118107981
I14Re6Te14,0.931169452275,3.95981367529,1.52208687137
I1In1Te1,0.596215428176,3.81779874418,0.426508639112
I1Nb1Te4,0.970404874659,3.31299843245,0.988490139875
I1Pd1Te1,1.07644107554,2.91671228498,0.0887653127455
I1Sb1Te1,0.205936088451,4.19382963671,1.09669259768
I1Ta1Te4,1.32742937475,3.53264092825,1.42139339185
I1Te1,-0.458150221196,4.86256316681,1.14005145564
I1Te2,-0.142069283604,4.6097907154,1.15501232938
I2La2Te1,1.64780370793,3.10039420209,-0.0816985443005
I2Pd1Te1,0.455732548152,3.592754344,0.340366193164
I3Lu3Na2O12Te4,-2.05421262591,1.43016925833,0.181311344916
I4Te1,-1.02709590886,5.31755357936,1.11312188289
I4Te4,-0.458150221196,4.86256316681,1.14005145564
I6K2Te1,-0.0515970129732,3.74874847597,-0.362160496329
I6Nb2Te2,0.307873081037,3.76140283982,0.913295255479
I6Rb2Te1,0.16565705488,4.01719216566,-0.41096384789
I6Te1Tl2,-0.0326433452535,4.88945065043,0.655091516176
I7In1Te1,-0.738856879925,5.01985326209,0.872282102622
I7Nb3Te1,0.586427009123,3.36098090273,0.830838455419
I7Ta3Te1,1.17064891838,3.72039589589,1.53922559501
I8Pt1Ta4Te16,1.0930855433,3.76846809782,1.3570509484
In1K1O6Te2,-2.72794692085,1.22260934991,-0.0574559646763
In1K1Te2,1.85676953946,1.97284129912,-1.03460115381
In1Li1Te2,1.17016784138,1.42642681771,-0.786367236344
In1Mo3Te3,2.93574536925,0.988618368267,0.823178314971
In1Na1O6Te2,-2.86392134422,1.09864150238,-0.00800801422884
In1Na1Te2,1.51683348103,1.66292168029,-0.910981277694
In1Na5Te4,1.65763271635,0.171987913464,-2.13269220395
In1Nb1O8Te2,-3.11015105523,1.12971050702,0.518093345712
In1Rb1Te2,2.10118036579,2.27484045003,-1.08950492432
In1Si1Te3,1.02865083319,2.45371502973,1.21433565166
In1Te1,1.59751965925,2.91625785575,0.0921785414766
In1Te2Tl1,1.87809241565,3.25613124538,0.109807360259
In2Mn1Te4,1.43459174977,2.65146565315,0.310320403117
In2Mo1O10Te2,-3.06638906305,1.10106793384,0.491853117952
In2O6Te1,-3.20072903564,1.32172376811,0.305291673052
In2O9Te3,-3.22711784435,1.59081212068,0.492815406822
In2Sr1Te4,1.63701964251,2.6676436514,-0.01754595888
In2Te1,1.96666201514,2.52026187014,-0.272073303658
In2Te3,1.37603424572,3.15385544712,0.310729648559
In2Te4Zn1,1.32821275471,2.85694474923,0.248842274734
In2Te5,1.12290805883,3.42539555155,0.560502342371
In4Te3,1.75572352606,2.74654529049,-0.063929392156
In6O12Te1,-2.77333272523,1.21806956901,0.121534844739
Ir1Nb1Te4,2.26451293789,2.62910315918,1.32146849203
Ir1P1Te1,1.40325377571,2.03215373055,1.26761678531
Ir1Sb1Te1,2.79415221492,2.82603909018,1.76264930199
Ir1Ta1Te4,2.62153743798,2.84874565501,1.75437174401
Ir1Te1,3.42417396853,2.81087734702,2.13898651211
Ir1Te2,2.44614684287,3.24200016886,1.82096903371
K1La1Te2,2.50074685973,1.56026934386,-1.25742746373
K1Li1Te1,1.74252609826,-0.724068256092,-2.94584060115
K1Mn1Te2,1.84850246477,1.21245795535,-0.926041779785
K1Na1Te1,2.20474695114,-0.408741772652,-3.11199265629
K1Nd1Te2,2.46871152777,1.53496118503,-1.23233458337
K1Nd1Te4,1.80917188237,2.39138939421,-0.426578363297
K1Nd3Te8,1.92673591841,2.55990154173,-0.116896274706
K1O12Ta3Te2,-2.35884258629,0.683694294296,0.670568219055
K1O6Te2Y1,-2.55778111595,0.911030148782,-0.068857540037
K1Pr1Te2,2.48246352995,1.52654239068,-1.22788240679
K1Pr1Te4,1.81833988383,2.38577686463,-0.423610245572
K1Sm1Te2,2.38609341968,1.56876663277,-1.27736433031
K1Ta1Te3,2.52456458772,1.88506458167,0.148112332948
K1Te2Y1,2.28218405171,1.19389329631,-1.06310509222
K2Mn1Te2,2.22719122137,0.560887098757,-1.84237257885
K2O12Te1W3,-2.11148649373,0.375665439793,0.43071296419
K2O3Te1,-1.56321476601,0.363469551445,-1.34142249817
K2O5Te2,-2.27311612518,0.858885839489,-0.630628065471
K2O9Te4,-2.84103721251,1.25521886993,-0.0619925193255
K2Pd1Te2,2.52194026953,0.628541898255,-2.13186607389
K2Pt1Te2,2.78616511526,1.22727388883,-1.55703252694
K2Se3Te1,0.651920816735,1.79637469668,-1.30364580412
K2Sn1Te5,1.52511767906,2.40750237373,-0.630942643434
K2Te1,2.65799502903,0.00448438578587,-3.27681915778
K2Te2,2.11601941967,1.02942474249,-2.16138084911
K2Te3Zr1,2.2911953532,1.10596937205,-1.19862993996
K3Li1Na2O6Te1,-1.32543634984,-0.65372451744,-2.02426930203
K3Li3O6Te1,-1.53876905116,-0.799259817482,-1.94758373813
K3Sb1Te3,2.03288931796,1.29041586164,-1.70833003041
K4Na2O6Te1,-1.1141742889,-0.485596984698,-2.10064896894
K4P8Te4,-0.261283595153,0.752065620045,-1.31825175869
K4Se2Sn1Te2,1.72291659578,1.11477987912,-2.03096442547
K4Sn2Te6,1.87012604154,1.84192122746,-1.23623488353
K6Mn1Te4,2.46217511645,0.257394709866,-2.62479798552
K6Si2Te6,1.95202088318,0.629159466702,-1.35011886758
K6Sn2Te6,2.13752892815,1.28659014817,-1.84644358234
La1Mg1Na1O6Te1,-2.51192580593,0.161102691183,-0.445776147492
La1Nb1O6Te1,-2.62968298348,0.706342557372,0.328103612131
La1Sb1Te1,2.43501910244,2.34619682232,0.101008908353
La1Te1,2.8854742998,2.09111394523,-0.353474078345
La1Te2,2.08701373038,2.76215790101,0.15932864007
La1Te3,1.68778344569,3.0976798789,0.415729999272
La2Mo1O12Te3,-2.88459855078,1.04247770069,0.442670482762
La2O2Te1,-0.1034089029,1.14102388051,-0.282176413487
La2O6Te1,-2.62830475097,0.954993141208,0.107223842024
La2Te5,1.85888213913,2.95388474552,0.305843702468
La3Te4,2.54327691291,2.378704212,-0.13370148474
La4N2Te3,1.44048242585,1.24688964438,-0.513425335571
Li1Mn1Te2,1.16190076668,0.666043473935,-0.677807862314
Li1Na1Te1,1.28927802035,-1.13729441453,-2.78101409965
Li1O12Te2V3,-3.17744735986,0.349110123593,0.371607290521
Li1O5Te1V1,-3.00275644409,0.170561820093,0.0260944825111
Li1Te2Ti1,1.31645986786,0.372226775422,-0.593046277078
Li1Te3,0.616454307543,2.02042079612,-0.239989468637
Li2O3Te1,-2.4786836968,-0.36508309043,-1.01044394154
Li2O4Te1,-2.95093239168,-0.209720546501,-0.781241355404
Li2O5Te2,-2.88342874569,0.37318407825,-0.40997569439
Li2O6Sn1Te1,-2.99587898849,0.280644819089,-0.423756114678
Li2O6Te1Zr1,-2.74323740149,-0.160926294153,-0.40119314853
Li2Se3Te1,-0.263548114049,1.0678220548,-0.972667247488
Li2Te1,0.827057167477,-1.45262089798,-2.61486204452
Li4O5Te1,-2.4449872392,-0.920769761495,-1.39042355369
Li6O6Te1,-2.17255523402,-1.30364241572,-1.71844473738
Li8N2Te1,-0.106813794472,-2.83153156029,-3.23102255285
Lu11Te4,4.43447714884,0.836608533507,0.126531149086
Lu1Te1,3.1794456988,1.87631130412,0.463295717021
Lu1Te2Tl1,2.66905543542,2.73615796957,0.295365948031
Lu1Te3,1.83476914519,2.99027855834,0.824114896956
Lu2O11Te4,-2.93710012902,1.39180816057,0.632750988088
Lu2O13Te5,-3.05047293619,1.46049469882,0.656482459859
Lu2O9Te3,-2.77513897592,1.2936845345,0.598848885558
Lu2Te3,2.64157507736,2.32189820581,0.607623388995
Lu7Ni2Te2,4.3126935444,0.458520145087,0.238226103823
Lu7Pd2Te2,4.57754765121,0.345195476134,-0.315104026571
Lu7Te1,5.19646052921,0.205360422786,-0.0779330528812
Lu8Te1,5.2711647822,0.143473353096,-0.0979785628774
Mg1Mo1O6Te1,-3.03599833928,0.271617783406,0.390742002066
Mg1O5Te2,-3.31347486609,1.02498884154,0.379787118093
Mg1O6Pb2Te1,-2.5999506425,1.20769494347,0.149483204153
Mg1O6Sr2Te1,-2.46045687266,0.241808466002,-0.327547103454
Mg1Te1,0.962115642484,0.241695667142,-0.558253969609
Mg1Te2,0.804774625514,1.52921238228,0.0228087125581
Mg3O6Te1,-2.99140386946,-0.24235893197,-0.215554700293
Mn1Mo1O6Te1,-2.89847170211,0.528016783641,0.583531170775
Mn1Na1Te2,1.50856640634,0.902538336517,-0.802421903665
Mn1Na6Te4,1.72049644352,-0.418793549389,-2.35508189217
Mn1O13Te6,-3.4792542658,1.63520613608,0.713246453099
Mn1O5Te2,-3.15875739924,1.31343771681,0.596674932879
Mn1O7Te1V2,-2.77273840878,0.327838562537,0.537621442875
Mn1Pd1Te1,2.43586489624,0.605330952575,-0.465070797986
Mn1Rb1Te2,2.0929132911,1.51445710625,-0.980945550287
Mn1Rb2Te2,2.6182485435,1.04408574021,-1.93021861165
Mn1Sn1Te4Tl2,1.81916378481,3.01360365891,0.294556673799
Mn1Te1,1.58098550987,1.39549116821,0.309297289537
Mn1Te2,1.2173545371,2.298409383,0.601176218661
Mn2Ni6O18Pb1Te3,-2.592688205,0.806986249837,0.627148603704
Mn2O10Te4,-3.15875739924,1.31343771681,0.596674932879
Mn2O8Te3,-3.03548937365,1.18968063248,0.551839732803
Mn2Sn1Te4,1.3672447431,2.37429126861,0.521462475749
Mn2Te4Zn1,1.31876466936,1.98793521349,0.372910130759
Mn3O14P2Pb3Te1,-2.93822498758,0.961586048503,0.235763088054
Mn3O6Te1,-2.62008194903,0.449918368667,0.304976055195
Mo1Na2O12Te4,-3.01210470055,0.849617403338,0.153175510143
Mo1Nd2O14Te4,-3.01227681429,1.14815659945,0.501985434868
Mo1Ni3O10Te2,-2.70868444719,0.750272988217,0.779217311853
Mo1O12Te3Y2,-2.98173757657,0.879643901774,0.529035981209
Mo1O14Pr2Te4,-3.00703795633,1.1449494397,0.503681502143
Mo1O6Te1Zn1,-2.98121092045,0.687833858373,0.535714848681
Mo1O7Te1Zn2,-2.78982703477,0.639822694437,0.401701945726
Mo1O7Te2,-3.40524557165,1.08921150586,0.759702827304
Mo1Te2,2.14617207029,1.94497734631,1.14640304771
Mo2Ni3O11Te1,-2.59736101648,0.367589242935,0.761521062573
Mo2O14P2Rb2Te1,-3.11491349149,0.416481248891,-0.0364577493103
Mo2O14P2Te1Tl2,-3.19989937727,0.790306313793,0.420423121014
Mo3Na2O16Te3,-2.91421325378,0.424216022778,0.259999135007
Mo3Te3Tl1,3.09607265863,1.18283173377,0.833251925703
Mo5O16Te1,-2.94404751122,0.172532879768,0.728873891202
N1Te3Y3,1.41077315935,1.06412023227,-0.0132895243212
N2Nd4Te3,1.38353072458,1.20189736204,-0.468815770497
N2Pr4Te3,1.40797872846,1.18693061651,-0.460900789898
Na1Nb3O16Te4,-3.01678603541,0.758815182952,0.396592237977
Na1O10Te4Y1,-3.06844177839,1.18555834413,0.28447930647
Na1O5Te1V1,-2.82942362427,0.288809251384,-0.0362125381643
Na1Pr1Te2,2.14252747153,1.21662277185,-1.10426253067
Na1Sm1Te2,2.04615736126,1.25884701394,-1.15374445419
Na1Te3,0.963119947199,2.2569156587,-0.364603509988
Na2O12Te4W1,-2.88829137293,0.940841033375,0.280326000039
Na2O3Te1,-2.01646284391,-0.0497566069895,-1.17659599668
Na2O4Te1,-2.55474308922,0.06055929645,-0.923657402659
Na2O6Sn1Te1,-2.71854647676,0.469840709154,-0.523447347757
Na2O7Te2,-3.15876206509,0.608684094455,-0.318067750697
Na2O9Te1W2,-2.22741113746,0.196826244974,0.248190684489
Na2O9Te3Zn2,-2.62316802006,0.780928792418,-0.194952228179
Na2O9Te4,-3.02233644367,1.08992840656,0.00393808127235
Na2Se3Te1,0.19867273883,1.38314853824,-1.13881930263
Na2Te1,1.75149887323,-0.821967931095,-2.94716615479
Na2Te2,1.43614730282,0.40958550483,-1.91414109687
Na3Sb1Te3,1.45014178924,0.759125086501,-1.49641024278
Na4O10Te4,-2.57528151044,0.583401733875,-0.520743731151
Na4O5Te1,-1.89032221575,-0.542377981359,-1.58980601985
Na4Si2Te5,1.26503003116,0.348733225016,-0.644844423179
Na4Sn1Te4,1.52841826685,0.678474068993,-1.69666097296
Na6Si2Te6,1.36927335444,0.0978686915596,-1.13819907994
Nb1O8Te2Y1,-2.96834621781,0.870061172753,0.50859203291
Nb1Os1Te4,2.35216741362,2.50853984525,1.40544016635
Nb1Te2,2.0828790329,2.01620614949,0.821967950375
Nb1Te4,1.44576445637,2.85142201473,0.967154400982
Nb2Ni2Te4,2.23439079506,1.42422866226,0.873853148811
Nb2O11Te3,-3.22634303536,0.996249560779,0.642536837557
Nb2O13Te4,-3.30001289981,1.13100780102,0.665972200047
Nb3Sb2Te5,2.132403612,1.9754334686,0.823272723997
Nb3Si1Te6,1.97139409604,1.63734231575,1.0915164575
Nb3Te1,4.07386208455,-0.593843429345,0.36826029223
Nb3Te4,2.53796087328,1.41962338862,0.718263342794
Nb4Si1Te4,2.66691196586,0.667228706203,0.960148013175
Nb5Te4,3.14473666045,0.624179707453,0.579990532683
Nd1Rb1Te2,2.7131223541,1.83696033594,-1.28723835388
Nd1Rb1Te4,1.97211243327,2.59272216149,-0.463180876961
Nd1Sb1Te1,2.3923053265,2.31245261056,0.134466082153
Nd1Se1Te2,1.19468661694,2.94337651883,0.311971247784
Nd1Te1,2.82140363587,2.04049762759,-0.303288317639
Nd1Te2,2.04429995443,2.72841368925,0.192785813872
Nd1Te2Tl1,2.49003440396,2.81825113131,-0.0879260692998
Nd1Te3,1.65574811373,3.07237172008,0.440822879625
Nd2O11Te4,-3.02134532028,1.43044023669,0.452378274047
Nd2O13Te2W2,-2.54159664446,0.856488452718,0.709416390648
Nd2O2Te1,-0.154665434042,1.1005308264,-0.242027804924
Nd2O4Si1Te1,-1.42176832851,0.646891422273,0.436907789974
Nd2S2Te1,0.753543257976,1.49978695525,-0.265348057657
Nd2Te3,2.35514142701,2.45324726459,-0.00564383873491
Nd2Te5,1.82227033118,2.92496113543,0.334521280014
Ni1O10Te2V2,-3.15641706232,0.722626255226,0.698436044977
Ni1O13Te6,-3.47840188313,1.68328411991,0.793038865192
Ni1O5Te2,-3.15662644257,1.4336326764,0.796155963123
Ni1O6Sr2Te1,-2.33497813384,0.568723533885,0.00554797256806
Ni1Pd1Te1,2.44154744737,0.925850844805,0.0668786159868
Ni1Pd2Te2,2.39207172054,1.18136177367,-0.125647409625
Ni1Sc6Te2,2.5183824084,-0.794975124005,-0.196217054678
Ni1Ta4Te4,3.81018801248,1.41080073819,1.83811843204
Ni1Te1,1.58950933657,1.87627100656,1.10722141051
Ni1Te2,1.22303708823,2.61892927522,1.13312563264
Ni2O8Te3,-3.03286665772,1.33761289043,0.797354846936
Ni2Sb1Te2,1.5784292108,2.07228932055,1.08777210476
Ni2Sc5Te2,2.46536807653,-0.556061399092,0.0138270722574
Ni2Se1Ta1Te1,2.38487805505,1.2294170039,1.32138686477
Ni2Ta1Te2,2.75372725247,1.3326131649,1.42446817024
Ni2Ta1Te3,2.37645480898,1.79455193951,1.38454582135
Ni2Ta2Te4,2.76992754521,1.75369240598,1.52320802677
Ni3O6Te1,-2.61496765301,0.738386271678,0.783730527776
Ni3Te2,1.80939268556,1.43067604535,1.09167887723
O10Pb1Si1Te1Zn4,-2.66387156913,0.805066851784,0.363478272507
O11P2Te3,-4.21472285105,1.32557202006,0.571142041861
O11Pb1Te5,-3.39922366973,1.8880968147,0.704831392125
O11Pr2Te4,-3.01487378986,1.4264784511,0.454473415975
O11Sm2Te4,-3.06022442997,1.44634868267,0.431187804901
O11Sr3Te4,-2.74453770962,1.15355181518,0.149402221528
O11Te4Yb2,-3.11248503303,1.46222877914,0.394622301924
O12Rb2Te1W3,-2.00285945981,0.509887284639,0.40631128841
O12Te1Tl6,-2.41892503295,1.64738332434,0.143802826363
O13Sc2Te5,-3.32074730994,1.2454642869,0.596227884311
O13Te5Tm2,-3.11970554317,1.48082864315,0.582821099081
O13Te5Y2,-3.1966923392,1.35690480803,0.570857449389
O13Te5Yb2,-3.1995501046,1.5203522246,0.454073076622
O13Te6Zn1,-3.51648691407,1.70712381971,0.691729108163
O14P2Pb3Te1Zn3,-3.03535363523,1.1491973971,0.179630883868
O18Te4V4,-3.40390441964,0.805280223914,0.681004443784
O26P4Te8,-4.13233274459,1.40833197726,0.605850266811
O2Pr2Te1,-0.132662230545,1.08706075542,-0.234904322385
O2Sm2Te1,-0.286854406981,1.15461954277,-0.314075400024
O2Te1,-3.6929188435,1.84971841558,0.790960799906
O3Pb1Te1,-2.69435525268,1.98020497256,0.498120813455
O3Rb2Te1,-1.23733366423,0.766135085991,-1.41462752551
O3Sr1Te1,-2.55486148284,1.01431849509,0.0210905058433
O3Te1,-4.21579527289,1.56790249096,0.741714140285
O3Te1Tl2,-1.53478426443,2.07452281313,0.184455520589
O3Te1Zn1,-2.98719112575,1.27934003206,0.39403403292
O4Pr2Si1Te1,-1.40801632632,0.638472627913,0.441359966561
O4Si1Sm2Te1,-1.50438643659,0.680696870005,0.391878043037
O4Sr1Te1,-3.09312199588,0.965674532102,0.116571115115
O4Te1V1,-3.20552774119,0.812182349492,0.688256967322
O5Pb2Te1,-2.70615256967,1.87191864949,0.400287487032
O5Te1Tl1V1,-2.64879415696,1.08541403393,0.474181780811
O5Te2Tl2,-2.25416245745,1.99958801396,0.386623947026
O6Rb1Te2Y1,-2.46001678541,1.03182980915,-0.0908190482377
O6Sc2Te1,-3.09826051531,0.381679940881,0.336333583192
O6Te1Tl2,-2.95133102997,1.62383344779,0.320961734193
O6Te1Tl6,-0.865617558441,2.07427345077,-0.0639685590321
O6Te1Y2,-2.82258280254,0.629325543394,0.279954838921
O6Te1Yb2,-2.82893339235,0.992542024668,0.020434010551
O6Te1Zn3,-2.84347783863,0.881424470452,0.175871985576
O7Pr2Te2,-2.64503103331,1.19562028866,0.270934842918
O7S1Te2,-4.30246895752,1.4986269684,0.706336081326
O7Te3Tl2,-2.61385155397,1.96212061436,0.487708160246
O8Pb2Te3,-2.92479300441,1.95009269018,0.565699271868
O8Sc1Te2V1,-3.22622641927,0.780435954511,0.569123677339
O8Se1Te3,-3.8466060091,1.80672001517,0.748010255954
O8Se2Te2,-4.0002931747,1.76372161474,0.705059712008
O8Sn1Te3,-3.54487772788,1.74349647972,0.695814628351
O8Sr1Te1V2,-2.90562931737,0.370160407731,0.351062124914
O8Te2V1Y1,-3.12284727698,0.873303055462,0.547981648238
O8Te3Ti1,-3.45958365673,1.30032040869,0.673275197092
O8Te3Zn2,-3.15005136831,1.41096581287,0.485632517608
O8Te3Zr1,-3.33434307206,1.37552055203,0.714617100147
O9P2Te2,-4.33513916049,1.20461515955,0.520414636158
O9Rb6Te2,-1.33894697339,0.569775631479,-1.5675429139
O9Sb2Te2,-3.69318603468,1.57102378708,0.748891182315
O9Ta2Te2,-2.789110618,1.00204212888,1.00788815576
O9Te2V2,-3.40390441964,0.805280223914,0.681004443784
Os1Sb1Te1,2.96946116635,2.58491246231,1.93059265063
Os1Sc6Te2,2.98452197709,-0.66766036874,0.0890451952153
Os1Ta1Te4,2.70919191369,2.72818234106,1.83834341833
Os1Te2,2.62145579431,3.00087354099,1.98891238234
P1Te2Ti2,0.984365647775,0.741227516466,0.288031834354
P1Te2Zr2,1.58552045423,1.10218820447,0.486472969
Pb1Sb2Te4,1.20285608714,3.67987475748,0.897633368178
Pb1Te1,1.94074870987,3.86683035576,0.354340791509
Pb1Te3Tl4,2.52132920162,3.53665077082,-0.0802121423062
Pb2Pd3Te2,2.88569512092,1.79176471242,-0.660579679002
Pb3Te1Zr5,3.84770181344,0.784649750934,0.122247221557
Pd10Te3,3.3020395742,0.197141742376,-1.27563596151
Pd13Te3,3.46021159197,-0.0226328615655,-1.41404302616
Pd1Rb2Te2,2.91299759167,1.11174053971,-2.21971210669
Pd1Sb1Te1,2.05660832277,1.99520630348,0.0603673285424
Pd1Sc6Te2,2.68023769589,-0.864229088358,-0.534363245475
Pd1Sn1Te1,2.3007674132,1.9862796387,-0.261897625961
Pd1Te1,2.31785813028,1.56462816695,-0.414436448064
Pd1Te2,1.70860295072,2.41116738215,0.118687060242
Pd1Te2Y6,3.50727083419,-0.121292280812,-0.703499478284
Pd20Te7,3.19789338966,0.341849300543,-1.18450373786
Pd3Ta2Te5,2.97085317971,1.59122242234,0.527015988374
Pd3Ta3Te14,2.07649820187,2.60042091674,0.931401089247
Pd3Ta4Te16,2.1704673103,2.58151703296,1.03005848469
Pd3Te2,2.68341123802,1.05670463782,-0.734310553055
Pd4Te1,3.4145174535,0.0408575795724,-1.37405876304
Pd9Te4,3.02084487593,0.587852149403,-1.02957895765
Pr1Rb1Te4,1.98128043472,2.58710963191,-0.460212759234
Pr1Sb1Te1,2.41064132941,2.30122755142,0.140402317603
Pr1Te1,2.84890764024,2.02366003887,-0.294383964467
Pr1Te2,2.06263595735,2.7171886301,0.198722049324
Pr1Te2Tl1,2.50378640614,2.80983233695,-0.0834738927133
Pr1Te3,1.66950011591,3.06395292572,0.445275056213
Pr2Te5,1.8379869051,2.91533965616,0.339609481827
Pr3Te4,2.51193406185,2.32088657797,-0.0830528156963
Pt1Rb2Te2,3.1772224374,1.71047253028,-1.64487855974
Pt1Si1Te1,2.30829005116,1.45016136626,1.85424928673
Pt1Ta1Te5,2.18968711024,3.0996973336,1.35406947933
Pt1Te1,2.9784202446,3.06145814339,1.02264741931
Pt1Te2,2.14897769359,3.40905403312,1.07674297184
Pt2Te3,2.48075471399,3.27001567722,1.05510475082
Pt3Te4,2.6229448656,3.21042781042,1.04583122754
Rb1Sc5Te8,1.74790040202,1.39192358275,-0.0394485881291
Rb1Sm1Te2,2.63050424602,1.87076578368,-1.33226810081
Rb1Te2Y1,2.52659487805,1.49589244722,-1.11800886272
Rb2Se4Te1,0.644665445071,2.39750091356,-1.08451106274
Rb2Te1,3.3097572326,0.809815454878,-3.42322921245
Rb2Te2,2.60484107234,1.6334230443,-2.27118839011
Rb2Te3,2.18189137619,2.12758759795,-1.57996389671
Rb2Te3Zr1,2.61707645499,1.5086349066,-1.2718349673
Rb2Te5,1.69852029487,2.69234708785,-0.789993047101
Rb4Te16Zr3,1.78690631412,2.50260645455,-0.136689963439
Re1Te2,2.79828214833,2.65182477999,1.89159565508
Re2Te5,2.46854078309,2.85931349894,1.79064400106
Re4S4Te4,1.46361700748,1.85727452222,1.67517547264
Re6Te15,2.46854078309,2.85931349894,1.79064400106
Rh1Sc6Te2,2.73026502264,-0.832274021215,-0.275720826793
Rh1Ta1Te4,2.32780648203,2.48126186237,1.29119438529
Rh1Te1,2.54298110067,1.70842596913,0.749454435968
Rh1Te2,1.85868493097,2.50703258362,0.894614316286
Rh1Te2Y6,3.55729816095,-0.0893372136611,-0.444857059607
Rh3Te2,2.95355880249,1.22926200045,0.66235850778
Ru1Sb1Te1,2.3167683197,1.93188678332,0.964902862561
Ru1Ta1Te4,2.38284549037,2.40166950156,1.35549852428
Ru1Te2,1.96876294765,2.34784786201,1.02322259426
Sb1Sm1Te1,2.28214784905,2.35752654087,0.0744264195696
Sb1Te2Tl1,1.58538291085,3.53815441478,0.612445329181
Sb2Se1Te2,0.538849840619,3.50189635715,1.01186909336
Sb2Se2Te1,0.170000643189,3.39870019615,0.90878778789
Sb2Sn1Te4,1.04216768012,3.56561299793,0.971838012767
Sb2Te1,1.18610333569,3.2723236552,1.06829461347
Sb2Te2,1.01210064967,3.48030419455,1.09745447932
Sb2Te3,0.907699038048,3.60509251815,1.11495039884
Sb48Te9,1.36926405783,3.05339677168,1.03760001782
Sb8Te3,1.24937703971,3.19669436817,1.05769102588
Sc1Te1,1.82807383004,0.801159244478,0.162022839275
Sc1Te2Tl1,1.99336950104,2.19858193975,0.144729509158
Sc2Sr1Te4,1.76876488295,1.45901587352,0.0223650684256
Sc2Te1,2.27406757619,-0.299869611553,-0.178947573267
Sc8Te3,2.43624712024,-0.700243741021,-0.302936814187
Si1Ta4Te4,3.61897729945,1.25294202837,2.11455668509
Si1Te1Zr1,2.08370803493,0.248561691457,1.65706559274
Si1Te2,0.649404949139,2.14535314571,1.96244039178
Sm1Te1,2.6561674197,2.10810852305,-0.393347811517
Sm1Te2,1.93414247699,2.77348761956,0.13274615129
Sm1Te2Tl1,2.40741629587,2.85205657904,-0.132955816238
Sm1Te3,1.57313000563,3.10617716781,0.395793132688
Sm1Te6Tl9,2.63799609812,3.28295732664,-0.202036294241
Sm2Te3,2.22295245407,2.50733598095,-0.077691433835
Sm2Te5,1.72784963621,2.96359593283,0.283058712086
Sn1Te1,1.3783392853,3.46691419739,0.614057047586
Sn1Te1Zr1,2.51656013986,1.78256661485,0.498974591638
Sn1Te3Tl2,1.89855654312,3.55297448915,0.289643135231
Sn1Te3Tl4,2.38072684547,3.43667173123,-0.0152830782871
Sn1Te5Tl2,1.54644055524,3.69079232,0.51346587064
Sr1Te1,2.28948313449,1.45211416207,-0.838234977514
Ta1Te2,2.79692803309,2.45549114113,1.68777445431
Ta1Te4,1.87419385649,3.11499300971,1.48663830335
Ta21Te13,4.76452296849,1.04920039196,2.11666771743
Ta2Te3,3.25829512139,2.12574020685,1.7883425298
Ta3Te12,1.87419385649,3.11499300971,1.48663830335
Ta97Te60,4.76581942903,1.04827377825,2.11695031786
Te1Ti1,1.89010371221,0.807857771181,0.478820460009
Te1Tl1,2.15866517205,3.59600463502,0.12743617904
Te1Tl2,2.7148560322,3.42659090918,-0.225063120247
Te1Tm1,2.8332826639,1.97798102575,0.0949889131217
Te1V1,1.95226589854,0.991637614251,0.876822579112
Te1Y1,2.44834868376,1.35836185013,0.0351706646721
Te1Yb1,2.43405985671,2.17559893302,-0.548751199171
Te1Zn1,1.2086590272,2.11466800451,0.0941238401718
Te1Zr1,2.64154722027,1.25905863119,0.726871878317
Te1Zr2,3.35869876318,0.310662904055,0.574184478797
Te1Zr3,3.71727453462,-0.163534959504,0.497840779031
Te2Ti1,1.42343333868,1.90665378499,0.714191665633
Te2Tl1Tm1,2.49597391797,2.78699283039,0.111212546081
Te2Tl1Y1,2.3035069279,2.47718324258,0.0813034218564
Te2V1,1.46487479622,2.02917368035,0.979526411704
Te2W1,2.93032314529,2.52272700323,1.95168948367
Te2Y7,3.53626873496,-0.167129240111,-0.603586786553
Te2Zr1,1.92439567738,2.20745435832,0.879559277842
Te3Tl2,1.82495065595,3.69765287053,0.33893575861
Te3Tl2Zr1,2.31962585478,2.81702263374,0.327248078802
Te3Tl5,2.57580831716,3.46894434063,-0.136938295422
Te3Tm1,1.66168762774,3.04111341916,0.639961495007
Te3Tm2,2.36464464944,2.40323398311,0.312977945877
Te3Y1,1.46922063767,2.73130383135,0.610052370783
Te3Y2,2.05669746532,1.90753864262,0.265123347116
Te3Yb2,2.04526640368,2.56132830893,-0.202014143958
Te3Zr1,1.56581990593,2.68165222188,0.955902977604
Te4Ti1V2,1.72562337288,1.38378740171,0.8071236162
Te4Ti1Zr1,1.67391450802,2.05705407164,0.796875471736
Te4Ti3,1.69010212356,1.27877034851,0.579693833847
Te4Ti5,2.04566050339,0.441592433249,0.400363391468
Te4V3,1.74338399755,1.4362959283,0.920838507357
Te4V5,2.11472959932,0.645792258889,0.842587968245
Te4Zr5,2.88059773457,0.942926722142,0.675976078473
Te5Zr1,1.20724413448,3.15585008544,1.03224667737
Te6Zr5,2.44596043585,1.51771201132,0.768513896373
