name,Z,Period,Group,m,kai,EA,IE1,IE2,Rvdw,Rcov,MP,BP,Cp_g,Cp_mol,rho,E-fusion,E-vapor,ThermalConductivity
Al2O3,10.0,2.4,14.8,20.392,2.708,1.0530729,10.5651372,28.60408,1.648,0.88,406.0052,1170.9728,0.9096,27.3068,1.9374,4.4132,118.36654,0.94816044
Al2S3,14.8,3.0,14.8,30.034,2.192,1.422672,8.6103132,21.534148,1.816,1.12,606.4052,1547.516,0.7836,23.3,2.256,5.318,122.32,0.949614
Al2Se3,25.6,3.6,14.8,58.168,2.174,1.3884,8.2457412,20.24542,1.876,1.204,669.7592,1691.75,0.5514,24.8978,3.9714,7.52,132.112,0.96024
Al2Te3,36.4,4.2,14.8,87.352,1.904,1.35888,7.8000672,18.69142,1.972,1.318,806.9852,1873.55,0.48,25.118,4.824,14.78,146.698,0.9621
AlAs,23.0,3.5,14.0,50.95,1.895,0.6255,7.887184,18.708875,1.845,1.22,1011.8115,1840.65,0.613,24.42,4.2135,19.2,161.6,1.436
AlBr3,29.5,3.75,16.0,66.67,2.6225,2.634,10.356792,20.9003875,1.8475,1.1875,432.83075,947.0,0.57975,62.8175,3.015,7.025,83.74375,0.593415
AlCl3,16.0,3.0,16.0,33.3325,2.7725,2.823,11.2221645,22.5673375,1.7725,1.06,362.10575,877.37,0.5835,31.51175,3.0855,5.075,80.35,0.59256675
AlF3,10.0,2.25,16.0,20.995,3.3875,2.6595,14.563542,30.9352375,1.5625,0.76,273.47825,761.8175,0.84225,29.528,1.947,2.87,75.15235,0.59270925
AlI3,43.0,4.5,16.0,101.92,2.3975,2.404575,9.334887,19.0556125,1.945,1.33,523.50575,1041.2,0.38475,46.8725,4.38,8.495,88.375,0.5958675
AlN,10.0,2.5,14.0,20.495,2.325,0.1855,10.259934,24.214925,1.695,0.975,498.3115,1434.7525,0.9685,26.662,1.9755,5.53,146.7964,1.1851299
AlP,14.0,3.0,14.0,28.975,1.9,0.59375,8.236229,19.299025,1.82,1.165,625.3865,1672.9,0.833,24.012,2.2615,5.67,151.6,1.186175
AlSb,32.0,4.0,14.0,74.39,1.83,0.7555,7.297079,17.729275,1.95,1.32,918.6255,2326.15,0.552,24.715,4.6985,15.2,179.385,1.3065
Ba3As2,46.8,5.2,7.2,112.348,1.406,0.324,7.0424384,13.437978,2.348,1.716,1036.15,1626.55,0.254,26.698,4.3968,15.88,97.08,0.3112
Ba3N2,36.4,4.4,7.2,87.984,1.75,-0.028,8.9406384,17.842818,2.228,1.52,625.35,1301.832,0.5384,28.4916,2.6064,4.944,85.23712,0.11050392
Ba3P2,39.6,4.8,7.2,94.768,1.41,0.2986,7.3216744,13.910098,2.328,1.672,727.01,1492.35,0.43,26.3716,2.8352,5.056,89.08,0.11134
Ba3Sb2,54.0,5.6,7.2,131.1,1.354,0.428,6.5703544,12.654298,2.432,1.796,961.6012,2014.95,0.2052,26.934,4.7848,12.68,111.308,0.2076
BaAl2O4,16.2857142857,2.85714285714,13.1428571429,36.4657142857,2.55285714286,0.960926571429,10.2364857143,26.8779042857,1.77714285714,1.01428571429,440.648,1151.886,0.81,27.7117142857,2.08942857143,4.32685714286,105.063371429,0.703581371429
BaBr2,42.0,4.66666666667,12.0,99.0333333333,2.27,2.24333333333,9.613088,17.72861,2.12666666667,1.46666666667,510.683333333,927.35,0.384,59.8166666667,3.25,6.53333333333,56.55,0.0621466666667
BaCl2,30.0,4.0,12.0,69.4,2.40333333333,2.41133333333,10.382308,19.2103433333,2.06,1.35333333333,447.816666667,865.456666667,0.387333333333,31.9893333333,3.31266666667,4.8,53.5333333333,0.0613926666667
BaF2,24.6666666667,3.33333333333,12.0,58.4333333333,2.95,2.266,13.3524213333,26.6484766667,1.87333333333,1.08666666667,369.036666667,762.743333333,0.617333333333,30.226,2.30066666667,2.84,48.9132,0.0615193333333
BaI2,54.0,5.33333333333,12.0,130.366666667,2.07,2.0394,8.704728,16.08881,2.21333333333,1.59333333333,591.283333333,1011.08333333,0.210666666667,45.6433333333,4.46333333333,7.84,60.6666666667,0.0643266666667
BaIn2O4,26.5714285714,3.42857142857,13.1428571429,61.5571428571,2.60142857143,0.920640857143,10.179512,26.8898328571,1.80285714286,1.06571428571,296.727142857,1011.31457143,0.620285714286,28.4374285714,3.40657142857,2.20114285714,86.6490857143,0.259581371429
BaLa2O4,28.8571428571,3.71428571429,10.2857142857,68.4428571429,2.40714285714,0.977783714286,10.1196662857,24.6580328571,1.94571428571,1.21428571429,514.841428571,1421.886,0.609428571429,28.5431428571,3.074,3.04114285714,136.140514286,0.0650099428571
BaO,32.0,4.0,9.0,76.65,2.165,0.73056075,9.414857,22.562465,2.1,1.35,527.255,1104.169,0.561,28.724,2.4695,4.111,71.80545,0.0921337
BaS,36.0,4.5,9.0,84.685,1.735,1.03856,7.785837,16.670855,2.24,1.55,694.255,1417.955,0.456,25.385,2.735,4.865,75.1,0.093345
BaSc2O4,18.5714285714,3.14285714286,10.2857142857,41.6028571429,2.48142857143,0.888640857143,10.4009777143,25.1553957143,1.86571428571,1.11428571429,692.27,1242.45742857,0.716,28.0888571429,2.17085714286,5.84114285714,109.063371429,0.0715813714286
BaSe,45.0,5.0,9.0,108.13,1.72,1.01,7.482027,15.596915,2.29,1.62,747.05,1538.15,0.2625,26.7165,4.1645,6.7,83.26,0.1022
BaTe,54.0,5.5,9.0,132.45,1.495,0.9854,7.110632,14.301915,2.37,1.715,861.405,1689.65,0.203,26.9,4.875,12.75,95.415,0.10375
BaY2O4,23.7142857143,3.42857142857,10.2857142857,54.16,2.44142857143,0.922640857143,10.3026377143,24.99089,1.91428571429,1.16285714286,686.841428571,1387.886,0.638857142857,28.3774285714,2.59571428571,4.52685714286,125.777657143,0.0755813714286
Be3N2,5.2,2.0,7.2,11.0112,2.158,-0.028,11.40726,22.767204,1.538,0.878,961.35,1675.632,1.511,21.5154,1.6092,4.914,179.31712,1.20610392
Be3P2,8.4,2.4,7.2,17.7952,1.818,0.2986,9.788296,18.834484,1.638,1.03,1063.01,1866.15,1.4026,19.3954,1.838,5.026,183.16,1.20694
BeAl2O4,8.85714285714,2.28571428571,13.1428571429,18.1388571429,2.65,0.960926571429,10.8237765714,28.0503771429,1.61285714286,0.861428571429,520.648,1240.886,1.04157142857,26.0507142857,1.852,4.31971428571,127.463371429,0.964438514286
BeBr2,24.6666666667,3.33333333333,12.0,56.2706666667,2.49666666667,2.24333333333,10.9834333333,20.46438,1.74333333333,1.11,697.35,1135.01666667,0.924333333333,55.941,2.696,6.51666666667,108.816666667,0.670813333333
BeCl2,12.6666666667,2.66666666667,12.0,26.6373333333,2.63,2.41133333333,11.7526533333,21.9461133333,1.67666666667,0.996666666667,634.483333333,1073.12333333,0.927666666667,28.1136666667,2.75866666667,4.78333333333,105.8,0.670059333333
BeF2,7.33333333333,2.0,12.0,15.6706666667,3.17666666667,2.266,14.7227666667,29.3842466667,1.49,0.73,555.703333333,970.41,1.15766666667,26.3503333333,1.74666666667,2.82333333333,101.179866667,0.670186
BeI2,36.6666666667,4.0,12.0,87.604,2.29666666667,2.0394,10.0750733333,18.82458,1.83,1.23666666667,777.95,1218.75,0.751,41.7676666667,3.90933333333,7.82333333333,112.933333333,0.672993333333
BeO,6.0,2.0,9.0,12.506,2.505,0.73056075,11.470375,26.66612,1.525,0.815,807.255,1415.669,1.3715,22.9105,1.6385,4.086,150.20545,1.0051337
BeS,10.0,2.5,9.0,20.541,2.075,1.03856,9.841355,20.77451,1.665,1.015,974.255,1729.455,1.2665,19.5715,1.904,4.84,153.5,1.006345
BeSe,19.0,3.0,9.0,43.986,2.06,1.01,9.537545,19.70057,1.715,1.085,1027.05,1849.65,1.073,20.903,3.3335,6.675,161.66,1.0152
BeTe,28.0,3.5,9.0,68.306,1.835,0.9854,9.16615,18.40557,1.795,1.18,1141.405,2001.15,1.0135,21.0865,4.044,12.725,173.815,1.01675
Ca3N2,14.8,3.2,7.2,29.652,1.816,-0.028,9.481536,18.963552,2.006,1.328,694.35,1085.232,0.8042,27.207,1.4304,5.268,93.91912,1.20610392
Ca3P2,18.0,3.6,7.2,36.436,1.476,0.2986,7.862572,15.030832,2.106,1.48,796.01,1275.75,0.6958,25.087,1.6592,5.38,97.762,1.20694
Ca3Sb2,32.4,4.4,7.2,72.768,1.42,0.428,7.111252,13.775032,2.21,1.604,1030.6012,1798.35,0.471,25.6494,3.6088,13.004,119.99,1.3032
CaAl2O4,11.1428571429,2.57142857143,13.1428571429,22.5771428571,2.56857142857,0.960926571429,10.3652708571,27.1447457143,1.72428571429,0.968571428571,457.076571429,1100.31457143,0.873285714286,27.4058571429,1.80942857143,4.404,107.130514286,0.964438514286
CaBr2,30.0,4.0,12.0,66.6266666667,2.30666666667,2.24333333333,9.91358666667,18.35124,2.00333333333,1.36,549.016666667,807.016666667,0.531666666667,59.103,2.59666666667,6.71333333333,61.3733333333,0.670813333333
CaCl2,18.0,3.33333333333,12.0,36.9933333333,2.44,2.41133333333,10.6828066667,19.8329733333,1.93666666667,1.24666666667,486.15,745.123333333,0.535,31.2756666667,2.65933333333,4.98,58.3566666667,0.670059333333
CaF2,12.6666666667,2.66666666667,12.0,26.0266666667,2.98666666667,2.266,13.65292,27.2711066667,1.75,0.98,407.37,642.41,0.765,29.5123333333,1.64733333333,3.02,53.7365333333,0.670186
CaI2,42.0,4.66666666667,12.0,97.96,2.10666666667,2.0394,9.00522666667,16.71144,2.09,1.48666666667,629.616666667,890.75,0.358333333333,44.9296666667,3.81,8.02,65.49,0.672993333333
CaIn2O4,21.4285714286,3.14285714286,13.1428571429,47.6685714286,2.61714285714,0.920640857143,10.3082971429,27.1566742857,1.75,1.02,313.155714286,959.743142857,0.683571428571,28.1315714286,3.12657142857,2.27828571429,88.7162285714,0.520438514286
CaO,14.0,3.0,9.0,28.04,2.22,0.73056075,9.865605,23.49641,1.915,1.19,584.755,923.669,0.7825,27.6535,1.4895,4.381,79.04045,1.0051337
CaS,18.0,3.5,9.0,36.075,1.79,1.03856,8.236585,17.6048,2.055,1.39,751.755,1237.455,0.6775,24.3145,1.755,5.135,82.335,1.006345
CaSc2O4,13.4285714286,2.85714285714,10.2857142857,27.7142857143,2.49714285714,0.888640857143,10.5297628571,25.4222371429,1.81285714286,1.06857142857,708.698571429,1190.886,0.779285714286,27.783,1.89085714286,5.91828571429,111.130514286,0.332438514286
CaSe,27.0,4.0,9.0,59.52,1.775,1.01,7.932775,16.53086,2.105,1.46,804.55,1357.65,0.484,25.646,3.1845,6.97,90.495,1.0152
CaTe,36.0,4.5,9.0,83.84,1.55,0.9854,7.56138,15.23586,2.185,1.555,918.905,1509.15,0.4245,25.8295,3.895,13.02,102.65,1.01675
CaY2O4,18.5714285714,3.14285714286,10.2857142857,40.2714285714,2.45714285714,0.922640857143,10.4314228571,25.2577314286,1.86142857143,1.11714285714,703.27,1336.31457143,0.702142857143,28.0715714286,2.31571428571,4.604,127.8448,0.336438514286
Cd3As2,42.0,4.6,13.2,97.408,1.886,0.324,9.311732,17.580666,2.048,1.32,792.5914,979.75,0.2702,25.468,7.4808,14.86,72.882,0.7816
Cd3N2,31.6,3.8,13.2,73.044,2.23,-0.028,11.209932,21.985506,1.928,1.124,381.7914,655.032,0.5546,27.2616,5.6904,3.924,61.03912,0.58090392
Cd3P2,34.8,4.2,13.2,79.828,1.89,0.2986,9.590968,18.052786,2.028,1.276,483.4514,845.55,0.4462,25.1416,5.9192,4.036,64.882,0.58174
CdBr2,39.3333333333,4.33333333333,15.3333333333,90.7333333333,2.53666666667,2.24333333333,10.8738066667,20.0301033333,1.96,1.24666666667,375.373,568.016666667,0.393,59.1333333333,4.96333333333,5.96666666667,43.1066666667,0.32348
CdCl2,27.3333333333,3.66666666667,15.3333333333,61.1,2.67,2.41133333333,11.6430266667,21.5118366667,1.89333333333,1.13333333333,312.506333333,506.123333333,0.396333333333,31.306,5.026,4.23333333333,40.09,0.322726
CdF2,22.0,3.0,15.3333333333,50.1333333333,3.21666666667,2.266,14.61314,28.94997,1.70666666667,0.866666666667,233.726333333,403.41,0.626333333333,29.5426666667,4.014,2.27333333333,35.4698666667,0.322852666667
CdI2,51.3333333333,5.0,15.3333333333,122.066666667,2.33666666667,2.0394,9.96544666667,18.3903033333,2.04666666667,1.37333333333,455.973,651.75,0.219666666667,44.96,6.17666666667,7.27333333333,47.2233333333,0.32566
CdIn2O4,25.4285714286,3.28571428571,14.5714285714,58.0,2.71571428571,0.920640857143,10.71982,27.8761871429,1.73142857143,0.971428571429,238.737,857.314571429,0.624142857143,28.1445714286,4.14085714286,1.95828571429,80.8876571429,0.371581371429
CdO,28.0,3.5,14.0,64.2,2.565,0.73056075,11.305935,26.014705,1.85,1.02,324.2895,565.169,0.5745,27.699,5.0395,3.261,51.64045,0.4841337
CdS,32.0,4.0,14.0,72.235,2.135,1.03856,9.676915,20.123095,1.99,1.22,491.2895,878.955,0.4695,24.36,5.305,4.015,54.935,0.485345
CdSe,41.0,4.5,14.0,95.68,2.12,1.01,9.373105,19.049155,2.04,1.29,544.0845,999.15,0.276,25.6915,6.7345,5.85,63.095,0.4942
CdTe,50.0,5.0,14.0,120.0,1.895,0.9854,9.00171,17.754155,2.12,1.385,658.4395,1150.65,0.2165,25.875,7.445,11.9,75.25,0.49575
Cs3As,49.5,5.5,4.5,118.405,1.1375,0.5562225,5.36757875,22.01538,3.035,2.085,498.775,930.4,0.26375,30.3175,2.841,8.4925,58.905,0.39475
Cs3Sb,54.0,5.75,4.5,130.125,1.105,0.6212225,5.07252625,21.52558,3.0875,2.135,452.182,1173.15,0.23325,30.465,3.0835,6.4925,67.7975,0.33
CsBeF3,17.2,2.8,10.8,39.7824,2.86,2.133726,13.097001,29.256196,1.874,1.034,404.448,788.084,0.9078,28.513,1.763,2.164,74.90988,0.4739674
CsBr,45.0,5.0,9.0,106.4,1.875,1.918315,7.8538525,22.37422,2.64,1.775,283.8,638.05,0.358,53.95,2.4995,3.945,41.2325,0.18011
CsCaBr3,36.0,4.4,10.8,82.536,2.134,2.113326,9.089693,19.960432,2.258,1.526,442.93,739.43,0.4622,57.0418,2.5578,5.606,53.317,0.474532
CsCaF3,20.4,3.2,10.8,45.996,2.746,2.133726,12.455093,27.988312,2.03,1.184,315.448,591.284,0.6722,30.4102,1.7034,2.282,46.44388,0.4739674
CsCaI3,46.8,5.0,10.8,110.736,1.954,1.929786,8.272169,18.484612,2.336,1.64,515.47,814.79,0.3062,44.2858,3.6498,6.782,57.022,0.476494
CsCdBr3,41.6,4.6,12.8,97.0,2.272,2.113326,9.665825,20.96775,2.232,1.458,338.7438,596.03,0.379,57.06,3.9778,5.158,42.357,0.266132
CsCdCl3,30.8,4.0,12.8,70.33,2.392,2.264526,10.358123,22.30131,2.172,1.356,282.1638,540.326,0.382,32.0154,4.0342,3.598,39.642,0.2654534
CsCdF3,26.0,3.4,12.8,60.46,2.884,2.133726,13.031225,28.99563,2.004,1.116,211.2618,447.884,0.589,30.4284,3.1234,1.834,35.48388,0.2655674
CsCl,36.0,4.5,9.0,84.175,1.975,2.044315,8.4307675,23.48552,2.59,1.69,236.65,591.63,0.3605,33.0795,2.5465,2.645,38.97,0.1795445
CsF,32.0,4.0,9.0,75.95,2.385,1.935315,10.6583525,29.06412,2.45,1.49,177.565,514.595,0.533,31.757,1.7875,1.175,35.5049,0.1796395
CsHgBr3,48.0,4.8,12.8,114.64,2.314,2.113326,9.954561,21.337448,2.242,1.442,266.7642,513.9538,0.3608,57.4526,4.9546,4.356,34.243,0.089212
CsHgCl3,37.2,4.2,12.8,87.97,2.434,2.264526,10.646859,22.671008,2.182,1.34,210.1842,458.2498,0.3638,32.408,5.011,2.796,31.528,0.0885334
CsHgF3,32.4,3.6,12.8,78.1,2.926,2.133726,13.319961,29.365328,2.014,1.1,139.2822,365.8078,0.5708,30.821,4.1002,1.032,27.36988,0.0886474
CsI,54.0,5.5,9.0,129.9,1.725,1.765365,7.1725825,21.14437,2.705,1.87,344.25,700.85,0.228,43.32,3.4095,4.925,44.32,0.181745
CsMgBr3,34.4,4.2,10.8,79.382,2.196,2.113326,9.396308,20.593142,2.142,1.458,404.53,660.63,0.5374,56.8298,2.5954,5.638,47.903,0.384532
CsMgCl3,23.6,3.6,10.8,52.712,2.316,2.264526,10.088606,21.926702,2.082,1.356,347.95,604.926,0.5404,31.7852,2.6518,4.078,45.188,0.3838534
CsMgF3,18.8,3.0,10.8,42.842,2.808,2.133726,12.761708,28.621022,1.914,1.116,277.048,512.484,0.7474,30.1982,1.741,2.314,41.02988,0.3839674
CsMgI3,45.2,4.8,10.8,107.582,2.016,1.929786,8.578784,19.117322,2.22,1.572,477.07,735.99,0.3814,44.0738,3.6874,6.814,51.608,0.386494
CsSrBr3,39.6,4.6,10.8,92.044,2.124,2.113326,9.006031,19.792108,2.294,1.558,429.93,718.03,0.394,57.214,2.7738,5.498,49.763,0.143132
CsSrCl3,28.8,4.0,10.8,65.374,2.244,2.264526,9.698329,21.125668,2.234,1.456,373.35,662.326,0.397,32.1694,2.8302,3.938,47.048,0.1424534
CsSrF3,24.0,3.4,10.8,55.504,2.736,2.133726,12.371431,27.819988,2.066,1.216,302.448,569.884,0.604,30.5824,1.9194,2.174,42.88988,0.1425674
CsSrI3,50.4,5.2,10.8,120.244,1.944,1.929786,8.188507,18.316288,2.372,1.672,502.47,793.39,0.238,44.458,3.8658,6.674,53.468,0.145094
Ga2O3,17.2,2.8,14.8,37.488,2.788,0.9966729,10.5705504,29.27872,1.66,0.876,153.78184,1054.9728,0.7,28.0388,3.219,2.3692,104.47054,0.16256044
Ga2S3,22.0,3.4,14.8,47.13,2.272,1.366272,8.6157264,22.208788,1.828,1.116,354.18184,1431.516,0.574,24.032,3.5376,3.274,108.424,0.164014
Ga2Se3,32.8,4.0,14.8,75.264,2.254,1.332,8.2511544,20.92006,1.888,1.2,417.53584,1575.75,0.3418,25.6298,5.253,5.476,118.216,0.17464
Ga2Te3,43.6,4.6,14.8,104.448,1.984,1.30248,7.8054804,19.36606,1.984,1.314,554.76184,1757.55,0.2704,25.85,6.1056,12.736,132.802,0.1765
GaAs,32.0,4.0,14.0,72.32,1.995,0.555,7.8939505,19.552175,1.86,1.215,696.5323,1695.65,0.351,25.335,5.8155,16.645,144.23,0.454
GaBr3,34.0,4.0,16.0,77.355,2.6725,2.59875,10.36017525,21.3220375,1.855,1.185,275.19115,874.5,0.44875,63.275,3.816,5.7475,75.05875,0.102415
GaCl3,20.5,3.25,16.0,44.0175,2.8225,2.78775,11.22554775,22.9889875,1.78,1.0575,204.46615,804.87,0.4525,31.96925,3.8865,3.7975,71.665,0.10156675
GaF3,14.5,2.5,16.0,31.68,3.4375,2.62425,14.56692525,31.3568875,1.57,0.7575,115.83865,689.3175,0.71125,29.9855,2.748,1.5925,66.46735,0.10170925
GaI3,47.5,4.75,16.0,112.605,2.4475,2.369325,9.33827025,19.4772625,1.9525,1.3275,365.86615,968.7,0.25375,47.33,5.181,7.2175,79.69,0.1048675
GaN,19.0,3.0,14.0,41.865,2.425,0.115,10.2667005,25.058225,1.71,0.97,183.0323,1289.7525,0.7065,27.577,3.5775,2.975,129.4264,0.2031299
GaP,23.0,3.5,14.0,50.345,2.0,0.52325,8.2429955,20.142325,1.835,1.16,310.1073,1527.9,0.571,24.927,3.8635,3.115,134.23,0.204175
GaSb,41.0,4.5,14.0,95.76,1.93,0.685,7.3038455,18.572575,1.965,1.315,603.3463,2181.15,0.29,25.63,6.3005,12.645,162.015,0.3245
HgBr2,50.0,4.66666666667,15.3333333333,120.133333333,2.60666666667,2.24333333333,11.3550333333,20.6462666667,1.97666666667,1.22,255.407,431.223,0.362666666667,59.7876666667,6.59133333333,4.63,29.5833333333,0.0286133333333
HgCl2,38.0,4.0,15.3333333333,90.5,2.74,2.41133333333,12.1242533333,22.128,1.91,1.10666666667,192.540333333,369.329666667,0.366,31.9603333333,6.654,2.89666666667,26.5666666667,0.0278593333333
HgF2,32.6666666667,3.33333333333,15.3333333333,79.5333333333,3.28666666667,2.266,15.0943666667,29.5661333333,1.72333333333,0.84,113.760333333,266.616333333,0.596,30.197,5.642,0.936666666667,21.9465333333,0.027986
HgI2,62.0,5.33333333333,15.3333333333,151.466666667,2.40666666667,2.0394,10.4466733333,19.0064666667,2.06333333333,1.34666666667,336.007,514.956333333,0.189333333333,45.6143333333,7.80466666667,5.93666666667,33.7,0.0307933333333
HgO,44.0,4.0,14.0,108.3,2.67,0.73056075,12.027775,26.93895,1.875,0.98,144.3405,359.9785,0.529,28.6805,7.4815,1.256,31.35545,0.0418337
HgS,48.0,4.5,14.0,116.335,2.24,1.03856,10.398755,21.04734,2.015,1.18,311.3405,673.7645,0.424,25.3415,7.747,2.01,34.65,0.043045
HgSe,57.0,5.0,14.0,139.78,2.225,1.01,10.094945,19.9734,2.065,1.25,364.1355,793.9595,0.2305,26.673,9.1765,3.845,42.81,0.0519
HgTe,66.0,5.5,14.0,164.1,2.0,0.9854,9.72355,18.6784,2.145,1.345,478.4905,945.4595,0.171,26.8565,9.887,9.895,54.965,0.05345
In2O3,24.4,3.2,14.8,55.52,2.776,0.9966729,10.485374,28.62078,1.684,0.952,204.516,974.1728,0.644,28.3228,3.7814,1.4372,92.58654,0.32656044
In2S3,29.2,3.8,14.8,65.162,2.26,1.366272,8.53055,21.550848,1.852,1.192,404.916,1350.716,0.518,24.316,4.1,2.342,96.54,0.328014
In2Se3,40.0,4.4,14.8,93.296,2.242,1.332,8.165978,20.26212,1.912,1.276,468.27,1494.95,0.2858,25.9138,5.8154,4.544,106.332,0.33864
In2Te3,50.8,5.0,14.8,122.48,1.972,1.30248,7.720304,18.70812,2.008,1.39,605.496,1676.75,0.2144,26.134,6.668,11.804,120.918,0.3405
InAs,41.0,4.5,14.0,94.86,1.98,0.555,7.78748,18.72975,1.89,1.31,759.95,1594.65,0.281,25.69,6.5185,15.48,129.375,0.659
InBr3,38.5,4.25,16.0,88.625,2.665,2.59875,10.30694,20.910825,1.87,1.2325,306.9,824.0,0.41375,63.4525,4.1675,5.165,67.63125,0.204915
InCl3,25.0,3.5,16.0,55.2875,2.815,2.78775,11.1723125,22.577775,1.795,1.105,236.175,754.37,0.4175,32.14675,4.238,3.215,64.2375,0.20406675
InF3,19.0,2.75,16.0,42.95,3.43,2.62425,14.51369,30.945675,1.585,0.805,147.5475,638.8175,0.67625,30.163,3.0995,1.01,59.03985,0.20420925
InI3,52.0,5.0,16.0,123.875,2.44,2.369325,9.285035,19.06605,1.9675,1.375,397.575,918.2,0.21875,47.5075,5.5325,6.635,72.2625,0.2073675
InN,28.0,3.5,14.0,64.405,2.41,0.115,10.16023,24.2358,1.74,1.065,246.45,1188.7525,0.6365,27.932,4.2805,1.81,114.5714,0.4081299
InP,32.0,4.0,14.0,72.885,1.985,0.52325,8.136525,19.3199,1.865,1.255,373.525,1426.9,0.501,25.282,4.5665,1.95,119.375,0.409175
InSb,50.0,5.0,14.0,118.3,1.915,0.685,7.197375,17.75015,1.995,1.41,666.764,2080.15,0.22,25.985,7.0035,11.48,147.16,0.5295
K3As,22.5,4.0,4.5,48.055,1.16,0.5786025,5.702647475,28.3698,2.525,1.8,525.025,996.4,0.65,28.36,2.07375,8.6725,65.775,0.8935
K3N,16.0,3.5,4.5,32.8275,1.375,0.3586025,6.889022475,31.122825,2.45,1.6775,268.275,793.45125,0.82775,29.481,0.95475,1.8375,58.3732,0.76806495
K3P,18.0,3.75,4.5,37.0675,1.1625,0.5627275,5.877169975,28.664875,2.5125,1.7725,331.8125,912.525,0.76,28.156,1.09775,1.9075,60.775,0.7685875
K3Sb,27.0,4.25,4.5,59.775,1.1275,0.6436025,5.407594975,27.88,2.5775,1.85,478.432,1239.15,0.6195,28.5075,2.31625,6.6725,74.6675,0.82875
KBaP,30.0,4.33333333333,6.0,69.1233333333,1.3,0.41599,6.67967243333,20.4677766667,2.41,1.71666666667,551.366666667,1234.65,0.576666666667,27.1646666667,2.063,3.65666666667,76.5,0.40345
KBr,27.0,4.0,9.0,59.5,1.89,1.933235,8.07723165,26.6105,2.3,1.585,301.3,682.05,0.6155,52.645,1.988,4.065,45.8125,0.51261
KCaBr3,28.8,4.0,10.8,63.776,2.14,2.119294,9.17904466,21.654944,2.122,1.45,449.93,757.03,0.5652,56.5198,2.3532,5.654,55.149,0.607532
KCaCl3,18.0,3.4,10.8,37.106,2.26,2.270494,9.87134266,22.988504,2.062,1.348,393.35,701.326,0.5682,31.4752,2.4096,4.094,52.434,0.6068534
KCaF3,13.2,2.8,10.8,27.236,2.752,2.139694,12.54444466,29.682824,1.894,1.108,322.448,608.884,0.7752,29.8882,1.4988,2.33,48.27588,0.6069674
KCdAs,33.3333333333,4.33333333333,9.33333333333,75.4733333333,1.56333333333,0.437156666667,7.70769443333,22.3758366667,2.26,1.53333333333,673.673,987.15,0.439,26.7533333333,5.07766666667,12.11,69.7233333333,0.831333333333
KCdCl3,23.6,3.6,12.8,51.57,2.398,2.270494,10.44747466,23.995822,2.036,1.28,289.1638,557.926,0.485,31.4934,3.8296,3.646,41.474,0.3984534
KCdF3,18.8,3.0,12.8,41.7,2.89,2.139694,13.12057666,30.690142,1.868,1.04,218.2618,465.484,0.692,29.9064,2.9188,1.882,37.31588,0.3985674
KCdSb,39.3333333333,4.66666666667,9.33333333333,91.1,1.52,0.523823333333,7.3142911,21.72277,2.33,1.6,611.549,1310.81666667,0.398333333333,26.95,5.401,9.44333333333,81.58,0.745
KCl,18.0,3.5,9.0,37.275,1.99,2.059235,8.65414665,27.7218,2.25,1.5,254.15,635.63,0.618,31.7745,2.035,2.765,43.55,0.5120445
KF,14.0,3.0,9.0,29.05,2.4,1.950235,10.88173165,33.3004,2.11,1.3,195.065,558.595,0.7905,30.452,1.276,1.295,40.0849,0.5121395
KHgAs,44.0,4.66666666667,9.33333333333,104.873333333,1.63333333333,0.437156666667,8.1889211,22.992,2.27666666667,1.50666666667,553.707,850.356333333,0.408666666667,27.4076666667,6.70566666667,10.7733333333,56.2,0.536466666667
KHgF3,25.2,3.2,12.8,59.34,2.932,2.139694,13.40931266,31.05984,1.878,1.024,146.2822,383.4078,0.6738,30.299,3.8956,1.08,29.20188,0.2216474
KHgSb,50.0,5.0,9.33333333333,120.5,1.59,0.523823333333,7.79551776667,22.3389333333,2.34666666667,1.57333333333,491.583,1174.023,0.368,27.6043333333,7.029,8.10666666667,68.0566666667,0.450133333333
KI,36.0,4.5,9.0,83.0,1.74,1.780285,7.39596165,25.38065,2.365,1.68,361.75,744.85,0.4855,42.015,2.898,5.045,48.9,0.514245
KMgAs,21.3333333333,3.66666666667,6.0,46.11,1.43666666667,0.437156666667,7.25849943333,21.75149,2.11,1.53333333333,783.316666667,1094.81666667,0.703,26.3696666667,2.77366666667,12.91,78.9666666667,1.02866666667
KMgCl3,16.4,3.2,10.8,33.952,2.322,2.270494,10.17795766,23.621214,1.946,1.28,354.95,622.526,0.6434,31.2632,2.4472,4.126,47.02,0.5168534
KMgF3,11.6,2.6,10.8,24.082,2.814,2.139694,12.85105966,30.315534,1.778,1.04,284.048,530.084,0.8504,29.6762,1.5364,2.362,42.86188,0.5169674
KMgP,15.3333333333,3.33333333333,6.0,31.46,1.44,0.41599,7.4911961,22.1449233333,2.09333333333,1.49666666667,525.7,982.983333333,0.849666666667,26.0976666667,1.47233333333,3.89,72.3,0.862116666667
KMgSb,27.3333333333,4.0,6.0,61.7366666667,1.39333333333,0.523823333333,6.8650961,21.0984233333,2.18,1.6,721.192666667,1418.48333333,0.662333333333,26.5663333333,3.097,10.2433333333,90.8233333333,0.942333333333
KZnAs,27.3333333333,4.0,9.33333333333,59.8033333333,1.55,0.437156666667,7.8411541,22.7278633333,2.20333333333,1.46666666667,706.492333333,1033.81666667,0.491333333333,26.5433333333,4.57433333333,12.46,74.8666666667,0.895333333333
KZnF3,15.2,2.8,12.8,32.298,2.882,2.139694,13.20065246,30.901358,1.834,1.0,237.9534,493.484,0.7234,29.7804,2.6168,2.092,40.40188,0.4369674
KZnP,21.3333333333,3.66666666667,9.33333333333,45.1533333333,1.55333333333,0.41599,8.07385076667,23.1212966667,2.18666666667,1.43,448.875666667,921.983333333,0.638,26.2713333333,3.273,3.44,68.2,0.728783333333
KZnSb,33.3333333333,4.33333333333,9.33333333333,75.43,1.50666666667,0.523823333333,7.44775076667,22.0747966667,2.27333333333,1.53333333333,644.368333333,1357.48333333,0.450666666667,26.74,4.89766666667,9.79333333333,86.7233333333,0.809
La2O3,27.6,3.6,10.8,65.16,2.504,1.0766729,10.40159,25.49626,1.884,1.16,509.876,1548.9728,0.6288,28.4708,3.3158,2.6132,161.87454,0.05416044
La2S3,32.4,4.2,10.8,74.802,1.988,1.446272,8.446766,18.426328,2.052,1.4,710.276,1925.516,0.5028,24.464,3.6344,3.518,165.828,0.055614
La2Se3,43.2,4.8,10.8,102.936,1.97,1.412,8.082194,17.1376,2.112,1.484,773.63,2069.75,0.2706,26.0618,5.3498,5.72,175.62,0.06624
La2Te3,54.0,5.4,10.8,132.12,1.7,1.38248,7.63652,15.5836,2.208,1.598,910.856,2251.55,0.1992,26.282,6.2024,12.98,190.206,0.0681
LaAs,45.0,5.0,9.0,106.91,1.64,0.655,7.68275,14.8241,2.14,1.57,1141.65,2313.15,0.262,25.875,5.9365,16.95,215.985,0.3185
LaBr3,40.5,4.5,13.5,94.65,2.495,2.64875,10.254575,18.958,1.995,1.3625,497.75,1183.25,0.40425,63.545,3.8765,5.9,110.93625,0.034665
LaCl3,27.0,3.75,13.5,61.3125,2.645,2.83775,11.1199475,20.62495,1.92,1.235,427.025,1113.62,0.408,32.23925,3.947,3.95,107.5425,0.03381675
LaF3,21.0,3.0,13.5,48.975,3.26,2.67425,14.461325,28.99285,1.71,0.935,338.3975,998.0675,0.66675,30.2555,2.8085,1.745,102.34485,0.03395925
LaI3,54.0,5.25,13.5,129.9,2.27,2.419325,9.23267,17.113225,2.0925,1.505,588.425,1277.45,0.20925,47.6,5.2415,7.37,115.5675,0.0371175
LaN,32.0,4.0,9.0,76.455,2.07,0.215,10.0555,20.33015,1.99,1.325,628.15,1907.2525,0.6175,28.117,3.6985,3.28,201.1814,0.0676299
LaP,36.0,4.5,9.0,84.935,1.645,0.62325,8.031795,15.41425,2.115,1.515,755.225,2145.4,0.482,25.467,3.9845,3.42,205.985,0.068675
LaSb,54.0,5.5,9.0,130.35,1.575,0.785,7.092645,13.8445,2.245,1.67,1048.464,2798.65,0.201,26.17,6.4215,12.95,233.77,0.189
Li3As,10.5,2.5,4.5,23.93575,1.28,0.666,6.49093925,61.3773,1.8275,1.275,612.775,1433.65,2.76875,24.805,1.833,9.175,118.425,0.76075
Li3N,4.0,2.0,4.5,8.70825,1.495,0.446,7.67731425,64.130325,1.7525,1.1525,356.025,1230.70125,2.9465,25.926,0.714,2.34,111.0232,0.63531495
Li3P,6.0,2.25,4.5,12.94825,1.2825,0.650125,6.66546175,61.672375,1.815,1.2475,419.5625,1349.775,2.87875,24.601,0.857,2.41,113.425,0.6358375
Li3Sb,15.0,2.75,4.5,35.65575,1.2475,0.731,6.19588675,60.8875,1.88,1.325,566.182,1676.4,2.73825,24.9525,2.0755,7.175,127.3175,0.696
LiBeAs,13.3333333333,2.66666666667,6.0,30.291,1.57666666667,0.476,8.167673,37.4801133333,1.73333333333,1.16333333333,1034.65,1748.48333333,1.912,21.981,2.70333333333,12.8833333333,158.833333333,1.11966666667
LiBeN,4.66666666667,2.0,6.0,9.98766666667,1.86333333333,0.182666666667,9.74950633333,41.1508133333,1.63333333333,1.0,692.316666667,1477.885,2.149,23.4756666667,1.21133333333,3.77,148.964266667,0.952419933333
LiBeP,7.33333333333,2.33333333333,6.0,15.641,1.58,0.454833333333,8.40036966667,37.8735466667,1.71666666667,1.12666666667,777.033333333,1636.65,2.05866666667,21.709,1.402,3.86333333333,152.166666667,0.953116666667
LiBeSb,19.3333333333,3.0,6.0,45.9176666667,1.53333333333,0.562666666667,7.77426966667,36.8270466667,1.80333333333,1.23,972.526,2072.15,1.87133333333,22.1776666667,3.02666666667,10.2166666667,170.69,1.03333333333
LiBr,19.0,3.0,9.0,43.4205,1.97,1.9915,8.6027595,48.6155,1.835,1.235,359.8,973.55,2.028,50.275,1.8275,4.4,80.9125,0.42411
LiCaAs,18.6666666667,3.33333333333,6.0,40.647,1.38666666667,0.476,7.09782633333,35.3669733333,1.99333333333,1.41333333333,886.316666667,1420.48333333,1.51933333333,25.143,2.604,13.08,111.39,1.11966666667
LiCaF3,10.0,2.4,10.8,20.8042,2.784,2.163,12.7546558,38.484824,1.708,0.968,345.848,725.484,1.3402,28.9402,1.4346,2.464,62.31588,0.5715674
LiCaN,10.0,2.66666666667,6.0,20.3436666667,1.67333333333,0.182666666667,8.67965966667,39.0376733333,1.89333333333,1.25,543.983333333,1149.885,1.75633333333,26.6376666667,1.112,3.96666666667,101.520933333,0.952419933333
LiCaSb,24.6666666667,3.66666666667,6.0,56.2736666667,1.34333333333,0.562666666667,6.704423,34.7139066667,2.06333333333,1.48,824.192666667,1744.15,1.47866666667,25.3396666667,2.92733333333,10.4133333333,123.246666667,1.03333333333
LiCdAs,28.0,3.66666666667,9.33333333333,64.7536666667,1.61666666667,0.476,8.05804633333,37.0458366667,1.95,1.3,712.673,1181.48333333,1.38066666667,25.1733333333,4.97066666667,12.3333333333,93.1233333333,0.772333333333
LiCdP,22.0,3.33333333333,9.33333333333,50.1036666667,1.62,0.454833333333,8.290743,37.43927,1.93333333333,1.26333333333,455.056333333,1069.65,1.52733333333,24.9013333333,3.66933333333,3.31333333333,86.4566666667,0.605783333333
LiCl,10.0,2.5,9.0,21.1955,2.07,2.1175,9.1796745,49.7268,1.785,1.15,312.65,927.13,2.0305,29.4045,1.8745,3.1,78.65,0.4235445
LiF,6.0,2.0,9.0,12.9705,2.48,2.0085,11.4072595,55.3054,1.645,0.95,253.565,850.095,2.203,28.082,1.1155,1.63,75.1849,0.4236395
LiI,28.0,3.5,9.0,66.9205,1.82,1.83855,7.9214895,47.38565,1.9,1.33,420.25,1036.35,1.898,39.645,2.7375,5.38,84.0,0.425745
LiMgAs,16.0,3.0,6.0,35.3903333333,1.49,0.476,7.60885133333,36.42149,1.8,1.3,822.316666667,1289.15,1.64466666667,24.7896666667,2.66666666667,13.1333333333,102.366666667,0.969666666667
LiMgN,7.33333333333,2.33333333333,6.0,15.087,1.77666666667,0.182666666667,9.19068466667,40.09219,1.7,1.13666666667,479.983333333,1018.55166667,1.88166666667,26.2843333333,1.17466666667,4.02,92.4976,0.802419933333
LiMgP,10.0,2.66666666667,6.0,20.7403333333,1.49333333333,0.454833333333,7.841548,36.8149233333,1.78333333333,1.26333333333,564.7,1177.31666667,1.79133333333,24.5176666667,1.36533333333,4.11333333333,95.7,0.803116666667
LiZnAs,22.0,3.33333333333,9.33333333333,49.0836666667,1.60333333333,0.476,8.191506,37.3978633333,1.89333333333,1.23333333333,745.492333333,1228.15,1.433,24.9633333333,4.46733333333,12.6833333333,98.2666666667,0.836333333333
LiZnN,13.3333333333,2.66666666667,9.33333333333,28.7803333333,1.89,0.182666666667,9.77333933333,41.0685633333,1.79333333333,1.07,403.159,957.551666667,1.67,26.458,2.97533333333,3.57,88.3976,0.6690866
LiZnP,16.0,3.0,9.33333333333,34.4336666667,1.60666666667,0.454833333333,8.42420266667,37.7912966667,1.87666666667,1.19666666667,487.875666667,1116.31666667,1.57966666667,24.6913333333,3.166,3.66333333333,91.6,0.669783333333
LiZnSb,28.0,3.66666666667,9.33333333333,64.7103333333,1.56,0.562666666667,7.79810266667,36.7447966667,1.96333333333,1.3,683.368333333,1551.81666667,1.39233333333,25.16,4.79066666667,10.0166666667,110.123333333,0.75
Mg3As2,20.4,3.4,7.2,44.554,1.658,0.324,8.503181,16.456842,1.778,1.32,989.95,1173.55,0.7454,24.7774,3.3336,16.3,89.52,1.1368
Mg3N2,10.0,2.6,7.2,20.19,2.002,-0.028,10.401381,20.861682,1.658,1.124,579.15,848.832,1.0298,26.571,1.5432,5.364,77.67712,0.93610392
Mg3P2,13.2,3.0,7.2,26.974,1.662,0.2986,8.782417,16.928962,1.758,1.276,680.81,1039.35,0.9214,24.451,1.772,5.476,81.52,0.93694
Mg3Sb2,27.6,3.8,7.2,63.306,1.606,0.428,8.031097,15.673162,1.862,1.4,915.4012,1561.95,0.6966,25.0134,3.7216,13.1,103.748,1.0332
MgAl2O4,10.0,2.42857142857,13.1428571429,20.3242857143,2.61285714286,0.960926571429,10.5842815714,27.5966814286,1.64142857143,0.92,429.648,1044.02885714,0.927,27.2544285714,1.83628571429,4.42685714286,103.263371429,0.9001528
MgBr2,27.3333333333,3.66666666667,12.0,61.37,2.41,2.24333333333,10.4246116667,19.4057566667,1.81,1.24666666667,485.016666667,675.683333333,0.657,58.7496666667,2.65933333333,6.76666666667,52.35,0.520813333333
MgCl2,15.3333333333,3.0,12.0,31.7366666667,2.54333333333,2.41133333333,11.1938316667,20.88749,1.74333333333,1.13333333333,422.15,613.79,0.660333333333,30.9223333333,2.722,5.03333333333,49.3333333333,0.520059333333
MgF2,10.0,2.33333333333,12.0,20.77,3.09,2.266,14.163945,28.3256233333,1.55666666667,0.866666666667,343.37,511.076666667,0.890333333333,29.159,1.71,3.07333333333,44.7132,0.520186
MgI2,39.3333333333,4.33333333333,12.0,92.7033333333,2.21,2.0394,9.51625166667,17.7659566667,1.89666666667,1.37333333333,565.616666667,759.416666667,0.483666666667,44.5763333333,3.87266666667,8.07333333333,56.4666666667,0.522993333333
MgIn2O4,20.2857142857,3.0,13.1428571429,45.4157142857,2.66142857143,0.920640857143,10.5273078571,27.60861,1.66714285714,0.971428571429,285.727142857,903.457428571,0.737285714286,27.9801428571,3.15342857143,2.30114285714,84.8490857143,0.4561528
MgO,10.0,2.5,9.0,20.155,2.375,0.73056075,10.6321425,25.078185,1.625,1.02,488.755,726.669,0.9705,27.1235,1.5835,4.461,65.50545,0.7801337
MgS,14.0,3.0,9.0,28.19,1.945,1.03856,9.0031225,19.186575,1.765,1.22,655.755,1040.455,0.8655,23.7845,1.849,5.215,68.8,0.781345
MgSe,23.0,3.5,9.0,51.635,1.93,1.01,8.6993125,18.112635,1.815,1.29,708.55,1160.65,0.672,25.116,3.2785,7.05,76.96,0.7902
MgTe,32.0,4.0,9.0,75.955,1.705,0.9854,8.3279175,16.817635,1.895,1.385,822.905,1312.15,0.6125,25.2995,3.989,13.1,89.115,0.79175
Na3As,16.5,3.25,4.5,35.9725,1.2425,0.6134475,6.301457,40.1121,2.165,1.5,550.7455,1089.355,1.00325,27.3325,2.15775,8.875,81.6075,1.183
Na3N,10.0,2.75,4.5,20.745,1.4575,0.3934475,7.487832,42.865125,2.09,1.3775,293.9955,886.40625,1.181,28.4535,1.03875,2.04,74.2057,1.05756495
Na3P,12.0,3.0,4.5,24.985,1.245,0.5975725,6.4759795,40.407175,2.1525,1.4725,357.533,1005.48,1.11325,27.1285,1.18175,2.11,76.6075,1.0580875
Na3Sb,21.0,3.5,4.5,47.6925,1.21,0.6784475,6.0064045,39.6223,2.2175,1.55,504.1525,1332.105,0.97275,27.48,2.40025,6.875,90.5,1.11825
NaBeAs,16.0,3.0,6.0,35.6406666667,1.56,0.452643333333,8.08345866667,28.0289133333,1.88333333333,1.26333333333,1007.08133333,1595.46333333,1.12733333333,23.1043333333,2.84766666667,12.75,142.47,1.30733333333
NaBeSb,22.0,3.33333333333,6.0,51.2673333333,1.51666666667,0.53931,7.69005533333,27.3758466667,1.95333333333,1.33,944.957333333,1919.13,1.08666666667,23.301,3.171,10.0833333333,154.326666667,1.221
NaBr,23.0,3.5,9.0,51.445,1.945,1.956465,8.476438,34.4387,2.06,1.385,318.447,744.02,0.851,51.96,2.044,4.2,56.3675,0.70561
NaCaAs,21.3333333333,3.66666666667,6.0,45.9966666667,1.37,0.452643333333,7.013612,25.9157733333,2.14333333333,1.51333333333,858.748,1267.46333333,0.734666666667,26.2663333333,2.74833333333,12.9466666667,95.0266666667,1.30733333333
NaCdAs,30.6666666667,4.0,9.33333333333,70.1033333333,1.6,0.452643333333,7.973832,27.5946366667,2.1,1.4,685.104333333,1028.46333333,0.596,26.2966666667,5.115,12.2,76.76,0.96
NaCdF3,17.2,2.8,12.8,38.478,2.912,2.148986,13.2802592,33.821422,1.772,0.96,225.1206,490.272,0.7862,29.6324,2.9412,1.936,41.53788,0.4757674
NaCdSb,36.6666666667,4.33333333333,9.33333333333,85.73,1.55666666667,0.53931,7.58042866667,26.94157,2.17,1.46666666667,622.980333333,1352.13,0.555333333333,26.4933333333,5.43833333333,9.53333333333,88.6166666667,0.873666666667
NaCl,14.0,3.0,9.0,29.22,2.045,2.082465,9.053353,35.55,2.01,1.3,271.297,697.6,0.8535,31.0895,2.091,2.9,54.105,0.7050445
NaF,10.0,2.5,9.0,20.995,2.455,1.973465,11.280938,41.1286,1.87,1.1,212.212,620.565,1.026,29.767,1.332,1.43,50.6399,0.7051395
NaHgCl3,28.4,3.6,12.8,65.988,2.462,2.279786,10.8958932,27.4968,1.95,1.184,224.043,500.6378,0.561,31.612,4.8288,2.898,37.582,0.2987334
NaI,32.0,4.0,9.0,74.945,1.795,1.803515,7.795168,33.20885,2.125,1.48,378.897,806.82,0.721,41.33,2.954,5.18,59.455,0.707245
NaMgAs,18.6666666667,3.33333333333,6.0,40.74,1.47333333333,0.452643333333,7.524637,26.97029,1.95,1.4,794.748,1136.13,0.86,25.913,2.811,13.0,86.0033333333,1.15733333333
NaMgF3,10.0,2.4,10.8,20.86,2.836,2.148986,13.0107422,33.446814,1.682,0.96,290.9068,554.872,0.9446,29.4022,1.5588,2.416,47.08388,0.5941674
NaMgP,12.6666666667,3.0,6.0,26.09,1.47666666667,0.431476666667,7.75733366667,27.3637233333,1.93333333333,1.36333333333,537.131333333,1024.29666667,1.00666666667,25.641,1.50966666667,3.98,79.3366666667,0.990783333333
NaMgSb,24.6666666667,3.66666666667,6.0,56.3666666667,1.43,0.53931,7.13123366667,26.3172233333,2.02,1.46666666667,732.624,1459.79666667,0.819333333333,26.1096666667,3.13433333333,10.3333333333,97.86,1.071
NaSrAs,27.3333333333,4.0,6.0,61.8433333333,1.35333333333,0.452643333333,6.87417533333,25.6352333333,2.20333333333,1.56666666667,837.081333333,1231.79666667,0.621,26.5533333333,3.10833333333,12.7666666667,89.1033333333,0.755
NaSrP,21.3333333333,3.66666666667,6.0,47.1933333333,1.35666666667,0.431476666667,7.106872,26.0286666667,2.18666666667,1.53,579.464666667,1119.96333333,0.767666666667,26.2813333333,1.807,3.74666666667,82.4366666667,0.58845
NaZnAs,24.6666666667,3.66666666667,9.33333333333,54.4333333333,1.58666666667,0.452643333333,8.10729166667,27.9466633333,2.04333333333,1.33333333333,717.923666667,1075.13,0.648333333333,26.0866666667,4.61166666667,12.55,81.9033333333,1.024
NaZnF3,13.6,2.6,12.8,29.076,2.904,2.148986,13.360335,34.032638,1.738,0.92,244.8122,518.272,0.8176,29.5064,2.6392,2.146,44.62388,0.5141674
NaZnP,18.6666666667,3.33333333333,9.33333333333,39.7833333333,1.59,0.431476666667,8.33998833333,28.3400966667,2.02666666667,1.29666666667,460.307,963.296666667,0.795,25.8146666667,3.31033333333,3.53,75.2366666667,0.85745
NaZnSb,30.6666666667,4.0,9.33333333333,70.06,1.54333333333,0.53931,7.71388833333,27.2935966667,2.11333333333,1.4,655.799666667,1398.79666667,0.607666666667,26.2833333333,4.935,9.88333333333,93.76,0.937666666667
Rb3As,36.0,4.75,4.5,82.8325,1.16,0.56694,5.579996,25.114425,2.735,1.9125,506.875,943.15,0.3545,29.455,2.58075,8.5675,60.0,0.562
Rb3P,31.5,4.5,4.5,71.845,1.1625,0.551065,5.7545185,25.4095,2.7225,1.885,313.6625,859.275,0.4645,29.251,1.60475,1.8025,55.0,0.4370875
Rb3Sb,40.5,5.0,4.5,94.5525,1.1275,0.63194,5.2849435,24.624625,2.7875,1.9625,460.282,1185.9,0.324,29.6025,2.82325,6.5675,68.8925,0.49725
RbBr,36.0,4.5,9.0,82.685,1.89,1.92546,7.995464,24.44025,2.44,1.66,289.2,646.55,0.4185,53.375,2.326,3.995,41.9625,0.29161
RbCaAs,30.0,4.33333333333,6.0,66.8233333333,1.33333333333,0.431973333333,6.69296266667,19.25014,2.39666666667,1.69666666667,839.25,1202.48333333,0.446333333333,27.2096666667,2.93633333333,12.81,85.4233333333,1.03133333333
RbCaBr3,32.4,4.2,10.8,73.05,2.14,2.116184,9.1463376,20.786844,2.178,1.48,445.09,742.83,0.4864,56.8118,2.4884,5.626,53.609,0.519132
RbCaCl3,21.6,3.6,10.8,46.38,2.26,2.267384,9.8386356,22.120404,2.118,1.378,388.51,687.126,0.4894,31.7672,2.5448,4.066,50.894,0.5184534
RbCaF3,16.8,3.0,10.8,36.51,2.752,2.136584,12.5117376,28.814724,1.95,1.138,317.608,594.684,0.6964,30.1802,1.634,2.302,46.73588,0.5185674
RbCaI3,43.2,4.8,10.8,101.25,1.96,1.932644,8.3288136,19.311024,2.256,1.594,517.63,818.19,0.3304,44.0558,3.5804,6.802,57.314,0.521094
RbCaSb,36.0,4.66666666667,6.0,82.45,1.29,0.51864,6.29955933333,18.5970733333,2.46666666667,1.76333333333,777.126,1526.15,0.405666666667,27.4063333333,3.25966666667,10.1433333333,97.28,0.945
RbCdBr3,38.0,4.4,12.8,87.514,2.278,2.116184,9.7224696,21.794162,2.152,1.412,340.9038,599.43,0.4032,56.83,3.9084,5.178,42.649,0.310732
RbCdCl3,27.2,3.8,12.8,60.844,2.398,2.267384,10.4147676,23.127722,2.092,1.31,284.3238,543.726,0.4062,31.7854,3.9648,3.618,39.934,0.3100534
RbCdF3,22.4,3.2,12.8,50.974,2.89,2.136584,13.0878696,29.822042,1.924,1.07,213.4218,451.284,0.6132,30.1984,3.054,1.854,35.77588,0.3101674
RbCl,27.0,4.0,9.0,60.46,1.99,2.05146,8.572379,25.55155,2.39,1.575,242.05,600.13,0.421,32.5045,2.373,2.695,39.7,0.2910445
RbF,23.0,3.5,9.0,52.235,2.4,1.94246,10.799964,31.13015,2.25,1.375,182.965,523.095,0.5935,31.182,1.614,1.225,36.2349,0.2911395
RbHgF3,28.8,3.4,12.8,68.614,2.932,2.136584,13.3766056,30.19174,1.934,1.054,141.4422,369.2078,0.595,30.591,4.0308,1.052,27.66188,0.1332474
RbI,45.0,5.0,9.0,106.185,1.74,1.77251,7.314194,23.2104,2.505,1.755,349.65,709.35,0.2885,42.745,3.236,4.975,45.05,0.293245
RbMgCl3,20.0,3.4,10.8,43.226,2.322,2.267384,10.1452506,22.753114,2.002,1.31,350.11,608.326,0.5646,31.5552,2.5824,4.098,45.48,0.4284534
RbMgF3,15.2,2.8,10.8,33.356,2.814,2.136584,12.8183526,29.447434,1.834,1.07,279.208,515.884,0.7716,29.9682,1.6716,2.334,41.32188,0.4285674
RbSrCl3,25.2,3.8,10.8,55.888,2.25,2.267384,9.7549736,21.95208,2.154,1.41,375.51,665.726,0.4212,31.9394,2.7608,3.958,47.34,0.1870534
RbZnF3,18.8,3.0,12.8,41.572,2.882,2.136584,13.1679454,30.033258,1.89,1.03,233.1134,479.284,0.6446,30.0724,2.752,2.064,38.86188,0.3485674
Sc2O3,13.2,2.8,10.8,27.584,2.608,0.9518729,10.795426,26.192568,1.772,1.02,758.276,1297.7728,0.778,27.8348,2.0514,6.5332,123.96654,0.06336044
Sc2S3,18.0,3.4,10.8,37.226,2.092,1.321472,8.840602,19.122636,1.94,1.26,958.676,1674.316,0.652,23.828,2.37,7.438,127.92,0.064814
Sc2Se3,28.8,4.0,10.8,65.36,2.074,1.2872,8.47603,17.833908,2.0,1.344,1022.03,1818.55,0.4198,25.4258,4.0854,9.64,137.712,0.07544
Sc2Te3,39.6,4.6,10.8,94.544,1.804,1.25768,8.030356,16.279908,2.096,1.458,1159.256,2000.35,0.3484,25.646,4.938,16.9,152.298,0.0773
ScAs,27.0,4.0,9.0,59.94,1.77,0.499,8.175045,15.694485,2.0,1.395,1452.15,1999.15,0.4485,25.08,4.356,21.85,168.6,0.33
ScCl3,18.0,3.25,13.5,37.8275,2.71,2.75975,11.366095,21.0601425,1.85,1.1475,582.275,956.62,0.50125,31.84175,3.15675,6.4,83.85,0.03956675
ScF3,12.0,2.5,13.5,25.49,3.325,2.59625,14.7074725,29.4280425,1.64,0.8475,493.6475,841.0675,0.76,29.858,2.01825,4.195,78.65235,0.03970925
ScN,14.0,3.0,9.0,29.485,2.2,0.059,10.547795,21.200535,1.85,1.15,938.65,1593.2525,0.804,27.322,2.118,8.18,153.7964,0.0791299
ScP,18.0,3.5,9.0,37.965,1.775,0.46725,8.52409,16.284635,1.975,1.34,1065.725,1831.4,0.6685,24.672,2.404,8.32,158.6,0.080175
ScSb,36.0,4.5,9.0,83.38,1.705,0.629,7.58494,14.714885,2.105,1.495,1358.964,2484.65,0.3875,25.375,4.841,17.85,186.385,0.2005
Sr3As2,36.0,4.6,7.2,82.54,1.442,0.324,7.33235,14.05374,2.234,1.62,1066.15,1345.75,0.3152,25.93,3.8688,15.88,95.1,0.4126
Sr3N2,25.6,3.8,7.2,58.176,1.786,-0.028,9.23055,18.45858,2.114,1.424,655.35,1021.032,0.5996,27.7236,2.0784,4.944,83.25712,0.21190392
Sr3P2,28.8,4.2,7.2,64.96,1.446,0.2986,7.611586,14.52586,2.214,1.576,757.01,1211.55,0.4912,25.6036,2.3072,5.056,87.1,0.21274
Sr3Sb2,43.2,5.0,7.2,101.292,1.39,0.428,6.860266,13.27006,2.318,1.7,991.6012,1734.15,0.2664,26.166,4.2568,12.68,109.328,0.309
SrAl2O4,13.7142857143,2.71428571429,13.1428571429,29.3685714286,2.56142857143,0.960926571429,10.3055122857,27.0245142857,1.75,0.991428571429,447.790857143,1085.02885714,0.824571428571,27.5288571429,1.96371428571,4.32685714286,104.591942857,0.727724228571
SrBr2,36.0,4.33333333333,12.0,82.4733333333,2.29,2.24333333333,9.77415,18.0707,2.06333333333,1.41333333333,527.35,771.35,0.418,59.39,2.95666666667,6.53333333333,55.45,0.11848
SrCl2,24.0,3.66666666667,12.0,52.84,2.42333333333,2.41133333333,10.54337,19.5524333333,1.99666666667,1.3,464.483333333,709.456666667,0.421333333333,31.5626666667,3.01933333333,4.8,52.4333333333,0.117726
SrF2,18.6666666667,3.0,12.0,41.8733333333,2.97,2.266,13.5134833333,26.9905666667,1.81,1.03333333333,385.703333333,606.743333333,0.651333333333,29.7993333333,2.00733333333,2.84,47.8132,0.117852666667
SrI2,48.0,5.0,12.0,113.806666667,2.09,2.0394,8.86579,16.4309,2.15,1.54,607.95,855.083333333,0.244666666667,45.2166666667,4.17,7.84,59.5666666667,0.12066
SrIn2O4,24.0,3.28571428571,13.1428571429,54.46,2.61,0.920640857143,10.2485385714,27.0364428571,1.77571428571,1.04285714286,303.87,944.457428571,0.634857142857,28.2545714286,3.28085714286,2.20114285714,86.1776571429,0.283724228571
SrLa2O4,26.2857142857,3.57142857143,10.2857142857,61.3457142857,2.41571428571,0.977783714286,10.1886928571,24.8046428571,1.91857142857,1.19142857143,521.984285714,1355.02885714,0.624,28.3602857143,2.94828571429,3.04114285714,135.669085714,0.0891528
SrO,23.0,3.5,9.0,51.81,2.195,0.73056075,9.65645,23.0756,2.005,1.27,552.255,870.169,0.612,28.084,2.0295,4.111,70.15545,0.1766337
SrS,27.0,4.0,9.0,59.845,1.765,1.03856,8.02743,17.18399,2.145,1.47,719.255,1183.955,0.507,24.745,2.295,4.865,73.45,0.177845
SrSc2O4,16.0,3.0,10.2857142857,34.5057142857,2.49,0.888640857143,10.4700042857,25.3020057143,1.83857142857,1.09142857143,699.412857143,1175.60028571,0.730571428571,27.906,2.04514285714,5.84114285714,108.591942857,0.0957242285714
SrSe,36.0,4.5,9.0,83.29,1.75,1.01,7.72362,16.11005,2.195,1.54,772.05,1304.15,0.3135,26.0765,3.7245,6.7,81.61,0.1867
SrTe,45.0,5.0,9.0,107.61,1.525,0.9854,7.352225,14.81505,2.275,1.635,886.405,1455.65,0.254,26.26,4.435,12.75,93.765,0.18825
SrY2O4,21.1428571429,3.28571428571,10.2857142857,47.0628571429,2.45,0.922640857143,10.3716642857,25.1375,1.88714285714,1.14,693.984285714,1321.02885714,0.653428571429,28.1945714286,2.47,4.52685714286,125.306228571,0.0997242285714
Y2O3,20.4,3.2,10.8,45.164,2.552,0.9994729,10.65775,25.96226,1.84,1.088,750.676,1501.3728,0.67,28.2388,2.6462,4.6932,147.36654,0.06896044
Y2S3,25.2,3.8,10.8,54.806,2.036,1.369072,8.702926,18.892328,2.008,1.328,951.076,1877.916,0.544,24.232,2.9648,5.598,151.32,0.070414
Y2Se3,36.0,4.4,10.8,82.94,2.018,1.3348,8.338354,17.6036,2.068,1.412,1014.43,2022.15,0.3118,25.8298,4.6802,7.8,161.112,0.08104
YAs,36.0,4.5,9.0,81.915,1.7,0.5585,8.00295,15.4066,2.085,1.48,1442.65,2253.65,0.3135,25.585,5.0995,19.55,197.85,0.337
YBr3,36.0,4.25,13.5,82.1525,2.525,2.6005,10.414675,19.24925,1.9675,1.3175,648.25,1153.5,0.43,63.4,3.458,7.2,101.86875,0.043915
YCl3,22.5,3.5,13.5,48.815,2.675,2.7895,11.2800475,20.9162,1.8925,1.19,577.525,1083.87,0.43375,32.09425,3.5285,5.25,98.475,0.04306675
YF3,16.5,2.75,13.5,36.4775,3.29,2.626,14.621425,29.2841,1.6825,0.89,488.8975,968.3175,0.6925,30.1105,2.39,3.045,93.27735,0.04320925
YI3,49.5,5.0,13.5,117.4025,2.3,2.371075,9.39277,17.404475,2.065,1.46,738.925,1247.7,0.235,47.455,4.823,8.67,106.5,0.0463675
YN,23.0,3.5,9.0,51.46,2.13,0.1185,10.3757,20.91265,1.935,1.235,929.15,1847.7525,0.669,27.827,2.8615,5.88,183.0464,0.0861299
YP,27.0,4.0,9.0,59.94,1.705,0.52675,8.351995,15.99675,2.06,1.425,1056.225,2085.9,0.5335,25.177,3.1475,6.02,187.85,0.087175
YSb,45.0,5.0,9.0,105.355,1.635,0.6885,7.412845,14.427,2.19,1.58,1349.464,2739.15,0.2525,25.88,5.5845,15.55,215.635,0.2075
Zn3As2,31.2,4.0,13.2,69.202,1.862,0.324,9.5519594,18.214314,1.946,1.2,851.6662,1063.75,0.3644,25.09,6.5748,15.49,82.14,0.8968
Zn3N2,20.8,3.2,13.2,44.838,2.206,-0.028,11.4501594,22.619154,1.826,1.004,440.8662,739.032,0.6488,26.8836,4.7844,4.554,70.29712,0.69610392
Zn3P2,24.0,3.6,13.2,51.622,1.866,0.2986,9.8311954,18.686434,1.926,1.156,542.5262,929.55,0.5404,24.7636,5.0132,4.666,74.14,0.69694
ZnBr2,33.3333333333,4.0,15.3333333333,75.0633333333,2.52333333333,2.24333333333,11.0072663333,20.38213,1.90333333333,1.18,408.192333333,614.683333333,0.445333333333,58.9233333333,4.46,6.31666666667,48.25,0.38748
ZnCl2,21.3333333333,3.33333333333,15.3333333333,45.43,2.65666666667,2.41133333333,11.7764863333,21.8638633333,1.83666666667,1.06666666667,345.325666667,552.79,0.448666666667,31.096,4.52266666667,4.58333333333,45.2333333333,0.386726
ZnF2,16.0,2.66666666667,15.3333333333,34.4633333333,3.20333333333,2.266,14.7465996667,29.3019966667,1.65,0.8,266.545666667,450.076666667,0.678666666667,29.3326666667,3.51066666667,2.62333333333,40.6132,0.386852666667
ZnI2,45.3333333333,4.66666666667,15.3333333333,106.396666667,2.32333333333,2.0394,10.0989063333,18.74233,1.99,1.30666666667,488.792333333,698.416666667,0.272,44.75,5.67333333333,7.62333333333,52.3666666667,0.38966
ZnIn2O4,22.8571428571,3.14285714286,14.5714285714,51.2842857143,2.71,0.920640857143,10.777017,28.0270557143,1.70714285714,0.942857142857,252.802428571,877.314571429,0.646571428571,28.0545714286,3.92514285714,2.10828571429,83.0919428571,0.399009942857
ZnO,19.0,3.0,14.0,40.695,2.545,0.73056075,11.5061245,26.542745,1.765,0.92,373.5185,635.169,0.653,27.384,4.2845,3.786,59.35545,0.5801337
ZnS,23.0,3.5,14.0,48.73,2.115,1.03856,9.8771045,20.651135,1.905,1.12,540.5185,948.955,0.548,24.045,4.55,4.54,62.65,0.581345
ZnSe,32.0,4.0,14.0,72.175,2.1,1.01,9.5732945,19.577195,1.955,1.19,593.3135,1069.15,0.3545,25.3765,5.9795,6.375,70.81,0.5902
ZnTe,41.0,4.5,14.0,96.495,1.875,0.9854,9.2018995,18.282195,2.035,1.285,707.6685,1220.65,0.295,25.56,6.69,12.425,82.965,0.59175
