,Z,Period,Group,m,kai,EA,IE1,IE2,Rvdw,Rcov,MP,BP,Cp_g,Cp_mol,rho,E-fusion,E-vapor,ThermalConductivity,energy,energy_per_atom,volume
Al2O3,-1.38023618927,-1.57632350582,1.31016418877,-1.35185407112,1.12875410408,-0.292906987492,0.532866776789,0.487321031466,-1.40181963595,-1.67013647625,-0.539953058077,0.146755689088,0.485172012465,-0.410863135014,-0.942132179039,-0.445343419016,0.729737398561,1.28441707405,-2.9099021849,-2.02772620567,0.282103940836
Al2S3,-0.998370034201,-0.856596924599,1.31016418877,-1.04353781693,0.148700474433,0.158257845265,-0.412703276145,-0.370283951001,-0.72910929757,-0.70890813884,0.228503000743,0.938670074152,0.209943869525,-0.822297561188,-0.740444837021,-0.224852023316,0.823464940609,1.28854235961,-0.970689419841,-0.194540302062,1.80067324119
Al2Se3,-0.139171185302,-0.136870343379,1.31016418877,-0.143914347173,0.11451255712,0.116422458901,-0.589050796606,-0.526610709708,-0.488855605293,-0.372478220746,0.471440950596,1.24201104383,-0.297262279608,-0.658228996213,0.345476275649,0.311755020598,1.05561098274,1.31869954912,0.10104533038,-0.161973302156,-0.0529756256462
Al2Te3,0.720027663596,0.582856237841,1.31016418877,0.789284321388,-0.398306202581,0.0803877773689,-0.804628254102,-0.715115796144,-0.104449697649,0.0841052395243,0.997649289557,1.62435770473,-0.453224893941,-0.635617969797,0.88520831521,2.08094990653,1.40141185801,1.3239783344,-1.19356751585,0.209337855529,3.36995271638
AlAs,-0.34601535263,-0.256824773582,1.05581013647,-0.374719856687,-0.415400161237,-0.814839686787,-0.762488891588,-0.712998449758,-0.612986679636,-0.308396331585,1.78307848736,1.55516515719,-0.162706298615,-0.707291432279,0.498735866052,3.15806304644,1.75470437433,2.66893336034,0.52283741194,-0.146487381607,-0.687543230238
AlBr3,0.171095065689,0.0430613019258,1.69169526724,0.127948834026,0.966361496844,1.63691024061,0.432087892453,-0.447161092463,-0.602976109124,-0.438562668943,-0.437087507036,-0.324285302179,-0.235335947446,3.23551913451,-0.259965575906,0.191128096558,-0.091090181724,0.277629434346,0.00437751264317,0.552387837294,1.10435234839
AlCl3,-0.902903495434,-0.856596924599,1.69169526724,-0.938063728102,1.25126080779,1.86762009188,0.850678169958,-0.244954815864,-0.903293224471,-0.949215223192,-0.7082903751,-0.470725335174,-0.227144633668,0.0209181344132,-0.21533607932,-0.284068876935,-0.171548273073,0.275222052829,0.264053340355,0.214111922279,-0.226159822126
AlF3,-1.38023618927,-1.75625515112,1.69169526724,-1.33257231409,2.41934798266,1.66803776023,2.46693953136,0.770097766364,-1.74418114744,-2.15075064496,-1.04814236788,-0.713745756151,0.338056017013,-0.182781337216,-0.936054970993,-0.821406993116,-0.294772729354,0.275626475896,0.101611446752,-0.844518800402,-0.569580370394
AlI3,1.24509362681,0.942719528451,1.69169526724,1.25511622255,0.539012530427,1.3568541156,-0.062218891658,-0.670938100718,-0.212563859174,0.132166656395,-0.089384148086,-0.126171685805,-0.661284263901,1.59822205821,0.604137443096,0.549353507345,0.0187062191782,0.284589768174,0.105421928022,0.8816401013,1.60658711581
AlN,-1.38023618927,-1.45636907562,1.05581013647,-1.34856050399,0.401311196804,-1.35194198604,0.385236603443,-0.0450972714001,-1.21362091033,-1.28965025936,-0.185994298086,0.701515246339,0.613830247538,-0.477073806372,-0.918013259608,-0.17318958312,1.40374469814,1.9569498156,0.273994378559,-2.02517121189,-0.67322845109
AlP,-1.06201439338,-0.856596924599,1.05581013647,-1.07740080315,-0.405903517539,-0.853596500426,-0.593651953262,-0.641411399076,-0.713092384751,-0.528677825575,0.301288903883,1.20236728939,0.31785077636,-0.749186522096,-0.736963103245,-0.139072877331,1.51762712542,1.95991586856,0.50432878714,-0.628968800993,-0.675421396008
AlSb,0.369983688119,0.342947377434,1.05581013647,0.374806486208,-0.538856529313,-0.656150371097,-1.0479292259,-0.831827010036,-0.192542718151,0.0921154756694,1.42574642001,2.57622843479,-0.295951669403,-0.676999639396,0.805761480863,2.18330002389,2.17634626152,2.30140502977,0.441989984465,0.16447710778,-0.518556179087
Ba3As2,1.54740433291,1.78240053987,-1.10619930814,1.58856591128,-1.34417191492,-1.18287683048,-1.17110170876,-1.3523748298,1.40114010729,1.6781422324,1.87640716894,1.10488781891,-0.94688807096,-0.4733771808,0.614772557176,2.34900973773,0.225081964356,-0.523312710927,0.409893077254,0.313495028599,-0.12215018782
Ba3N2,0.720027663596,0.822765098247,-1.10619930814,0.809493393432,-0.690802828484,-1.61255866989,-0.252921312731,-0.818053887109,0.920632722733,0.893139090178,0.301148940579,0.421967890233,-0.325658834038,-0.289203080075,-0.518626743352,-0.315992365924,-0.0556857766033,-1.09289954672,0.376472794887,-0.0349839199221,-0.354363435929
Ba3P2,0.974605100307,1.30258281906,-1.10619930814,1.02642115411,-1.33657459996,-1.21388228139,-1.03603215809,-1.29510518925,1.32105554319,1.5019170372,0.690975502155,0.822649524673,-0.56244241098,-0.506893252654,-0.373786618263,-0.288699001293,0.0354201652265,-1.09052670435,0.398684236434,0.196618545619,-0.165184263243
Ba3Sb2,2.1202035655,2.26221826069,-1.10619930814,2.18818698559,-1.44293700938,-1.05592537793,-1.39945397621,-1.44743767802,1.73749527647,1.9985516782,1.59054151506,1.92173844099,-1.05348436759,-0.449143746494,0.860393049024,1.56919931969,0.562395474107,-0.817335375386,0.425355374433,0.474723021929,-0.011186213314
BaAl2O4,-0.880173367158,-1.02796039632,0.783287937581,-0.837874878056,0.834086816768,-0.405388816909,0.373894407547,0.277930489492,-0.884702164961,-1.13230633506,-0.407111393634,0.106613916551,0.267610718522,-0.369284898819,-0.845891631385,-0.466384375117,0.414349537899,0.590287832621,-4.17494865785,-1.88814034691,1.6579774767
BaBr2,1.16553817784,1.14264357879,0.4199250057,1.16281107281,0.296848116124,1.16002850218,0.072350018022,-0.831907676627,0.514870931345,0.679532792989,-0.138553129007,-0.365611550181,-0.662922526657,2.92738143347,-0.111200587287,0.0713134750351,-0.735792125483,-1.23014016903,0.0640000817599,0.134567823902,0.428524166351
BaCl2,0.210872790175,0.342947377434,0.4199250057,0.215244350925,0.550091948069,1.36510392553,0.444430264693,-0.652168764099,0.247922384357,0.225619411407,-0.379622345061,-0.495780468398,-0.655641358855,0.0699583222655,-0.0715299236529,-0.351083834736,-0.807310428906,-1.23228006371,-0.000289977492262,-0.144750236145,0.256229924565
BaF2,-0.213422937674,-0.456748823925,0.4199250057,-0.135429947729,1.58839165907,1.18769740851,1.88110703037,0.25010019789,-0.499533547185,-0.842412074578,-0.68171300531,-0.711798620379,-0.153240780472,-0.111107874735,-0.712168938473,-0.828717715785,-0.916843278932,-1.23192057654,-0.188700616933,-0.963329265515,-0.155237560001
BaI2,2.1202035655,1.94233978014,0.4199250057,2.16473764041,-0.0830176318018,0.911089724391,-0.367033790077,-1.03082057285,0.861904042385,1.18684774882,0.170516523393,-0.189510557855,-1.04154325239,1.47200625453,0.656890985157,0.389736062402,-0.63819532468,-1.22395320562,0.135517503748,0.445286274023,0.712333502583
BaIn2O4,-0.0618887491602,-0.342506509444,0.783287937581,-0.0355418279222,0.926339926976,-0.454565066387,0.346335589952,0.279377462712,-0.781736296819,-0.926328834223,-0.95899190592,-0.189024237089,-0.146791746131,-0.294765621415,-0.0120842179706,-0.984401295673,-0.0222112818929,-0.669809300774,-7.02107444652,-0.977454766425,4.12072019244
BaLa2O4,0.119952277061,0.000220434001204,-0.125119392106,0.184638387387,0.557327486125,-0.384811521029,0.317387554099,0.00865310498525,-0.209703696188,-0.331282720554,-0.122608450969,0.674455492145,-0.170507549831,-0.283910451085,-0.222616068125,-0.779701060938,1.15111789116,-1.22201402912,-0.645601637087,-2.15821005185,-0.0446295939172
BaO,0.369983688119,0.342947377434,-0.533902690452,0.447073104593,0.0974185984631,-0.686593390454,-0.0235365155806,-0.245545865436,0.408091512542,0.212269017846,-0.0750072325244,0.00625948520795,-0.276292516336,-0.265339308326,-0.605290262255,-0.51898676537,-0.374120113792,-1.14503527096,0.487129329155,-1.07732295969,-0.668320439126
BaS,0.688205484007,0.942719528451,-0.533902690452,0.704003316417,-0.719292759578,-0.31062269649,-0.811511559692,-0.960216684158,0.968683461188,1.01329263235,0.565372816493,0.666188139428,-0.50564930212,-0.608201330138,-0.43721747724,-0.335243935619,-0.296013828752,-1.14159753299,0.506298722156,-0.57761668528,-0.602827424626
BaSc2O4,-0.698332340937,-0.685233452877,-0.125119392106,-0.673607646883,0.69842047822,-0.493627051787,0.453461012596,0.0689847834835,-0.530041952557,-0.731794527808,0.557761113515,0.297096222858,0.0622817864871,-0.330558345201,-0.794343884568,-0.0973669451527,0.509180437463,-1.20336394284,-3.4650131273,-2.49724512592,0.924670092231
BaSe,1.40420452476,1.54249167947,-0.533902690452,1.45368954121,-0.747782690673,-0.34548551846,-0.958467826743,-1.09048898308,1.16889487142,1.29365089743,0.767821108037,0.91897228083,-0.928321093064,-0.471477525992,0.467716783319,0.111928600975,-0.10255879364,-1.11646654174,0.519395584615,-0.236208673776,-0.610238802577
BaTe,2.1202035655,2.14226383048,-0.533902690452,2.23135509835,-1.17513165709,-0.375514419736,-1.13811570799,-1.24757655511,1.48923312779,1.67413711432,1.20632805717,1.23759449825,-1.05828993834,-0.452635003979,0.917493482953,1.58625767258,0.185608602412,-1.112067554,0.52488035967,-0.0932319760249,-0.540951042669
BaY2O4,-0.289190031934,-0.342506509444,-0.125119392106,-0.272075677477,0.622447328635,-0.452123692299,0.405892863747,0.0490297230631,-0.335550868299,-0.537260221433,0.536944653408,0.602949515959,-0.106225239803,-0.300926664035,-0.525391254692,-0.417646223989,0.905438124923,-1.19201171642,-2.10266387513,-2.5006638892,0.483021028034
Be3N2,-1.76210234433,-2.05614122663,-1.10619930814,-1.6518180949,0.0841232972857,-1.61255866989,0.940210916503,-0.220710380949,-1.84228473845,-1.6781467124,1.58957826076,1.20811300489,1.79884030742,-1.00554750552,-1.1498967291,-0.323303088593,2.17473698116,2.01647527163,-2.53132211999,-1.53428639304,-0.0253728400476
Be3P2,-1.50752490762,-1.57632350582,-1.10619930814,-1.43489033422,-0.561648474189,-1.21388228139,0.157100071139,-0.69776168309,-1.44186191799,-1.06936876537,1.97940482233,1.60879463933,1.56205673048,-1.2232376781,-1.00505660401,-0.296009723962,2.26584292299,2.018848114,-1.57648382761,-0.289753804697,0.710166559106
BeAl2O4,-1.47115670238,-1.7134142832,0.783287937581,-1.42390142289,1.01859303718,-0.405388816909,0.657973509725,0.420155133823,-1.5425396557,-1.74451724045,-0.100342507877,0.293791324802,0.773443847437,-0.539843095354,-0.996194008946,-0.468125023373,0.945402575461,1.33061517032,-1.8297255807,-1.99245427219,-0.128470138057
BeBr2,-0.213422937674,-0.456748823925,0.4199250057,-0.204584198477,0.727362630447,1.16002850218,0.735201256469,-0.500050173205,-1.02008321379,-0.748959319565,0.57724093776,0.0711357357461,0.517354774152,2.52941230822,-0.461906134926,0.0672519624427,0.503331628836,0.497290285613,0.386758680426,0.490718321464,-0.216061908643
BeCl2,-1.16808832534,-1.25644502527,0.4199250057,-1.15215092037,0.980606462391,1.36510392553,1.10728150314,-0.320311260678,-1.28703176073,-1.20287270112,0.336171721702,-0.0590331824856,0.524635941956,-0.328010802975,-0.422235471292,-0.355145347331,0.431813325407,0.495150390931,0.349313175055,0.165342795622,-0.339374313854
BeF2,-1.59238405319,-2.05614122663,0.4199250057,-1.50282521902,2.0189061734,1.18769740851,2.54395826887,0.581957701312,-2.03448769228,-2.27090418713,0.0340810614531,-0.275051334458,1.02703652035,-0.509076999986,-1.06287448611,-0.83277922838,0.322280475388,0.495509878102,-2.59040774294,-0.912254278991,0.778835121614
BeI2,0.741242449991,0.342947377434,0.4199250057,0.797342369101,0.347496882521,0.911089724391,0.29581744837,-0.698963069432,-0.673050102705,-0.241644363696,0.88631059016,0.247236728071,0.138734048415,1.07403712929,0.306185437518,0.385674549807,0.600928429623,0.503477249016,0.425371205101,0.826234437362,-0.103000111758
BeO,-1.69845798516,-2.05614122663,-0.533902690452,-1.60401980235,0.743190369938,-0.686593390454,0.970740342114,0.252240389697,-1.89433970511,-1.93046915097,0.998683867624,0.661380414088,1.49412343488,-0.862292996197,-1.13134858371,-0.525079034261,1.48456551768,1.446110411,0.45905437465,-1.80917873207,-0.754323362876
BeS,-1.38023618927,-1.45636907562,-0.533902690452,-1.34708959052,-0.0735209881037,-0.31062269649,0.182765298003,-0.462430429025,-1.33374775647,-1.12944553646,1.63906391664,1.32130906831,1.26476664909,-1.20515501801,-0.963275798698,-0.34133620451,1.56267180272,1.44954814897,0.50894821707,-0.508549853972,-0.71178199698
BeSe,-0.664237148518,-0.856596924599,-0.533902690452,-0.597403365728,-0.102010919198,-0.34548551846,0.0358090309516,-0.592702727948,-1.13353634624,-0.849087271379,1.84151220819,1.57409320971,0.842094858151,-1.06843121386,-0.0583415381391,0.105836332085,1.75612683783,1.47467914022,0.522825180668,-0.146806225493,-0.695112681287
BeTe,0.0517618922307,-0.256824773582,-0.533902690452,0.180262191405,-0.529359885615,-0.375514419736,-0.143838850295,-0.749790299978,-0.813198089867,-0.468601054487,2.28001915732,1.89271542713,0.712126012874,-1.04958869185,0.391435161495,1.58016540369,2.04429423388,1.47907812796,0.53731014923,0.230786830013,-0.66476796756
Ca3N2,-0.998370034201,-0.616688064192,-1.10619930814,-1.05575279402,-0.565447131668,-1.61255866989,0.00871685636466,-0.682105328845,0.0316940613076,0.12415642025,0.565737104544,-0.0335672404107,0.254941486545,-0.421111002572,-1.26308472895,-0.237036561097,0.150144690902,2.01647527163,0.316866515297,-0.656508699661,-0.540651386456
Ca3P2,-0.74379259749,-0.136870343379,-1.10619930814,-0.838825033342,-1.21121890314,-1.21388228139,-0.774393988999,-1.15915663099,0.432116881769,0.732934367276,0.95556366612,0.36711439403,0.018157909603,-0.638801175151,-1.11824460386,-0.209743196466,0.241250632732,2.018848114,0.384441466424,0.0481067687711,-0.368714169182
Ca3Sb2,0.401805867708,0.822765098247,-1.10619930814,0.322940798146,-1.31758131256,-1.05592537793,-1.13781580711,-1.31148911975,0.84855661505,1.22956900827,1.85512967902,1.46620331035,-0.472884047008,-0.581051668992,0.115935063422,1.64815512451,0.768225941612,2.29203944297,0.422671319243,0.446735923551,-0.245483358018
CaAl2O4,-1.28931567615,-1.37068733975,0.783287937581,-1.28198111316,0.86393341124,-0.405388816909,0.436189209685,0.310299193844,-1.09635422718,-1.31539744697,-0.344114211735,-0.00184682883724,0.40584889009,-0.400691547027,-1.02314353272,-0.447585373968,0.463356792063,1.33061517032,-1.76162351425,-1.86564859554,-0.0222423611208
CaBr2,0.210872790175,0.342947377434,0.4199250057,0.126563190902,0.366490169917,1.16002850218,0.21770455641,-0.756380699814,0.0210161194153,0.252320198571,0.00844029542112,-0.61868662276,-0.340366792999,2.8540992543,-0.524788357063,0.11517781105,-0.621441865759,0.497290285613,0.356425453891,0.227143576333,-0.209630854752
CaCl2,-0.74379259749,-0.456748823925,0.4199250057,-0.821003530992,0.619734001862,1.36510392553,0.589784803095,-0.576641787287,-0.245932427533,-0.201593182971,-0.232628920637,-0.748855540979,-0.333085625197,-0.003323856893,-0.485117693436,-0.307219498721,-0.692960169179,0.495150390931,0.321600760223,-0.0754589096501,-0.296620470612
CaF2,-1.16808832534,-1.25644502527,0.4199250057,-1.17167782964,1.65803371287,1.18769740851,2.02646156877,0.325627174703,-0.993388359075,-1.269624669,-0.534719580886,-0.964873692958,0.169314953186,-0.184390053903,-1.12575670826,-0.78485337977,-0.802493019208,0.495509878102,-0.199740782299,-1.01129496361,-0.353408909311
CaI2,1.16553817784,1.14264357879,0.4199250057,1.12848975848,-0.013375578009,0.911089724391,-0.221679251689,-0.955293596041,0.368049230496,0.75963515444,0.317509947821,-0.442585630428,-0.718987518738,1.39872407537,0.243303215381,0.433600398417,-0.523845064956,0.503477249016,0.509087346328,0.524373361026,-0.384519269849
CaIn2O4,-0.471031058155,-0.685233452877,0.783287937581,-0.479648063026,0.956186521448,-0.454565066387,0.408630392139,0.311746167063,-0.993388359075,-1.10941994609,-0.895994724022,-0.297484982483,-0.00855357456534,-0.326172269622,-0.189336119304,-0.965602294522,0.026795972274,0.0705180369281,-0.353738571796,-1.07131517735,-0.206114228242
CaO,-1.06201439338,-0.856596924599,-0.533902690452,-1.10729871828,0.201881679143,-0.686593390454,0.194495291999,-0.132255400216,-0.332690705313,-0.428549873761,0.145482904113,-0.373353123661,0.20754108415,-0.375262577074,-1.22567191692,-0.453190261348,-0.202594724205,1.446110411,0.324843312245,-1.36240814971,-0.603687499795
CaS,-0.74379259749,-0.256824773582,-0.533902690452,-0.850368506455,-0.614829678898,-0.31062269649,-0.593479752113,-0.846926218938,0.227901243334,0.372473740747,0.78586295313,0.286575530558,-0.0218157016335,-0.718124598886,-1.05759913191,-0.269447431597,-0.124488439164,1.44954814897,0.503611820145,-0.647658641926,-0.661388528199
CaSc2O4,-1.10747464993,-1.02796039632,-0.125119392106,-1.11771388199,0.728267072692,-0.493627051787,0.515755814734,0.101353487835,-0.741694014773,-0.914885639719,0.620758295413,0.18863547747,0.200519958055,-0.361964993419,-0.971595785902,-0.0785679440018,0.558187691628,-0.46303660514,-2.13621994213,-2.56314510313,0.164418377666
CaSe,-0.0277935567413,0.342947377434,-0.533902690452,-0.100682281661,-0.643319609993,-0.34548551846,-0.740436019164,-0.977198517862,0.428112653565,0.652832005826,0.988311244674,0.53935967196,-0.444487492577,-0.58140079474,-0.152664871349,0.177725104998,0.0689665959475,1.47467914022,0.520342202259,-0.211532317227,-0.589860970574
CaTe,0.688205484007,0.942719528451,-0.533902690452,0.676983275473,-1.07066857641,-0.375514419736,-0.92008390041,-1.13428608989,0.748450909934,1.03331822272,1.42681819381,0.857981889377,-0.574456337855,-0.562558272727,0.297111828285,1.6520541766,0.357133992,1.47907812796,0.534595313497,0.160016699234,-0.622127573405
CaY2O4,-0.698332340937,-0.685233452877,-0.125119392106,-0.716181912584,0.652293923107,-0.452123692299,0.468187665885,0.081398427415,-0.547202930554,-0.720351333344,0.599941835306,0.494488770571,0.032012931765,-0.332333312243,-0.702643156025,-0.398847222841,0.954445379088,-0.451684378713,-0.753588741573,-2.56035285214,-0.148736815067
Cd3As2,1.16553817784,1.06267395865,0.801456084161,1.11083879682,-0.432494119894,-1.18287683048,-0.0734192220078,-0.849853749026,0.199871645902,0.0921154756694,0.942454664709,-0.255408222177,-0.911501595439,-0.599678554513,2.56707564187,2.10044516698,-0.348597562561,0.811709116887,0.348632182901,1.12884173476,-0.0211322520501
Cd3N2,0.33816150853,0.103038517027,0.801456084161,0.331766278975,0.220874966539,-1.61255866989,0.844761174017,-0.31553280634,-0.280635738653,-0.692887666549,-0.632803563651,-0.938328150857,-0.290272358517,-0.415504453788,1.43367634134,-0.564556936674,-0.62936530352,0.242122281094,-0.952627473287,0.52337818801,1.0999712493
Cd3P2,0.592738945241,0.582856237841,0.801456084161,0.548694039649,-0.424896804935,-1.21388228139,0.061650328653,-0.79258410848,0.119787081809,-0.0841097195226,-0.242977002076,-0.537646516416,-0.527055935459,-0.633194626367,1.57851646643,-0.537263572043,-0.53825936169,0.244495123462,0.321865420628,0.98929095135,-0.095094015528
CdBr2,0.953390313912,0.742795478108,1.47973355697,0.897407120339,0.803335780032,1.16002850218,0.682173621787,-0.552729298426,-0.152500436105,-0.201593182971,-0.657415631356,-1.12133157301,-0.64326337359,2.85721400362,0.973412237539,-0.0667779531579,-1.05450297377,-0.488461375796,0.465158211907,1.17195599013,-0.241071433248
CdCl2,-0.0012750737533,-0.0569007232396,1.47973355697,-0.0501596015512,1.05657961198,1.36510392553,1.05425386846,-0.372990385886,-0.419448983093,-0.655506564552,-0.898484847414,-1.25150049123,-0.635982205788,-0.000209107571784,1.01308290117,-0.489175262931,-1.12602127719,-0.490601270478,0.536857387106,1.00697823074,-0.543636269805
CdF2,-0.425570801602,-0.856596924599,1.47973355697,-0.400833900205,2.09487932298,1.18769740851,2.49093063413,0.529278576091,-1.16690491459,-1.72353805055,-1.20057550766,-1.46751864321,-0.133581627405,-0.181275304572,0.372443886352,-0.966809143981,-1.23555412722,-0.490241783307,0.493817999807,0.259013254162,-0.676359304841
CdI2,1.90805570158,1.54249167947,1.47973355697,1.89933368793,0.423470032106,0.911089724391,0.242789813674,-0.751642194653,0.194532674975,0.305721772858,-0.348345978956,-0.945230580676,-1.02188409933,1.40183882469,1.74150380999,0.251644634207,-0.956906172969,-0.482274412394,-1.07170280216,1.40174467019,7.72038422734
CdIn2O4,-0.152809262267,-0.513869981166,1.23749160239,-0.149286378982,1.14340606864,-0.454565066387,0.607688562987,0.399025339096,-1.06775259715,-1.30395425247,-1.18136154978,-0.512904246874,-0.138366394817,-0.324837377055,0.452749849815,-1.04358333633,-0.158801645444,-0.351946960819,-0.237329196306,-0.637807931622,-0.21711557022
CdO,0.0517618922307,-0.256824773582,1.05581013647,0.0489671758795,0.857150094315,-0.686593390454,0.891198890043,0.173221701872,-0.592965538613,-1.10941994609,-0.85330098605,-1.12732054903,-0.246803786735,-0.370590453087,1.02162897499,-0.726123907662,-0.852186386223,-0.032517081113,0.533601282322,0.134104370398,-0.716294562079
CdS,0.369983688119,0.342947377434,1.05581013647,0.305897387704,0.0404387362742,-0.31062269649,0.103223845931,-0.54144911685,-0.0323735899663,-0.308396331585,-0.212920937033,-0.467391894814,-0.476160572519,-0.713452474899,1.18970176,-0.542381077911,-0.774080101182,-0.0290793431452,0.558468245794,0.782334477217,-0.530157138191
CdSe,1.08598272887,0.942719528451,1.05581013647,1.0555836125,0.0119488051797,-0.34548551846,-0.04373242112,-0.671721415773,0.167837820265,-0.028038066507,-0.0104726454889,-0.214607753412,-0.898832363463,-0.576728670753,2.09463602056,-0.0952085413164,-0.58062506607,-0.00394835189249,0.560358259815,0.831603218548,-0.623726453585
CdTe,1.80198176962,1.54249167947,1.05581013647,1.83324916963,-0.415400161237,-0.375514419736,-0.223380302366,-0.828808987803,0.488176076634,0.352448150385,0.428034303645,0.104014464005,-1.02880120874,-0.55788614874,2.54441272019,1.37912053029,-0.292457670018,0.000450635847966,0.579845804693,1.33960305182,-0.621111756754
Cs3As,1.76220404513,2.14226383048,-1.96464423468,1.78224684382,-1.85414168151,-0.899405833461,-1.98124990005,-0.311908996203,4.15204488386,3.15603080117,-0.184216955854,-0.359197043494,-0.925590655138,-0.101712284739,-0.370114971735,0.548744280456,-0.679960433364,-0.286193081433,0.0383482640196,1.3030428609,2.63518680262
Cs3Sb,2.1202035655,2.44214990599,-1.96464423468,2.15701001527,-1.91586986555,-0.820061175616,-2.12397006721,-0.371323276342,4.3622668646,3.35628670479,-0.36288298953,0.151334595304,-0.992213340532,-0.0865663882977,-0.21660216433,0.0613627691807,-0.46913948977,-0.46995724672,0.532169846943,1.33987799568,-0.213383938682
CsBeF3,-0.807436956668,-1.09650578501,0.0383939272391,-0.731819275924,1.41745207251,1.02623225048,1.75755738187,0.566424752795,-0.496864061702,-1.05334829308,-0.545924314438,-0.658504234872,0.481240181852,-0.28700564154,-1.05253479187,-0.993452666596,-0.300521141408,-0.0613696159942,0.358114450491,-0.226409488434,-0.60736750334
CsBr,1.40420452476,1.54249167947,-0.533902690452,1.39837040413,-0.45338673603,0.763282833697,-0.778611707872,-0.268380575858,2.57037474304,1.91444419868,-1.00856247105,-0.974043282845,-0.719715635518,2.32496837728,-0.586298987112,-0.559439430806,-1.0989352015,-0.895353551506,0.556032653254,0.718843636676,-0.55320020911
CsCaBr3,0.688205484007,0.822765098247,0.0383939272391,0.635286076192,0.0385394075345,1.00133023479,-0.180821949304,-0.561180650232,1.04075956887,0.917169798613,-0.398360811167,-0.760829286794,-0.492106330007,2.64244690349,-0.549392609084,-0.154669085692,-0.812439200056,-0.059767249234,0.416901825682,0.386576436344,-0.247585219463
CsCaF3,-0.552859519957,-0.616688064192,0.0383939272391,-0.533130842297,1.20092859619,1.02623225048,1.44705936182,0.41262643683,0.127795538218,-0.452580582197,-0.887204699843,-1.07239764997,-0.0333927584397,-0.0921934738907,-1.09026412515,-0.964697157431,-0.97538523816,-0.0613696159942,0.320489817907,-0.618727909247,-0.520500270478
CsCaI3,1.54740433291,1.54249167947,0.0383939272391,1.53701998701,-0.303339765599,0.777285334776,-0.576267376593,-0.740202256836,1.35308936883,1.37375325888,-0.120198124007,-0.602338393695,-0.832864983171,1.33260924245,0.141889806117,0.131911242938,-0.724602079334,-0.0541989821716,-0.11081303281,0.658225668519,1.85469756944
CsCdBr3,1.13371599825,1.06267395865,0.674279058007,1.09779243386,0.300646773604,1.00133023479,0.0978594899138,-0.438989809396,0.936649635551,0.64482176968,-0.797874367233,-1.06241625694,-0.673844278361,2.64431575309,0.34952774768,-0.263842544218,-1.07227586486,-0.65121824608,0.316167475234,0.959584230179,0.262206791065
CsCdCl3,0.274517149353,0.342947377434,0.674279058007,0.244982384154,0.528566222359,1.18589811581,0.432731711917,-0.277224788118,0.696395943274,0.236299726281,-1.01483666168,-1.17956828334,-0.667291227339,0.0726349530072,0.385231344948,-0.644000123012,-1.13664233794,-0.653144151293,0.45316542468,0.764703129279,-0.363928294544
CsCdF3,-0.107349005713,-0.376779203786,0.674279058007,-0.0706244846336,1.46303596226,1.02623225048,1.72574080104,0.534817277665,0.0236856048984,-0.72492861113,-1.28671825591,-1.37398462012,-0.215130706794,-0.090324624296,-0.19134376839,-1.07387061596,-1.23522190297,-0.65282061284,0.393546024237,0.14304153619,-0.524147955845
CsCl,0.688205484007,0.942719528451,-0.533902690452,0.687695362711,-0.263453862067,0.917089401211,-0.499551522869,-0.133576391459,2.3701633328,1.57400916251,-1.18936438309,-1.07166997151,-0.714254759666,0.181901043876,-0.556545989388,-0.876237413135,-1.15257392907,-0.896958472517,0.549847933478,0.55762083336,-0.582207265859
CsF,0.369983688119,0.342947377434,-0.533902690452,0.424689638722,0.515270921182,0.784034513441,0.577956051401,0.543125330027,1.80957138416,0.772985548002,-1.41593237828,-1.23368358549,-0.337454325878,0.0461013961231,-1.0370252505,-1.23446282392,-1.23472356659,-0.896688857139,0.534814948215,0.165742120315,-0.649895676402
CsHgBr3,1.64287087167,1.30258281906,0.674279058007,1.66185577382,0.380418580668,1.00133023479,0.237524295955,-0.394144279509,0.976691917597,0.58073988052,-1.07388813835,-1.23503210408,-0.713599454563,2.68462950863,0.967883666332,-0.459282530239,-1.26464034463,-1.15332722095,0.496250504048,1.21395855418,-0.269328837658
CsHgCl3,0.783672022774,0.582856237841,0.674279058007,0.809045724114,0.608338029424,1.18589811581,0.572396517958,-0.23237925823,0.73643822532,0.17221783712,-1.2908504328,-1.35218413048,-0.707046403541,0.112948708552,1.0035872636,-0.839440109033,-1.32900681771,-1.15525312616,0.348251490487,1.1268569626,0.243777284384
CsHgF3,0.401805867708,-0.136870343379,0.674279058007,0.493438855327,1.54280776932,1.02623225048,1.86540560708,0.579662807553,0.0637278869446,-0.78901050029,-1.56273202702,-1.54660046726,-0.254885882996,-0.0500108687514,0.427012150263,-1.26931060198,-1.42758638273,-1.15492958771,0.428037268062,0.502687581348,-0.503742302054
CsI,2.1202035655,2.14226383048,-0.533902690452,2.14981532981,-0.738286046974,0.576578750353,-1.10814956395,-0.417565248028,2.83064957634,2.29493041557,-0.776760231748,-0.841967538596,-1.00368117982,1.23343699307,-0.0102303077771,-0.320622490281,-1.0257376009,-0.890713328954,0.562111417618,0.877304402416,-0.449285676388
CsMgBr3,0.560916765652,0.582856237841,0.0383939272391,0.534432574251,0.156297789392,1.00133023479,-0.0325088726378,-0.484430937723,0.576269097136,0.64482176968,-0.545609876331,-0.92655490219,-0.327843184379,2.62067788623,-0.525590210905,-0.146870981512,-0.940792822617,-0.315192343841,0.254456652993,0.637849628854,0.20227397936
CsMgCl3,-0.298282083246,-0.136870343379,0.0383939272391,-0.318377475451,0.384217238147,1.18589811581,0.302363349366,-0.322665916444,0.336015404859,0.236299726281,-0.762572170782,-1.04370692859,-0.321290133357,0.0489970861545,-0.489886613636,-0.527028560306,-1.0051592957,-0.317118249055,0.204669550614,0.378280351485,0.0536159959474
CsMgF3,-0.680148238312,-0.856596924599,0.0383939272391,-0.633984344238,1.31868697805,1.02623225048,1.59537243849,0.489376149339,-0.336694933517,-0.72492861113,-1.03445376501,-1.23812326537,0.130870387188,-0.113962491149,-1.06646172697,-0.956899053251,-1.10373886072,-0.316794710601,0.342931462395,-0.384725078618,-0.575609575796
CsMgI3,1.42011561455,1.30258281906,0.0383939272391,1.43616648507,-0.185581383742,0.777285334776,-0.427954299927,-0.663452544327,0.888598897096,1.10140522995,-0.267447189171,-0.768064009091,-0.668601837543,1.31084022519,0.165692204297,0.139709347118,-0.852955701895,-0.309624076779,0.308580859746,0.920030767415,0.435370579494
CsSrBr3,0.974605100307,1.06267395865,0.0383939272391,0.939317495486,0.0195461201382,1.00133023479,-0.221290186735,-0.581598880714,1.18491178424,1.04533357693,-0.448210755103,-0.805835989453,-0.641079023249,2.66012909581,-0.412655428055,-0.180987687301,-0.896696454319,-1.00029920871,0.419332716142,0.411923743175,-0.168405775753
CsSrCl3,0.115406251408,0.342947377434,0.0383939272391,0.0865074457839,0.247465568894,1.18589811581,0.113582035269,-0.419833859435,0.944658091961,0.636811533535,-0.665173049554,-0.922988015848,-0.634525972227,0.0884482957323,-0.376951830786,-0.561145266095,-0.961062927399,-1.00222511392,0.16251717866,0.158515388176,0.254037137286
CsSrF3,-0.266459903658,-0.376779203786,0.0383939272391,-0.229099423003,1.18193530879,1.02623225048,1.40659112439,0.392208206348,0.271947753585,-0.324416803875,-0.937054643778,-1.11740435263,-0.182365451682,-0.0745112815709,-0.953526944125,-0.99101575904,-1.05964249242,-1.00190157547,0.32719306458,-0.548832020084,-0.473317296672
CsSrI3,1.83380394921,1.78240053987,0.0383939272391,1.84105140631,-0.322333052995,0.777285334776,-0.616735614024,-0.760620487318,1.4972415842,1.5019170372,-0.170048067943,-0.647345096353,-0.981837676413,1.35029143477,0.278626987146,0.105592641329,-0.808859333598,-0.994730941647,0.445646080064,0.686297648539,-0.0247232976653
Ga2O3,-0.807436956668,-1.09650578501,1.31016418877,-0.805185881775,1.28070040325,-0.36175373676,0.535485201675,0.56915698482,-1.35376889749,-1.68615694854,-1.50713154694,-0.0972058767226,0.0273321810344,-0.335698415048,-0.130824904935,-0.943447323539,0.400294853473,-0.945160196209,-2.13475356206,-1.01740044722,0.494671874845
Ga2S3,-0.425570801602,-0.376779203786,1.31016418877,-0.496869627586,0.300646773604,0.0894110959964,-0.410084851258,-0.288447997646,-0.681058559114,-0.72492861113,-0.738675488119,0.694708508341,-0.247895961906,-0.747132841222,0.070862437083,-0.722955927839,0.494022395521,-0.941034910648,0.110766947683,-0.111288826506,-0.147118022587
Ga2Se3,0.433628047297,0.342947377434,1.31016418877,0.402753842168,0.26645885629,0.0475757096325,-0.58643237172,-0.444774756354,-0.440804866837,-0.388498693036,-0.495737538266,0.998049478024,-0.755102111039,-0.583064276247,1.15678354975,-0.186348883925,0.726168437656,-0.910877721145,0.217184910289,0.443530239738,0.292586975672
Ga2Te3,1.2928268962,1.06267395865,1.31016418877,1.33595251073,-0.24635990341,0.0115410281006,-0.802009829215,-0.633279842789,-0.056398959194,0.0680847672341,0.0304708006942,1.38039613892,-0.911064725371,-0.560453249831,1.69651558931,1.582846002,1.07196931292,-0.905598935856,0.237270868747,0.548250086306,0.437267285121
GaAs,0.369983688119,0.342947377434,1.05581013647,0.308615379988,-0.225467287274,-0.900898123372,-0.759215860479,-0.610703508065,-0.552923256567,-0.328421921948,0.574105376287,1.25021319993,-0.735006087903,-0.613335532321,1.51286995868,2.53543316579,1.34290119297,-0.118038227484,0.537851814929,0.244906930127,-0.679622676387
GaBr3,0.529094586063,0.342947377434,1.69169526724,0.469616452364,1.06132793383,1.59388102232,0.433724408007,-0.396013621616,-0.57294439759,-0.448575464124,-1.04157406257,-0.476761280811,-0.52148584209,3.28249708449,0.247101470409,-0.120186843769,-0.296991772404,-1.11585635957,0.0920396168028,0.838033967798,1.09524236048
GaCl3,-0.54490397506,-0.556710849091,1.69169526724,-0.596396109764,1.34622724477,1.82459087359,0.852314685512,-0.193807345018,-0.873261512936,-0.959228018374,-1.31277693064,-0.623201313806,-0.513294528312,0.0678960843919,0.291730966995,-0.595383817262,-0.377449863753,-1.11826374108,0.319292801979,0.574106440206,0.0160302531151
GaF3,-1.02223666889,-1.45636907562,1.69169526724,-0.990904695748,2.51431441964,1.62500854194,2.46857604692,0.821245237211,-1.71414943591,-2.16076344014,-1.65262892342,-0.866221734783,0.0519061223683,-0.135803387237,-0.428987924678,-1.13272193344,-0.500674320034,-1.11785931802,0.174306163024,-0.370768720816,-0.512216912507
GaI3,1.60309314719,1.24260560396,1.69169526724,1.59678384089,0.633978967409,1.3138248973,-0.0605823761039,-0.619790629872,-0.182532147639,0.122153861213,-0.693870703625,-0.278647664437,-0.947434158546,1.64520000819,1.11120448941,0.238038567018,-0.187195371502,-1.10889602574,0.172221024675,1.09930432078,1.53757093496
GaN,-0.664237148518,-0.856596924599,1.05581013647,-0.665225267319,0.591244070767,-1.43800042263,0.388509634552,0.057197670293,-1.15355748726,-1.30967584972,-1.39496740916,0.396563289076,0.0415304582495,-0.383117906415,0.0961208330231,-0.795819463774,0.991941516775,-0.830021772224,0.481462439145,-1.2250470162,-0.727336184521
GaP,-0.34601535263,-0.256824773582,1.05581013647,-0.394065566476,-0.215970643576,-0.939654937012,-0.590378922153,-0.539116457383,-0.653028961682,-0.548703415938,-0.907684207195,0.897415332127,-0.254449012928,-0.655230622138,0.277170989385,-0.761702757985,1.10582394406,-0.827055719264,0.408157424923,-0.276495182849,-0.557132928893
GaSb,1.08598272887,0.942719528451,1.05581013647,1.05814172288,-0.34892365535,-0.742208807683,-1.04465619479,-0.729532068343,-0.132479295082,0.0720898853066,0.216773308935,2.27127647752,-0.868251458692,-0.583043739439,1.81989557349,1.56067014324,1.76454308016,-0.485566558057,0.543469486963,0.391347976173,-0.657204400322
HgBr2,1.80198176962,1.14264357879,1.47973355697,1.83751268693,0.936288791806,1.16002850218,0.914948298489,-0.477986748606,-0.0857632993478,-0.308396331585,-1.11743858321,-1.40902465157,-0.709522000593,2.92440359621,2.00400543529,-0.392511263194,-1.37511044005,-1.32530966724,0.454064436347,1.57802789538,0.0727418892324
HgCl2,0.847316381952,0.342947377434,1.47973355697,0.88994596505,1.18953262375,1.36510392553,1.28702854516,-0.298247836078,-0.352711846336,-0.762309713127,-1.35850779927,-1.53919356979,-0.702240832791,0.0669804849991,2.04367609893,-0.814908572965,-1.44662874347,-1.32744956192,0.352530088952,1.38813086011,0.318930561454
HgF2,0.423020654103,-0.456748823925,1.47973355697,0.539271666396,2.22783233476,1.18769740851,2.72370531089,0.604021125899,-1.10016777788,-1.83034119915,-1.66059845952,-1.75521172177,-0.199840254408,-0.114085712001,1.40303708411,-1.29254245402,-1.5561615935,-1.32709007475,0.430556498052,0.871291044388,-0.494780932126
HgI2,2.75664715728,1.94233978014,1.47973355697,2.83943925453,0.55642304388,0.911089724391,0.475564490391,-0.676899644833,0.261269811692,0.198918624284,-0.808368930814,-1.23292365924,-1.08814272633,1.46902841726,2.77209700774,-0.074088675827,-1.27751363925,-1.31912270384,-0.187166918853,1.6980581574,5.66702276489
HgO,1.32464907578,0.342947377434,1.05581013647,1.45912552578,1.05657961198,-0.686593390454,1.24036090514,0.285335526591,-0.492859833497,-1.269624669,-1.54333541384,-1.55886016687,-0.346191727242,-0.269806064226,2.56751877162,-1.21472387271,-1.33309758564,-1.28778951828,0.0739008666405,0.778929023357,0.0334316450298
HgS,1.64287087167,0.942719528451,1.05581013647,1.7160557376,0.239868253935,-0.31062269649,0.452385861033,-0.429335292132,0.0677321151492,-0.468601054487,-0.902955364821,-0.898931512654,-0.575548513025,-0.612668086037,2.73559155663,-1.03098104296,-1.2549913006,-1.28435178031,0.472467039134,1.23546464033,-0.412955320529
HgSe,2.35886991242,1.54249167947,1.05581013647,2.4657419624,0.211378322841,-0.34548551846,0.305429593982,-0.559607591055,0.26794352538,-0.188242789409,-0.700507073277,-0.646147371252,-0.998220303969,-0.475944281892,3.64052581719,-0.58380850637,-1.06153626549,-1.25922078906,0.58133568009,1.37844101003,-0.654809448994
HgTe,3.07486895317,2.14226383048,1.05581013647,3.24340751953,-0.215970643576,-0.375514419736,0.125781712736,-0.716695163084,0.58828178175,0.192243427483,-0.262000124143,-0.327525153836,-1.12818914925,-0.457101759878,4.09030251683,0.890520565237,-0.773368869436,-1.25482180132,0.545708410491,1.51633911657,-0.452265024982
In2O3,-0.234637724069,-0.616688064192,1.31016418877,-0.228587800926,1.25790845838,-0.36175373676,0.494284432165,0.489346793978,-1.25766742058,-1.38176797503,-1.31258577528,-0.267137726011,-0.0949914380502,-0.306536146646,0.225198199744,-1.17056710779,0.118552250866,-0.479718912703,-0.0404628606818,-0.899738248109,-0.416762871579
In2S3,0.147228430997,0.103038517027,1.31016418877,0.0797284532628,0.277854828728,0.0894110959964,-0.451285620769,-0.368258188489,-0.584957082204,-0.420539637616,-0.544129716457,0.524776659052,-0.37021958099,-0.71797057282,0.426885541762,-0.950075712093,0.212279792915,-0.475593627141,-0.311263945546,0.135691758319,1.08585330674
In2Se3,1.0064272799,0.822765098247,1.31016418877,0.979351923016,0.243666911415,0.0475757096325,-0.62763314123,-0.524584947197,-0.344703389926,-0.0841097195226,-0.301191766604,0.828117628735,-0.877425730123,-0.553902007845,1.51280665443,-0.413468668179,0.444425835049,-0.445436437638,0.40994009746,0.313985316257,-0.405168149885
In2Te3,1.86562612879,1.54249167947,1.31016418877,1.91255059158,-0.269151848286,0.0115410281006,-0.843210598725,-0.713090033632,0.0397025177169,0.372473740747,0.225016572357,1.21046428963,-1.03338834446,-0.531290981429,2.05253869399,1.35572621775,0.790226710311,-0.440157652349,-1.10917484556,0.570849521106,4.05752575841
InAs,1.08598272887,0.942719528451,1.05581013647,1.02936298105,-0.253957218369,-0.900898123372,-0.810716822367,-0.710466246618,-0.432796410428,0.0520642949439,0.817287590865,1.03779838832,-0.887910611759,-0.576882696819,1.95789883953,2.25153343547,0.990722939716,0.463763376899,0.534044065556,0.145646809964,-0.626292236105
InBr3,0.887094106438,0.642833452942,1.69169526724,0.829990252894,1.04708296828,1.59388102232,0.407973927064,-0.445894990893,-0.51288097452,-0.258332355678,-0.919982955286,-0.582968686617,-0.597938104018,3.30072350224,0.469615910833,-0.262136708928,-0.473080899033,-0.824955557375,0.365863274323,0.877605320327,0.0068987985559
InCl3,-0.186904454686,-0.256824773582,1.69169526724,-0.236022309234,1.33198227922,1.82459087359,0.826564204568,-0.243688714295,-0.813198089867,-0.768984909928,-1.19118582335,-0.729408719611,-0.58974679024,0.0861225021432,0.514245407419,-0.737333682421,-0.553538990382,-0.827362938892,0.337458051946,0.692489027812,-0.00807219819888
InF3,-0.664237148518,-1.15648300011,1.69169526724,-0.630530895218,2.5000694541,1.62500854194,2.44282556597,0.771363867934,-1.65408601284,-1.97052033169,-1.53103781613,-0.972429140589,-0.0245461395595,-0.117576969486,-0.206473484254,-1.2746717986,-0.676763446663,-0.826958515825,0.189837244417,-0.269552959573,-0.429375705068
InI3,1.96109266756,1.54249167947,1.69169526724,1.95715764142,0.619734001862,1.3138248973,-0.0863328570477,-0.669671999148,-0.12246872457,0.312396969659,-0.572279596336,-0.384855070243,-1.02388642047,1.66342642594,1.33371892984,0.096088701859,-0.363284498131,-0.817995223547,0.18539920631,1.14224529997,1.6061585246
InN,0.0517618922307,-0.256824773582,1.05581013647,0.0555223337419,0.562754139673,-1.43800042263,0.337008672664,-0.0425650682603,-1.03343064112,-0.929189632829,-1.15178519459,0.184148477464,-0.111374065606,-0.346665070912,0.541149713872,-1.07971919409,0.639763263517,-0.248220167841,0.369099270312,-0.785577680285,-0.611050547026
InP,0.369983688119,0.342947377434,1.05581013647,0.326682034585,-0.24446057467,-0.939654937012,-0.641879884041,-0.638879195936,-0.532902115543,-0.168217199046,-0.664501992617,0.685000520516,-0.407353536784,-0.618777786636,0.722199870234,-1.0456024883,0.753645690804,-0.245254114881,0.531446556846,0.077935151051,-0.672800468667
InSb,1.80198176962,1.54249167947,1.05581013647,1.77888932394,-0.377413586445,-0.742208807683,-1.09615715668,-0.829294806896,-0.0123524489432,0.452576102198,0.459955523513,2.05886166591,-1.02115598255,-0.546590903936,2.26492445434,1.27677041292,1.41236482691,0.0962350463257,0.138484650129,0.458177498274,0.194800096486
K3As,-0.385793077116,0.342947377434,-1.96464423468,-0.467291476255,-1.81140678487,-0.872086857422,-1.81917344098,0.45890213079,2.1098884995,2.01457215049,-0.0835584152149,-0.220391325015,-0.0818853360054,-0.302716300222,-0.855816833515,0.59260861647,-0.517088363362,1.12928765118,0.407167753791,1.1467858253,0.0839563982067
K3N,-0.902903495434,-0.256824773582,-1.96464423468,-0.954211799909,-1.40305110585,-1.14063800705,-1.24531069346,0.792852719969,1.80957138416,1.5239451866,-1.06809480794,-0.64721628044,0.306382937071,-0.187607487268,-1.56419139634,-1.07301769831,-0.692568201462,0.773295878811,0.396772256934,1.07903857054,0.270576089861
K3P,-0.74379259749,0.0430613019258,-1.96464423468,-0.818631949488,-1.80665846302,-0.891465264241,-1.73475497182,0.494695656131,2.05983564695,1.9044314035,-0.824453206956,-0.396790258915,0.158393201482,-0.32366384513,-1.47366631816,-1.05595934542,-0.635626987818,0.774778905291,0.400178203802,1.10123506132,0.0283349974784
K3Sb,-0.0277935567413,0.642833452942,-1.96464423468,-0.0925283048078,-1.8731349689,-0.792742199577,-1.96189360814,0.399487850651,2.32011048025,2.21482805412,-0.262224448891,0.290140313783,-0.1485080214,-0.28757040378,-0.70230402611,0.105227105195,-0.306267419767,0.945523485895,0.411975470765,1.17811762513,0.210786648792
KBaP,0.210872790175,0.742795478108,-1.4877303866,0.206397552508,-1.54550076132,-1.07058582933,-1.34657563086,-0.499638146854,1.64940225597,1.68081231113,0.0174516314402,0.280676287523,-0.242071027663,-0.425457960417,-0.862622040441,-0.62970359868,-0.262823013904,-0.261501988955,0.518506919874,0.688072510784,-0.510351789611
KBr,-0.0277935567413,0.342947377434,-0.533902690452,-0.101321809257,-0.424896804935,0.78149548439,-0.670560735155,0.245493508804,1.20893715347,1.15347176489,-0.941456777289,-0.881506137193,-0.157245422763,2.19096570029,-0.910100228298,-0.530196540129,-0.990353821502,0.0483002702377,0.554831251163,0.687525578625,-0.606233173725
KCaBr3,0.115406251408,0.342947377434,0.0383939272391,0.0354091908374,0.0499353799723,1.00861529507,-0.137601560217,-0.355631016367,0.496184533043,0.6127808251,-0.371518533664,-0.723814428533,-0.267118244905,2.5888458327,-0.678913105559,-0.142971929421,-0.769006648056,0.317694279463,0.419551060715,0.414200459042,-0.262440977989
KCaCl3,-0.74379259749,-0.376779203786,0.0383939272391,-0.817400858865,0.277854828728,1.19318317608,0.197270661787,-0.193865995088,0.255930840766,0.204258781701,-0.588480828115,-0.840966454929,-0.260565193882,0.0171650326171,-0.64320950829,-0.523129508216,-0.833373121135,0.31576837425,0.39430811807,0.150988017742,-0.344955325537
KCaF3,-1.12565875256,-1.09650578501,0.0383939272391,-1.13300772765,1.21232456863,1.03351731076,1.49027975091,0.618176070695,-0.41677949761,-0.75696955571,-0.860362422339,-1.03538279171,0.191595326662,-0.145794544686,-1.21978462163,-0.95300000116,-0.93195268616,0.316091912703,0.31922855411,-0.631879320631,-0.538314055474
KCdAs,0.476057620079,0.742795478108,-0.427921835325,0.409447564341,-1.04534419322,-1.04474795357,-0.849309985997,-0.268184469104,1.04876802528,0.946540664465,0.48644885141,-0.239845156771,-0.542783257913,-0.467695330387,1.04579009725,1.43029558897,-0.423482362918,0.952855132128,0.438558349253,0.940821593292,-0.306204886272
KCdCl3,-0.298282083246,-0.136870343379,0.674279058007,-0.354894501201,0.539962194797,1.19318317608,0.475952101004,-0.0716751542529,0.151820907446,-0.0680892472324,-0.98799438418,-1.14255342508,-0.442303142237,0.0190338822118,0.255710848474,-0.632302966741,-1.09320978594,-0.275682622596,-0.0772013759303,0.745844279268,0.759371077478
KCdF3,-0.680148238312,-0.856596924599,0.674279058007,-0.670501369988,1.4744319347,1.03351731076,1.76896119013,0.74036691153,-0.52088943093,-1.02931758464,-1.2598759784,-1.33696976186,0.00985737830802,-0.143925695091,-0.320864264864,-1.06217345969,-1.19178935097,-0.275359084143,-0.319853280717,0.113301144919,0.178878933834
KCdSb,0.953390313912,1.14264357879,-0.427921835325,0.909131792939,-1.1276484386,-0.93895507644,-1.03960354221,-0.347403509293,1.3290639996,1.21354853598,0.248227473175,0.440863694966,-0.631613505106,-0.447500801795,1.25047384046,0.78045357394,-0.142387771457,0.70783624508,0.452838470798,1.06490596632,-0.231667310819
KCl,-0.74379259749,-0.256824773582,-0.533902690452,-0.811996850676,-0.234963930972,0.935302051904,-0.391500550152,0.380297693203,1.00872574323,0.813036728727,-1.12225868933,-0.979132825856,-0.151784546911,0.0478983668873,-0.880347230574,-0.846994522458,-1.04399254907,0.0466953492266,0.546082613355,0.459466755633,-0.60827656784
KF,-1.06201439338,-0.856596924599,-0.533902690452,-1.07500257467,0.543760852276,0.802247164134,0.686007024118,1.05699941469,0.448133794588,0.0120131142185,-1.34882668452,-1.14114643984,0.225015886876,-0.0879012808654,-1.36082649169,-1.20521993325,-1.12614218659,0.0469649646042,0.527441405832,-0.0264708200574,-0.680712221209
KHgAs,1.32464907578,1.14264357879,-0.427921835325,1.34955313093,-0.912391181447,-1.04474795357,-0.616535309261,-0.193441919295,1.11550516204,0.839737515891,0.026425899551,-0.527538235333,-0.609041884917,-0.400505737806,2.07638329501,1.10456227893,-0.744089829195,0.116006840687,0.458109783223,1.11071002305,-0.255113645172
KHgF3,-0.170993364891,-0.616688064192,0.674279058007,-0.106438030028,1.55420374176,1.03351731076,1.90862599617,0.785212441418,-0.480847148883,-1.0933994738,-1.53588974952,-1.509585609,-0.0298977978945,-0.103611939547,0.297491653788,-1.25761344571,-1.38415383073,-0.777468059009,-0.16952970976,0.505163482959,0.312826961022
KHgSb,1.80198176962,1.54249167947,-0.427921835325,1.84923735954,-0.994695426825,-0.93895507644,-0.806828865469,-0.272660959485,1.39580113636,1.10674538737,-0.211795478683,0.153170616399,-0.69787213211,-0.380311209224,2.28106703821,0.454720263906,-0.462995237735,-0.129012046364,0.470005028469,1.2140714716,-0.174345475071
KI,0.688205484007,0.942719528451,-0.533902690452,0.650123116427,-0.70979611588,0.594791401046,-1.00009859123,0.096308836634,1.46921198677,1.53395798179,-0.709654537989,-0.749430392943,-0.441210967066,1.09943431608,-0.334031548964,-0.291379599605,-0.917156220901,0.0529404927897,0.560864635814,0.844803389449,-0.530575948547
KMgAs,-0.478607767586,-0.0569007232396,-1.4877303866,-0.529485534998,-1.28592583356,-1.04474795357,-1.06659059025,-0.343919682985,0.448133794588,0.946540664465,0.906889669581,-0.013409565509,0.0338852320568,-0.507091775135,-0.41273983372,1.62524819348,-0.204343959172,1.51289830254,0.403900610886,0.639669833315,-0.326285641333
KMgCl3,-0.871081315845,-0.616688064192,0.0383939272391,-0.918254360805,0.395613210585,1.19318317608,0.345583738453,-0.117116282579,-0.208559630969,-0.0680892472324,-0.735729893278,-1.00669207032,-0.0963020482546,-0.00460398464083,-0.619407110111,-0.515331404035,-0.961726743696,0.0603432796428,-0.21429227272,0.388476775302,0.624432908906
KMgF3,-1.25294747091,-1.33641464541,0.0383939272391,-1.23386122959,1.33008295048,1.03351731076,1.63859282758,0.694925783204,-0.881269969345,-1.02931758464,-1.0076114875,-1.20110840711,0.35585847229,-0.167563561944,-1.19598222345,-0.94520189698,-1.06030630872,0.060666818096,0.333139886723,-0.486823497687,-0.604843716158
KMgP,-0.955940461418,-0.456748823925,-1.4877303866,-0.997939499308,-1.27959473777,-1.07058582933,-0.954032631364,-0.296194982535,0.381396657831,0.799686335166,-0.0809700527413,-0.24860814405,0.354256615374,-0.535021835013,-1.23653914659,-0.572842422366,-0.362395458447,1.04021997467,0.388557798016,0.506351408157,-0.35926545606
KMgSb,-0.0012750737533,0.342947377434,-1.4877303866,-0.0298013064004,-1.36823007896,-0.93895507644,-1.25688414646,-0.423138723175,0.728429768911,1.21354853598,0.668668291347,0.667299286208,-0.0549450151363,-0.486897246553,-0.208056090516,0.975406178443,0.076750632286,1.26787941548,0.423339506343,0.808580381283,-0.236768224626
KZnAs,-0.0012750737533,0.342947377434,-0.427921835325,-0.0916223073808,-1.07066857641,-1.04474795357,-0.78475406481,-0.225482527524,0.821861760339,0.679532792989,0.612298230383,-0.141699699254,-0.428468923412,-0.489258979558,0.727158703186,1.51558735345,-0.301545631226,1.13449075496,0.426668371558,0.837505916106,-0.326651169704
KZnF3,-0.966547854612,-1.09650578501,0.674279058007,-0.971143293022,1.45923730478,1.03351731076,1.80769474284,0.765988076483,-0.657033189887,-1.18952230754,-1.18436635102,-1.27808248735,0.078445979009,-0.156863884594,-0.512043101303,-1.010998401,-1.11862731195,-0.166377710444,0.380529035759,0.00731119112102,-0.593690754072
KZnP,-0.478607767586,-0.0569007232396,-0.427921835325,-0.56007627169,-1.06433748062,-1.07058582933,-0.672196105925,-0.177757827061,0.755124623622,0.532678463649,-0.375561491936,-0.376898277795,-0.108097540095,-0.517189039436,-0.0966406096773,-0.682503262403,-0.459597130501,0.661812427106,0.41009197811,0.693468529486,-0.367102117087
KZnSb,0.476057620079,0.742795478108,-0.427921835325,0.408061921217,-1.15297282179,-0.93895507644,-0.975047621018,-0.304701567701,1.10215773466,0.946540664465,0.374076852148,0.539009152462,-0.517299170603,-0.469064450966,0.931842446397,0.865745338413,-0.0204510397678,0.889471867911,0.536317390392,0.997593835326,-0.514394114886
La2O3,0.0199397126419,-0.136870343379,0.0383939272391,0.0796645005032,0.741291041198,-0.264098773259,0.453757181981,0.110332693161,-0.456821779656,-0.548703415938,-0.141648938344,0.94173389492,-0.12819356323,-0.291338908183,-0.0695463904735,-0.883986779164,1.76121309313,-1.25280553238,0.181399763184,-2.06904348371,-0.522476621535
La2S3,0.401805867708,0.582856237841,0.0383939272391,0.387980754692,-0.238762588452,0.187066059497,-0.491812870953,-0.747272289306,0.21588855872,0.412524921473,0.626807120476,1.73364827998,-0.40342170617,-0.702773334357,0.132140951544,-0.663495383463,1.85494063517,-1.24868024682,-2.52301695377,-1.52346147106,2.06165553732
La2Se3,1.26100471661,1.30258281906,0.0383939272391,1.28760422445,-0.272950505765,0.145230673134,-0.668160391414,-0.903599048013,0.456142250997,0.748954839567,0.869745070329,2.03698924967,-0.910627855303,-0.538704769382,1.21806206421,-0.126888339549,2.08708667731,-1.21852305732,-2.27163568915,-1.19581208958,2.41350617424
La2Te3,2.1202035655,2.02230940028,0.0383939272391,2.22080289301,-0.785769265465,0.109195991602,-0.88373784891,-1.09210413445,0.84054815864,1.20553829984,1.39595340929,2.41933591057,-1.06659046964,-0.516093742966,1.75779410378,1.64230654638,2.43288755257,-1.21324427203,-1.96919957641,-0.801618013792,3.07271111024
LaAs,1.40420452476,1.54249167947,-0.533902690452,1.41467835784,-0.899728989843,-0.778829418996,-0.861375885098,-1.18423387264,0.568260640726,1.09339499381,2.28095863703,2.54888791448,-0.929413268234,-0.55788614874,1.58946810176,2.60975884626,3.04404899254,-0.502594897698,0.476430766706,-1.35621226949,-0.625074196512
LaBr3,1.04620500438,0.942719528451,0.896838853776,1.02264794129,0.724197082541,1.65491537451,0.382644395698,-0.682778803903,-0.0123524489432,0.262332993752,-0.188147432203,0.172576076466,-0.618689432256,3.31022177628,0.285400541947,-0.0830240035345,0.553582127379,-1.30813469467,0.201673677453,-0.192415151212,-0.060835307274
LaCl3,-0.0277935567413,0.0430613019258,0.896838853776,-0.0433646208402,1.00909639349,1.88562522578,0.801234673203,-0.480572527305,-0.31266956429,-0.248319560497,-0.459350300267,0.0261360434707,-0.610498118478,0.0956207761826,0.330030038533,-0.558220977028,0.47312403603,-1.31054207619,0.150116605252,-0.528411607502,-0.171806931152
LaF3,-0.505126250574,-0.856596924599,0.896838853776,-0.437873206824,2.17718356836,1.68604289412,2.41749603461,0.534480054924,-1.15355748726,-1.44985498226,-0.799202293047,-0.216884377506,-0.0452974677971,-0.108078695446,-0.39068885314,-1.09555909321,0.349899579749,-1.31013765312,0.312162636339,-1.52768759581,-0.651259270589
LaI3,2.1202035655,1.84237775498,0.896838853776,2.14981532981,0.296848116124,1.37485924949,-0.111662388413,-0.906555812159,0.378059801007,0.83306231909,0.159555926747,0.37068969284,-1.04463774871,1.67292469998,1.14950356095,0.275201407253,0.663378528281,-1.30117436085,0.25490994141,0.154524565724,0.208847469187
LaN,0.369983688119,0.342947377434,-0.533902690452,0.440837710529,-0.0830176318018,-1.31593171825,0.286349609933,-0.516332694281,-0.0323735899663,0.112141066032,0.311885851581,1.69523800363,-0.152876722081,-0.327668522833,0.172718976099,-0.721493783305,2.69308931634,-1.21457844244,0.249699948233,-2.34182389012,-0.543588822943
LaP,0.688205484007,0.942719528451,-0.533902690452,0.711997411372,-0.890232346145,-0.817586232635,-0.692538946772,-1.11264682196,0.468154935611,0.873113499815,0.79916905355,2.19609004668,-0.448856193259,-0.599781238557,0.353769132462,-0.687377077515,2.80697174363,-1.21161238948,0.46736517124,-1.59253352055,-0.636699038613
LaSb,2.1202035655,2.14226383048,-0.533902690452,2.16420470073,-1.02318535792,-0.620140103306,-1.14681621941,-1.30306243292,0.988704602211,1.49390680106,1.92362656968,3.56995119208,-1.06265863902,-0.527594355857,1.89649371657,1.63499582371,3.46569087973,-0.870123228272,0.495101441951,-0.869506531486,-0.620921740312
Li3As,-1.34045846478,-1.45636907562,-1.96464423468,-1.23853777514,-1.58348733611,-0.765401861514,-1.43786796519,4.46281567038,-0.683060673217,-0.0881148375951,0.252928706349,0.699196559905,4.54620694855,-0.667758075466,-1.00822181654,0.715063221178,0.731123352158,0.752535636636,0.313333969028,0.535272839507,-0.426094857554
Li3N,-1.8575688831,-2.05614122663,-1.96464423468,-1.72545809879,-1.17513165709,-1.03395301114,-0.86400521767,4.79676625956,-0.983377788563,-0.578741801482,-0.731607686376,0.27237160448,4.93447522163,-0.552649262513,-1.71659637937,-0.950563093604,0.555643514058,0.396543864266,0.25997413639,0.187527827831,-0.595577966972
Li3P,-1.69845798516,-1.75625515112,-1.96464423468,-1.58987824837,-1.57873901426,-0.784780268334,-1.35344949602,4.49860919572,-0.733113525774,-0.19825558459,-0.487966085391,0.522797626006,4.78648548604,-0.688705620374,-1.62607130119,-0.933504740709,0.612584727702,0.398026890746,0.296929318321,0.428364043706,-0.459853362419
Li3Sb,-0.982458944406,-1.15648300011,-1.96464423468,-0.863774603693,-1.64521552015,-0.68605720367,-1.58058813234,4.40340139024,-0.472838692474,0.112141066032,0.0742626726737,1.2097281987,4.47958426316,-0.652612179025,-0.854709009131,0.227681709903,0.941944295752,0.568771471349,0.333778865983,0.66851184306,-0.342326752576
LiBeAs,-1.11505135936,-1.25644502527,-1.4877303866,-1.03531988731,-1.02001981001,-0.997332399829,-0.626813250928,1.56401178481,-1.06012549583,-0.535353022376,1.87065525233,1.3613278786,2.67476479408,-0.957737814788,-0.457263823226,1.61874977333,1.68911300213,1.77116145375,0.348362171485,0.157079232789,-0.546073650741
LiBeN,-1.80453191712,-2.05614122663,-1.4877303866,-1.68454698552,-0.475545571332,-1.35540059933,0.138337079091,2.00927923705,-1.46054831629,-1.18952230754,0.557940062033,0.79222793804,3.19245582485,-0.804259397514,-1.40176324033,-0.602085313042,1.45513988468,1.29650575725,-0.161001754268,-0.842987292357,-0.500914157412
LiBeP,-1.59238405319,-1.65629312596,-1.4877303866,-1.50377385162,-1.01368871422,-1.02317027559,-0.514255292042,1.61173648527,-1.12686263255,-0.682207351676,0.88279553001,1.12612930007,2.9951361774,-0.985667874666,-1.28106313609,-0.579340842517,1.53106150287,1.29848312589,0.323466958612,-0.0592429372416,-0.572089652201
LiBeSb,-0.63771866553,-0.856596924599,-1.4877303866,-0.535635658715,-1.10232405541,-0.891539522703,-0.817106807136,1.48479274463,-0.779829521508,-0.26834515086,1.6324338741,2.04203673034,2.58593454688,-0.937543286196,-0.252580080015,0.968907758309,1.97020759359,1.52614256668,0.37796446191,0.414302648982,-0.503619948554
LiBr,-0.664237148518,-0.856596924599,-0.533902690452,-0.615486008514,-0.272950505765,0.852618814995,-0.416357084625,2.91476920186,-0.653028961682,-0.248319560497,-0.717132029579,-0.268447547246,2.92814943361,1.94760451679,-1.01170355031,-0.448560136991,-0.158212677822,-0.202867739459,0.548798795507,0.530271984772,-0.675012920737
LiCaAs,-0.690755631506,-0.456748823925,-1.4877303866,-0.704172497935,-1.38089227054,-0.997332399829,-1.14430995101,1.3076812582,-0.0190261626309,0.46592649576,1.30185460999,0.671505520101,1.81704322692,-0.633050868706,-0.520146045364,1.66667562194,0.564339507548,1.77116145375,0.491198134907,0.213483628576,-0.582185526163
LiCaF3,-1.38023618927,-1.57632350582,0.0383939272391,-1.33867340735,1.27310308829,1.061966643,1.59196121112,1.68588634792,-1.16156594367,-1.31768608587,-0.770632523255,-0.790159355732,1.42575326921,-0.243139018085,-1.26042595043,-0.920345439905,-0.599096228688,0.215624708824,0.314949117828,-0.67650172805,-0.64288076874
LiCaN,-1.38023618927,-1.25644502527,-1.4877303866,-1.35339959614,-0.836418031862,-1.35540059933,-0.379159620982,1.75294871044,-0.419448983093,-0.188242789409,-0.0108605803103,0.102405579541,2.33473425769,-0.479572451431,-1.46464546247,-0.554159464433,0.330366390075,1.29650575725,-0.0464840950278,-0.345447691487,-0.301019121879
LiCaSb,-0.213422937674,-0.0569007232396,-1.4877303866,-0.204488269337,-1.46319651594,-0.891539522703,-1.33460350721,1.22846221802,0.261269811692,0.732934367276,1.06363323176,1.35221437184,1.72821297974,-0.612856340114,-0.315462302159,1.0168336069,0.845434099016,1.52614256668,0.111267033109,0.339926370907,0.0525766923822
LiCdAs,0.0517618922307,-0.0569007232396,-0.427921835325,0.0666714315056,-0.944046660428,-0.997332399829,-0.679840885644,1.5113326596,-0.192542718151,0.0120131142185,0.635998683216,0.168860569853,1.51414664634,-0.629936119384,0.978054549244,1.48471985773,0.131278399536,0.78540979233,0.521585108997,0.741567176942,-0.611794996162
LiCdP,-0.425570801602,-0.456748823925,-0.427921835325,-0.401782532804,-0.937715564636,-1.02317027559,-0.567282926758,1.55905736005,-0.259279854908,-0.134841215122,-0.351861039106,-0.0663380086733,1.83451802965,-0.657866179262,0.154255236375,-0.713370758118,-0.0267730997372,0.312731464476,0.525306900629,0.806246763842,-0.643832837674
LiCl,-1.38023618927,-1.45636907562,-0.533902690452,-1.32616104993,-0.0830176318018,1.00642538251,-0.137296899622,3.04957338626,-0.853240371913,-0.588754596663,-0.897933941622,-0.366074235909,2.93361030946,-0.195462816609,-0.981950552589,-0.765358119319,-0.211851405388,-0.20447266047,0.539969383217,0.300107538734,-0.696877598387
LiF,-1.69845798516,-2.05614122663,-0.533902690452,-1.58916677392,0.695707151447,0.873370494739,0.940210674648,3.72627510775,-1.41383232056,-1.38977821117,-1.12450193681,-0.528087849894,3.31041074325,-0.331262464362,-1.4624298137,-1.12358353011,-0.294001042909,-0.204203045093,0.512498453303,-0.416002566666,-0.74568283832
LiI,0.0517618922307,-0.256824773582,-0.533902690452,0.13595891717,-0.55784981671,0.665914731651,-0.7458949407,2.76558452969,-0.392754128382,0.132166656395,-0.485329790279,-0.136371802997,2.64418388931,0.856073132586,-0.435634870978,-0.209743196466,-0.0850150772206,-0.198227516907,0.489208521581,0.779921719539,-0.484649381112
LiMgAs,-0.902903495434,-0.856596924599,-1.4877303866,-0.872261667837,-1.18462830079,-0.997332399829,-0.897121489897,1.43559744572,-0.793176948844,0.0120131142185,1.05643950139,0.395296161115,2.09081513631,-0.669332564132,-0.48047538173,1.67967246224,0.350416803288,1.34545296273,0.504034187096,0.436556448104,-0.623683710071
LiMgN,-1.59238405319,-1.65629312596,-1.4877303866,-1.52148876604,-0.640154062087,-1.35540059933,-0.131971159872,1.88086489796,-1.19359976931,-0.64215617095,-0.256275688916,-0.173803779445,2.60850616708,-0.515854146868,-1.42497479884,-0.541162624133,0.116443685815,0.870797266234,-0.0257498250948,-0.255364463665,-0.431643142413
LiMgP,-1.38023618927,-1.25644502527,-1.4877303866,-1.34071563215,-1.178297205,-1.02317027559,-0.784563531011,1.48332214617,-0.859914085601,-0.134841215122,0.0685797790651,0.160097582589,2.41118651962,-0.69726262401,-1.3042746946,-0.518418153608,0.192365304006,0.872774634876,0.506560314324,0.480457042693,-0.638906543536
LiZnAs,-0.425570801602,-0.456748823925,-0.427921835325,-0.434398440217,-0.969371043636,-0.997332399829,-0.615284964457,1.55403460118,-0.419448983093,-0.254994757298,0.761848062189,0.26700602737,1.62846098084,-0.651499768555,0.659423155176,1.5700116222,0.253215131227,0.967045415162,0.515960294208,0.643815681721,-0.642282029839
LiZnN,-1.11505135936,-1.25644502527,-0.427921835325,-1.08362553842,-0.424896804935,-1.35540059933,0.149865365562,1.99930205342,-0.819871803554,-0.909164042467,-0.55086712811,-0.302093913197,2.14615201161,-0.498021351281,-0.285076261931,-0.65082346417,0.0192420137608,0.492389718669,0.481506434448,0.0450552897572,-0.708646311596
LiZnP,-0.902903495434,-0.856596924599,-0.427921835325,-0.902852404526,-0.963039947824,-1.02317027559,-0.502727005572,1.60175930164,-0.48618611981,-0.401849086598,-0.226011660129,0.0318074488438,1.94883236416,-0.679429828433,-0.164376157687,-0.628078993644,0.0951636319522,0.494367087308,0.510696128574,0.552331769594,-0.660309570824
LiZnSb,0.0517618922307,-0.0569007232396,-0.427921835325,0.0652857883781,-1.05167528901,-0.891539522703,-0.805578520665,1.474815561,-0.139153008769,0.0120131142185,0.523626683955,0.947714879108,1.53963073364,-0.631305239963,0.864106898387,0.920169607181,0.534309722678,0.722026528113,0.427968918487,0.848806768825,-0.439065876281
Mg3As2,-0.552859519957,-0.376779203786,-1.10619930814,-0.579240781992,-0.86554107253,-1.18287683048,-0.464524309663,-0.986177134006,-0.881269969345,0.0921154756694,1.69924813742,0.152175842083,0.126501686506,-0.670592155071,-0.0582782338887,2.4513598551,0.0458515641786,1.8197868236,0.237604368096,0.549988813427,-0.110577556962
Mg3N2,-1.38023618927,-1.33641464541,-1.10619930814,-1.35831329984,-0.212171986097,-1.61255866989,0.453656086362,-0.451856191319,-1.3617773539,-0.692887666549,0.123989909055,-0.530744086597,0.747730923429,-0.486418054346,-1.19167753442,-0.213642248556,-0.23491617678,1.25019998781,-1.76870445242,-0.540293433908,0.636808514281
Mg3P2,-1.12565875256,-0.856596924599,-1.10619930814,-1.14138553916,-0.857943757571,-1.21388228139,-0.329454759002,-0.92890749346,-0.961354533438,-0.0841097195226,0.51381647063,-0.130062452157,0.510947346486,-0.704108226925,-1.04683740933,-0.186348883925,-0.143810234951,1.25257283018,-1.17332568521,0.235720980379,1.70317506451
Mg3Sb2,0.0199397126419,0.103038517027,-1.10619930814,0.0203802923237,-0.964306166991,-1.05592537793,-0.692876577114,-1.08123998223,-0.544914800157,0.412524921473,1.41338248353,0.96902646416,0.0199053898757,-0.646358720765,0.187342257959,1.67154943706,0.38316507393,1.52576415914,0.450842211922,0.740478596102,-0.414868507721
MgAl2O4,-1.38023618927,-1.54205081148,0.783287937581,-1.35401932883,0.948046541146,-0.405388816909,0.542127121596,0.365120417066,-1.42813313557,-1.50993175335,-0.449292115425,-0.120222268415,0.523179708395,-0.416240845075,-1.00614181973,-0.442015299553,0.371675633094,1.14816867417,-7.60610899977,-1.7973238002,1.91485335044
MgBr2,-0.0012750737533,-0.0569007232396,0.4199250057,-0.0415259790008,0.562754139673,1.16002850218,0.464893017534,-0.628464512296,-0.753134666797,-0.201593182971,-0.236974813184,-0.894895981754,-0.0665948836198,2.81781755888,-0.485117693436,0.128174651352,-0.835364570026,0.0715817946008,0.5159917517,0.644362369389,-0.533177423757
MgCl2,-0.955940461418,-0.856596924599,0.4199250057,-0.989092700891,0.815997971617,1.36510392553,0.836973264205,-0.448725599768,-1.02008321379,-0.655506564552,-0.478044029243,-1.02506489997,-0.0593137158179,-0.0396055523297,-0.445447029802,-0.294222658421,-0.906882873449,0.0694418999193,0.383794459104,0.46496128969,-0.342923091468
MgF2,-1.38023618927,-1.65629312596,0.4199250057,-1.33976699954,1.85429768262,1.18769740851,2.27365002988,0.453543362209,-1.76753914529,-1.72353805055,-0.780134689491,-1.24108305195,0.443086862565,-0.22067174933,-1.08608604462,-0.771856539471,-1.01641572347,0.0698013870904,0.255856689292,-0.646729384923,-0.485883712172
MgI2,0.953390313912,0.742795478108,0.4199250057,0.960400588577,0.182888391746,0.911089724391,0.0255092094209,-0.827377408523,-0.406101555717,0.305721772858,0.0720948392156,-0.71879498942,-0.445215609357,1.36244237993,0.282973879014,0.446597238717,-0.737767769223,0.0777687580035,0.534576629953,0.967341828441,-0.457000374979
MgIn2O4,-0.561951571269,-0.856596924599,0.783287937581,-0.5516862787,1.04029965135,-0.454565066387,0.514568304001,0.366567390286,-1.32516726747,-1.30395425247,-1.00117262771,-0.415860422052,0.108777243742,-0.341721567671,-0.172334406317,-0.960032220109,-0.064885186697,-0.111928459221,-0.32425149824,-0.961505636766,-0.275346343434
MgO,-1.38023618927,-1.45636907562,-0.533902690452,-1.35943247313,0.496277633786,-0.686593390454,0.565277983664,0.0596188810557,-1.49391688465,-1.10941994609,-0.222639758795,-0.78766716215,0.61819894822,-0.429685120219,-1.16616592147,-0.433695000897,-0.523478780607,0.807547674484,0.485456586109,-1.12092789781,-0.739270598556
MgS,-1.06201439338,-0.856596924599,-0.533902690452,-1.10250226131,-0.320433724256,-0.31062269649,-0.222697060448,-0.655051937666,-0.933324936005,-0.308396331585,0.417740290222,-0.127738507931,0.388842162436,-0.77254714203,-0.99809313646,-0.249952171146,-0.445372495566,0.810985412452,0.525574983891,-0.0751245648423,-0.692499693237
MgSe,-0.34601535263,-0.256824773582,-0.533902690452,-0.352816036513,-0.34892365535,-0.34548551846,-0.369653327499,-0.78532423659,-0.733113525774,-0.028038066507,0.620188581766,0.125045633471,-0.0338296285079,-0.635823337885,-0.0931588759011,0.197220365449,-0.251917460454,0.836116403705,0.537404038391,0.233234325504,-0.640597742231
MgTe,0.369983688119,0.342947377434,-0.533902690452,0.424849520621,-0.776272621767,-0.375514419736,-0.549301208745,-0.942411808619,-0.412775269405,0.352448150385,1.0586955309,0.443667850888,-0.163798473785,-0.616980815871,0.356617823733,1.67154943706,0.0362499355977,0.840515391445,0.47331879149,0.572815583598,-0.401267984709
Na3As,-0.863125770948,-0.556710849091,-1.96464423468,-0.853646085386,-1.65471216385,-0.829552017382,-1.52952263137,1.88328004356,0.668366345842,0.813036728727,0.0150696988614,-0.0248960892396,0.689736421881,-0.408224155092,-0.802641263114,0.641955994487,-0.141735809023,1.95090503883,0.507578568465,1.01935620996,-0.53178666245
Na3N,-1.38023618927,-1.15648300011,-1.96464423468,-1.34056640904,-1.24635648483,-1.09810316701,-0.955659883851,2.21723063274,0.368049230496,0.322409764841,-0.969466693864,-0.451721044665,1.07800469496,-0.293115342138,-1.51101582594,-1.0236703203,-0.317215647122,1.59491326646,0.503989764752,0.972579879246,-0.61758349524
Na3P,-1.22112529132,-0.856596924599,-1.96464423468,-1.20498655862,-1.649963842,-0.848930424201,-1.4451041622,1.91907356891,0.618313493284,0.702895981732,-0.725825092879,-0.201295023139,0.930014959368,-0.4291717,-1.42049074776,-1.0066119674,-0.260274433479,1.59639629294,0.373247569304,0.925728629894,-0.255782636816
Na3Sb,-0.505126250574,-0.256824773582,-1.96464423468,-0.478882913939,-1.71644034788,-0.750207359537,-1.67224279852,1.82386576343,0.878588326584,1.01329263235,-0.163596334814,0.485635549558,0.623113736486,-0.393078258651,-0.649128455709,0.154574483212,0.069085134572,1.76714087355,0.394454579918,1.06393431363,-0.114280144097
NaBeAs,-0.902903495434,-0.856596924599,-1.4877303866,-0.864256914088,-1.05167528901,-1.02584358022,-0.667548658118,0.417551506227,-0.459491265139,-0.134841215122,1.76494013788,1.03950892342,0.960777893327,-0.842389405736,-0.365894688368,1.58625767258,1.30117559717,2.30377007693,0.369004486585,0.336446664566,-0.467517102208
NaBeSb,-0.425570801602,-0.456748823925,-1.4877303866,-0.364572685493,-1.13397953439,-0.920050703089,-0.857842214331,0.33833246605,-0.179195290816,0.132166656395,1.52671875966,1.72021777516,0.871947646149,-0.822194877145,-0.161210945163,0.936415657541,1.58227018863,2.05875118989,0.397445679173,0.583580944163,-0.392761866884
NaBr,-0.34601535263,-0.256824773582,-0.533902690452,-0.358891548678,-0.320433724256,0.809852044417,-0.477460195413,1.19507878399,0.247922384357,0.352448150385,-0.875704701238,-0.751175980009,0.357169082494,2.12062713037,-0.874649848031,-0.497298288118,-0.740118785276,0.59604519534,0.55494682099,0.690538244053,-0.638510645306
NaCaAs,-0.478607767586,-0.0569007232396,-1.4877303866,-0.53310952471,-1.41254774954,-1.02584358022,-1.1850453582,0.161220979618,0.581608068062,0.866438303015,1.19613949555,0.349686564925,0.103056326183,-0.517702459654,-0.428776910512,1.6341835212,0.17640210258,2.30377007693,0.502199333533,0.404669232961,-0.553756376295
NaCdAs,0.263909756159,0.342947377434,-0.427921835325,0.237734404728,-0.975702139428,-1.02584358022,-0.720576292834,0.364872381018,0.408091512542,0.412524921473,0.530283568776,-0.152958385323,-0.199840254408,-0.514587710322,1.0694236841,1.45222775698,-0.256659005433,1.31801841553,0.245405458552,0.922711411212,0.00911633876495
NaCdF3,-0.807436956668,-1.09650578501,0.674279058007,-0.773529265757,1.51621716697,1.04485993477,1.84620140602,1.1202010216,-0.905295338573,-1.34972703045,-1.23357514798,-1.28483769899,0.215623180411,-0.172061123057,-0.306684112758,-1.04901415888,-1.09169533648,-0.056261114102,0.153590111366,0.111973366328,-0.364523873092
NaCdSb,0.741242449991,0.742795478108,-0.427921835325,0.737418633326,-1.05800638481,-0.920050703089,-0.910869849042,0.285653340829,0.688387486865,0.679532792989,0.292062190541,0.527750466415,-0.288670501601,-0.494393181741,1.2741074273,0.802385741948,0.0244355860277,1.07299952848,0.277992995979,1.0642929845,0.155398087578
NaCl,-1.06201439338,-0.856596924599,-0.533902690452,-1.0695665901,-0.130500850293,0.963658611931,-0.19840001041,1.32988296839,0.0477109741261,0.0120131142185,-1.05650661328,-0.848802668672,0.362629958346,-0.0224402030262,-0.844896850307,-0.814096270447,-0.793757512842,0.594440274329,0.547093728421,0.485824426048,-0.663090131259
NaF,-1.38023618927,-1.45636907562,-0.533902690452,-1.33257231409,0.648223932956,0.830603724161,0.87910756386,2.00658468987,-0.51288097452,-0.78901050029,-1.28307460847,-1.01081628266,0.739430392134,-0.158239850779,-1.32537611142,-1.17232168123,-0.875907150362,0.594709889706,0.52486146967,-0.0937243991096,-0.720481007672
NaHgCl3,0.0835840718196,-0.136870343379,0.674279058007,0.106140942991,0.661519234133,1.20452580009,0.692857122942,0.353004485708,-0.192542718151,-0.452580582197,-1.23770732488,-1.26303720934,-0.276292516336,0.031212209791,0.888246919233,-0.814583651958,-1.18548025122,-0.558693627421,0.0437645285141,1.0611772762,0.844880962219
NaI,0.369983688119,0.342947377434,-0.533902690452,0.392553377006,-0.6053330352,0.623147961073,-0.806998051487,1.04589411182,0.508197217657,0.732934367276,-0.643902461938,-0.61910023576,0.0732035381911,1.02909574617,-0.298581168697,-0.258481347594,-0.666921184674,0.600685417892,0.563589488071,0.915834630237,-0.596107566367
NaMgAs,-0.690755631506,-0.456748823925,-1.4877303866,-0.701198694612,-1.21628377979,-1.02584358022,-0.937856897086,0.289137167137,-0.192542718151,0.412524921473,0.950724386947,0.0734772059397,0.376828235562,-0.55398415508,-0.389106246878,1.64718036149,-0.0375206016894,1.87806158592,0.40224746352,0.625305126836,-0.394004999882
NaMgF3,-1.38023618927,-1.57632350582,0.0383939272391,-1.33688912536,1.37186818276,1.04485993477,1.71583304347,1.07475989328,-1.26567587699,-1.34972703045,-0.981310657082,-1.14897634423,0.561624274393,-0.195698989909,-1.18180207134,-0.932042596175,-0.96021229423,0.279764788137,0.0434990986758,-0.461995457794,-0.467760724019
NaMgP,-1.16808832534,-0.856596924599,-1.4877303866,-1.16965265892,-1.20995268398,-1.05168145597,-0.825298938201,0.336861867587,-0.259279854908,0.265670592133,-0.0371353353753,-0.161721372586,0.697199618886,-0.581914214958,-1.21290555974,-0.550910254358,-0.195572100962,1.40538325807,0.532661169542,0.934053777854,-0.614140477069
NaMgSb,-0.213422937674,-0.0569007232396,-1.4877303866,-0.201514466014,-1.29858802517,-0.920050703089,-1.12815045329,0.209918126947,0.0877532561723,0.679532792989,0.712503008713,0.754186057677,0.287997988369,-0.533789626489,-0.184422503673,0.99733834645,0.243573989771,1.63304269888,0.423704373787,0.811750826851,-0.318108369254
NaSrAs,-0.0012750737533,0.342947377434,-1.4877303866,-0.0263904925554,-1.44420322854,-1.02584358022,-1.25249242058,0.127190595481,0.821861760339,1.08004460024,1.11305625566,0.274675393842,-0.145231495888,-0.488232139121,-0.200881608797,1.59031918518,0.0359733454732,0.736216811147,0.26129512952,0.461339987572,-0.0867944249736
NaSrP,-0.478607767586,-0.0569007232396,-1.4877303866,-0.494844456865,-1.43787213273,-1.05168145597,-1.1399344617,0.174915295944,0.755124623622,0.933190270904,0.12519653334,0.0394768152952,0.175139887429,-0.516162198999,-1.02468092166,-0.607771430673,-0.1220781538,0.263538483293,0.242342404034,0.351549275981,-0.13678594808
NaZnAs,-0.213422937674,-0.0569007232396,-0.427921835325,-0.263335466995,-1.00102652262,-1.02584358022,-0.656020371647,0.407574322598,0.1811852476,0.145517049957,0.656132947752,-0.0548129278057,-0.0855259199074,-0.536151359493,0.750792290034,1.53751952145,-0.134722273743,1.49965403836,0.531187277845,0.908439580297,-0.611781048257
NaZnF3,-1.09383657297,-1.33641464541,0.674279058007,-1.07417118879,1.50102253705,1.04485993477,1.88493495874,1.14582218656,-1.04143909753,-1.50993175335,-1.1580655206,-1.22595042448,0.284211781112,-0.184999312559,-0.497862949196,-0.997839100198,-1.01853329746,0.0527202595971,-0.359023862717,0.0111915705693,-0.0944801082172
NaZnP,-0.690755631506,-0.456748823925,-0.427921835325,-0.731789431304,-0.994695426825,-1.05168145597,-0.543462412766,0.455299023061,0.114448110883,-0.00133727934333,-0.33172677457,-0.290011506338,0.23484546341,-0.564081419371,-0.0730070228349,-0.660571094395,-0.292773773016,1.02697571051,0.408690545411,0.681291049248,-0.468039841354
NaZnSb,0.263909756159,0.342947377434,-0.427921835325,0.236348761603,-1.08333076801,-0.920050703089,-0.84631392786,0.328355282421,0.461481221923,0.412524921473,0.417911569518,0.625895923932,-0.174356167098,-0.515956830912,0.955476033239,0.887677506421,0.146372317717,1.25463515131,0.446370233503,1.00870146086,-0.366855777434
Rb3As,0.688205484007,1.24260560396,-1.96464423468,0.644767072808,-1.81140678487,-0.88632312007,-1.87850131996,0.0640149070096,2.95077642247,2.46514793365,-0.153156606171,-0.332382302424,-0.72736086171,-0.190277272404,-0.5348642836,0.567021087128,-0.654000474609,0.188471886045,0.423294280967,1.25188209536,0.230174195119
Rb3P,0.330205963633,0.942719528451,-1.96464423468,0.293426599576,-1.80665846302,-0.905701526889,-1.7940828508,0.0998084323506,2.90072356992,2.35500718666,-0.894051397912,-0.508781236324,-0.487082324223,-0.211224817312,-1.15271376825,-1.08154687476,-0.772539099064,-0.166036859845,0.525426282719,1.25198263679,-0.366848208325
Rb3Sb,1.04620500438,1.54249167947,-1.96464423468,1.01953024426,-1.8731349689,-0.806978462225,-2.02122148712,0.00460062687054,3.16099840322,2.66540383728,-0.331822639847,0.178149336374,-0.793983547105,-0.175131375962,-0.381351476195,0.0796395758535,-0.443179531014,0.00470772075809,0.426503393681,1.27279582171,0.364055268466
RbBr,0.688205484007,0.942719528451,-0.533902690452,0.640050556785,-0.424896804935,0.772004642625,-0.710112654478,-0.0177646403827,1.76952910211,1.45385562033,-0.987855571259,-0.956166788799,-0.5875624399,2.26592505217,-0.696131861688,-0.547254893024,-1.08162856233,-0.578910239853,0.554640207408,0.682545464604,-0.547514907143
RbCaAs,0.210872790175,0.742795478108,-1.4877303866,0.13285187893,-1.48218980334,-1.05107518141,-1.34014699757,-0.647341303291,1.59601254659,1.60070994967,1.12137224887,0.213026025732,-0.526764688748,-0.420837178452,-0.309764919616,1.60087911792,-0.0512710821263,1.52046645347,0.385884238748,0.483120028471,-0.183907812979
RbCaBr3,0.401805867708,0.582856237841,0.0383939272391,0.331958137254,0.0499353799723,1.00481895836,-0.153422327946,-0.460934276042,0.720421312502,0.732934367276,-0.390078051252,-0.753678689176,-0.43924505176,2.61882957345,-0.593325758915,-0.149795270579,-0.805516544388,0.0668100754269,-0.213548952066,0.390414457912,1.23143087781
RbCaCl3,-0.457392981191,-0.136870343379,0.0383939272391,-0.520851912448,0.277854828728,1.18938683938,0.181449894057,-0.299169254763,0.480167620225,0.324412323877,-0.607040345703,-0.870830715572,-0.432692000737,0.0471487733685,-0.557622161646,-0.529952849374,-0.869883017468,0.0648841702136,0.158459770045,0.137361744523,0.0993477866614
RbCaF3,-0.839259136257,-0.856596924599,0.0383939272391,-0.836458781235,1.21232456863,1.02972097405,1.47445898318,0.51287281102,-0.192542718151,-0.636816013534,-0.878921939927,-1.06524705235,0.0194685198075,-0.115810803935,-1.13419727498,-0.959823342318,-0.968462582492,0.0652077086668,0.319737962253,-0.626567635584,-0.532204432879
RbCaI3,1.26100471661,1.30258281906,0.0383939272391,1.23369204808,-0.291943793161,0.780774058347,-0.548867755235,-0.639955882646,1.03275111246,1.18951782755,-0.111915364092,-0.595187796077,-0.780003704924,1.3089919124,0.0979566562869,0.13678505805,-0.717679423666,0.0723783424894,-0.108356566791,0.664629165398,1.70285757582
RbCaSb,0.688205484007,1.14264357879,-1.4877303866,0.632536107528,-1.56449404871,-0.945282304283,-1.53044055378,-0.726560343481,1.87630852091,1.86771782115,0.883150870637,0.89373487747,-0.615594935939,-0.400642649871,-0.105081176405,0.951037102879,0.229823509334,1.27544756643,0.401638701469,0.620015405941,-0.081376135472
RbCdBr3,0.847316381952,0.822765098247,0.674279058007,0.794464494918,0.312042746041,1.00481895836,0.125259111271,-0.338743435206,0.616311379182,0.460586338343,-0.789591607317,-1.05526565932,-0.620983000114,2.62069842304,0.305594597849,-0.258968729105,-1.0653532092,-0.524640921419,0.00725789374061,0.966012059156,1.11071560261
RbCdCl3,-0.0118824669469,0.103038517027,0.674279058007,-0.0583455547842,0.539962194797,1.18938683938,0.460131333275,-0.176978413928,0.376057686905,0.0520642949439,-1.00655390177,-1.17241768572,-0.614429949091,0.0490176229633,0.341298195118,-0.639126307899,-1.12971968227,-0.526566826632,-0.0726169683402,0.757794878002,0.856737160699
RbCdF3,-0.393748622013,-0.616688064192,0.674279058007,-0.373952423572,1.4744319347,1.02972097405,1.7531404224,0.635063651855,-0.296652651471,-0.909164042467,-1.27843549599,-1.3668340225,-0.162269428547,-0.11394195434,-0.23527691822,-1.06899680084,-1.2282992473,-0.526243288179,0.392728679482,0.134518943891,-0.534667603135
RbCl,-0.0277935567413,0.342947377434,-0.533902690452,-0.0706244846336,-0.234963930972,0.925811210139,-0.431052469475,0.117039544016,1.56931769188,1.11342058417,-1.1686574833,-1.05379347746,-0.582101564048,0.122857718766,-0.666378863964,-0.864052875353,-1.1352672899,-0.580515160864,0.549398316996,0.545900265208,-0.612722504757
RbF,-0.34601535263,-0.256824773582,-0.533902690452,-0.333630208623,0.543760852276,0.792756322369,0.646455104795,0.793741265502,1.00872574323,0.312396969659,-1.39522547849,-1.21580709145,-0.20530113026,-0.0129419289868,-1.14685812508,-1.22227828614,-1.21741692742,-0.580245545487,0.532811010083,0.113503613958,-0.676881875737
RbHgF3,0.115406251408,-0.376779203786,0.674279058007,0.190110916389,1.55420374176,1.02972097405,1.89280522844,0.679909181743,-0.256610369425,-0.973245931627,-1.55444926711,-1.53944986964,-0.202024604749,-0.0736281987953,0.383079000432,-1.26443678687,-1.42066372707,-1.02835226304,0.428205816485,0.504445064318,-0.51293060509
RbI,1.40420452476,1.54249167947,-0.533902690452,1.39149548247,-0.70979611588,0.585300559281,-1.03965051055,-0.166949312553,2.02980393541,1.83434183723,-0.75605333196,-0.824091044549,-0.871527984203,1.17439366796,-0.120063182354,-0.308437952499,-1.00843096173,-0.574270017301,0.563220843387,0.906224828723,-0.53731721842
RbMgCl3,-0.584681699546,-0.376779203786,0.0383939272391,-0.621705414389,0.395613210585,1.18938683938,0.329762970723,-0.222419542254,0.0156771484892,0.0520642949439,-0.754289410866,-1.03655633097,-0.268428855109,0.0253797561106,-0.533819763467,-0.522154745193,-0.998236640028,-0.190540924394,-0.213506425109,0.390525316859,0.733941679637
RbMgF3,-0.966547854612,-1.09650578501,0.0383939272391,-0.937312283176,1.33008295048,1.02972097405,1.62277205985,0.589622523529,-0.657033189887,-0.909164042467,-1.02617100509,-1.23097266775,0.183731665435,-0.137579821193,-1.11039487681,-0.952025238138,-1.09681620505,-0.19021738594,-0.914110279526,-0.0962135878189,0.891101152797
RbSrCl3,-0.170993364891,0.103038517027,0.0383939272391,-0.216820493154,0.258861541332,1.18938683938,0.140981656626,-0.319587485245,0.624319835591,0.452576102198,-0.656890289639,-0.91583741823,-0.581664693979,0.0648309656883,-0.420884980617,-0.556271450983,-0.954140271731,-0.875647789262,0.397520608764,0.184485202683,-0.26760883661
RbZnF3,-0.680148238312,-0.856596924599,0.674279058007,-0.674594346605,1.45923730478,1.02972097405,1.79187397511,0.660684816808,-0.432796410428,-1.06936876537,-1.20292586861,-1.307946748,-0.0936808278457,-0.126880143842,-0.426455754659,-1.01782174216,-1.15513720829,-0.41726191448,-0.837654391731,0.0366561622293,0.516318876246
Sc2O3,-1.12565875256,-1.09650578501,0.0383939272391,-1.12187994748,0.93882123012,-0.416440516321,0.644260023857,0.194797043049,-0.905295338573,-1.10941994609,0.81086845193,0.413430917923,0.197711507616,-0.356645959957,-0.869965333496,0.0712809829351,0.862500657951,-1.2266954116,-0.443235841162,-2.99962931411,-0.453758723971
Sc2S3,-0.74379259749,-0.376779203786,0.0383939272391,-0.813563693287,-0.04123239953,0.0347243164357,-0.301310029077,-0.662807939418,-0.232585000197,-0.148191608683,1.57932451075,1.20534530299,-0.0775166353238,-0.768080386131,-0.668277991478,0.291772378636,0.956228199999,-1.22257012604,-0.194437316317,-1.70249712085,-0.18664743931
Sc2Se3,0.115406251408,0.342947377434,0.0383939272391,0.0860597764665,-0.0754203168433,-0.00711106992814,-0.477657549539,-0.819134698126,0.00766869207993,0.18823830941,1.8222624606,1.50868627267,-0.584722784456,-0.604011821156,0.417643121192,0.82837942255,1.18837424213,-1.19241293653,-0.120762474827,-1.3183870913,-0.0988288821341
Sc2Te3,0.974605100307,1.06267395865,0.0383939272391,1.01925844503,-0.588239076544,-0.04314575146,-0.693235007034,-1.00763978456,0.392074599723,0.64482176968,2.34847079956,1.89103293357,-0.740685398789,-0.58140079474,0.957375160753,2.59757430848,1.5341751174,-1.18713415125,-0.713077000781,-0.911751448873,0.930691156015
ScAs,-0.0277935567413,0.342947377434,-0.533902690452,-0.0872522021381,-0.652816253691,-0.969256597823,-0.623247332753,-1.07865343528,0.00766869207993,0.39249933111,3.47160537487,1.88850919323,-0.522031929676,-0.639519963457,0.588944422981,3.80384354888,1.92065844857,-0.46995724672,0.464452368514,-1.66846423981,-0.676552637507
ScCl3,-0.74379259749,-0.556710849091,0.896838853776,-0.794329900827,1.13255276156,1.79041163637,0.920298949375,-0.427782308625,-0.592965538613,-0.598767391845,0.135973068655,-0.304053317153,-0.406807449199,0.054803868824,-0.170231800856,0.0388213742842,-0.0885712359543,-1.2942232507,0.14440024878,-0.56566499361,-0.125875755747
ScF3,-1.22112529132,-1.45636907562,0.896838853776,-1.18883848681,2.30063993643,1.59082930471,2.53656031078,0.587270273604,-1.43385346158,-1.80030281361,-0.203878924125,-0.54707373813,0.158393201482,-0.148895602805,-0.890950692529,-0.498516741896,-0.211795692235,-1.29381882764,0.339681756458,-1.16900443381,-0.668865759717
ScN,-1.06201439338,-0.856596924599,-0.533902690452,-1.06109284945,0.16389510435,-1.50635889708,0.524478162278,-0.410752256922,-0.592965538613,-0.588754596663,1.50253258942,1.03485928238,0.254504616477,-0.40930233755,-0.827804702679,0.472590919319,1.56969877237,-1.18194079146,0.407977665044,-3.14064250173,-0.728529346814
ScP,-0.74379259749,-0.256824773582,-0.533902690452,-0.789933148602,-0.643319609993,-1.00801341146,-0.454410394427,-1.0070663846,-0.0924370130355,0.17221783712,1.98981579139,1.53571132543,-0.0414748547007,-0.681415053274,-0.646754546317,0.506707625108,1.68358119966,-1.1789747385,0.465958097136,-1.62921302093,-0.693860859965
ScSb,0.688205484007,0.942719528451,-0.533902690452,0.662274140757,-0.776272621767,-0.810567282134,-0.908687667068,-1.19748199556,0.428112653565,0.793011138365,3.11427330752,2.90957247083,-0.655277300464,-0.609228170574,0.895970037791,2.82908052633,2.34230033576,-0.837485577294,0.488781379536,-1.0342574364,-0.658234663298
Sr3As2,0.688205484007,1.06267395865,-1.10619930814,0.635413981711,-1.27579608029,-1.18287683048,-1.03086825195,-1.27768096298,0.944658091961,1.29365089743,1.9914455011,0.514332580295,-0.813205830104,-0.552238526338,0.280526114661,2.34900973773,0.178140669071,-0.235533771003,0.413964359059,0.355946974005,-0.236897424566
Sr3N2,-0.139171185302,0.103038517027,-1.10619930814,-0.143658536134,-0.622426993857,-1.61255866989,-0.112687855929,-0.743360020292,0.464150707406,0.508647755214,0.416187272738,-0.168587348385,-0.191976593181,-0.368064425613,-0.852873185867,-0.315992365924,-0.102627071888,-0.805120606795,-1.67776282034,-0.421760457522,1.88310160178
Sr3P2,0.115406251408,0.582856237841,-1.10619930814,0.0732692245399,-1.26819876533,-1.21388228139,-0.895798701294,-1.22041132243,0.864573527868,1.11742570224,0.806013834313,0.232094286056,-0.428760170124,-0.585754598192,-0.708033060778,-0.288699001293,-0.011521130058,-0.802747764427,-1.37774089016,-0.030713018069,2.70929399051
Sr3Sb2,1.26100471661,1.54249167947,-1.10619930814,1.23503505603,-1.37456117475,-1.05592537793,-1.25922051941,-1.3727438112,1.28101326115,1.61406034324,1.70557984722,1.33118320237,-0.919802126735,-0.528005092032,0.526146606509,1.56919931969,0.515454178823,-0.529556435462,0.43293641607,0.553771827964,-0.139676214557
SrAl2O4,-1.08474452166,-1.19932386803,0.783287937581,-1.06481581367,0.850366777391,-0.405388816909,0.40728332582,0.295714743496,-0.993388359075,-1.22385189102,-0.379721314548,-0.0339944736021,0.299439823487,-0.388061409655,-0.925474117702,-0.466384375117,0.403173039008,0.658806627839,-1.7676931899,-1.87695029853,0.332800800462
SrBr2,0.688205484007,0.742795478108,0.4199250057,0.633282223056,0.334834690917,1.16002850218,0.150257494023,-0.790411083951,0.261269811692,0.46592649576,-0.0746429444726,-0.693697793857,-0.58865461507,2.88356957484,-0.296893055349,0.0713134750351,-0.761870622863,-1.07026298018,0.0856717008761,0.228723509555,0.448978629281
SrCl2,-0.266459903658,-0.0569007232396,0.4199250057,-0.314284498834,0.588078522861,1.36510392553,0.522337740693,-0.610672171423,-0.00567873525545,0.0120131142185,-0.315712160531,-0.823866712074,-0.581373447268,0.0261464636401,-0.257222391721,-0.351083834736,-0.833388926286,-1.07240287486,0.47507612235,-0.0666946337424,-0.54547875292
SrF2,-0.690755631506,-0.856596924599,0.4199250057,-0.664958797488,1.62637823387,1.18769740851,1.95901450637,0.291596790566,-0.753134666797,-1.05601837181,-0.61780282078,-1.03988486406,-0.0789728688851,-0.15491973337,-0.897861406541,-0.828717715785,-0.942921776312,-1.07204338769,0.422322001097,-0.983488239419,-0.65069456212
SrI2,1.64287087167,1.54249167947,0.4199250057,1.63520879065,-0.0450310570092,0.911089724391,-0.289126314076,-0.989323980178,0.608302922773,0.973241451629,0.234426707927,-0.517596801526,-0.967275340807,1.4281943959,0.471198517095,0.389736062402,-0.664273822061,-1.06407601678,0.159035165326,0.547462375359,0.724363468685
SrIn2O4,-0.266459903658,-0.513869981166,0.783287937581,-0.262482763532,0.942619887599,-0.454565066387,0.379724508224,0.297161716716,-0.890422490973,-1.01787439014,-0.931601826834,-0.32963262724,-0.114962641166,-0.313542132251,-0.0916667042809,-0.984401295673,-0.0333877807695,-0.601290505557,-1.30749675061,-1.02006703611,0.303144639297
SrLa2O4,-0.0846188774368,-0.171143037721,-0.125119392106,-0.0423025482253,0.573607446748,-0.384811521029,0.350776472371,0.0264373589893,-0.318389890302,-0.422828276509,-0.0952183718826,0.533847101992,-0.138678444866,-0.302686961922,-0.302198554436,-0.779701060938,1.13994139226,-1.1534952339,-1.92426998858,-2.1684954445,0.584462847242
SrO,-0.34601535263,-0.256824773582,-0.533902690452,-0.347220170045,0.154398460652,-0.686593390454,0.0933246984205,-0.183300976421,0.027689833103,-0.108140427958,0.0208580442745,-0.485869880307,-0.164890648956,-0.331057096274,-0.88382896435,-0.51898676537,-0.413237859863,-0.905219487688,0.344414946544,-1.10731221476,-0.595987522846
SrS,-0.0277935567413,0.342947377434,-0.533902690452,-0.0902899582207,-0.662312897389,-0.31062269649,-0.694650345691,-0.897971795144,0.58828178175,0.692883186551,0.661238093292,0.174058773913,-0.394247434739,-0.673919118086,-0.715756179336,-0.335243935619,-0.335131574822,-0.90178174972,0.514577172386,-0.361814676183,-0.653796835278
SrSc2O4,-0.902903495434,-0.856596924599,-0.125119392106,-0.900548582496,0.714700438843,-0.493627051787,0.486849930868,0.0867690374876,-0.638728146671,-0.823340083764,0.585151192601,0.156487832705,0.094110891452,-0.349334856047,-0.873926370885,-0.0973669451527,0.498003938572,-1.13484514762,-0.734090091733,-2.48774009263,-0.217124590775
SrSe,0.688205484007,0.942719528451,-0.533902690452,0.659396266574,-0.690802828484,-0.34548551846,-0.841606612742,-1.02824409407,0.78849319198,0.973241451629,0.863686384836,0.426842915315,-0.816919225683,-0.53719531394,0.189178081223,0.111928600975,-0.141676539711,-0.876650758467,0.517011405329,-0.298359277527,-0.616131218506
SrTe,1.40420452476,1.54249167947,-0.533902690452,1.43706182371,-1.1181517949,-0.375514419736,-1.02125449399,-1.1853316661,1.10883144835,1.35372766852,1.30219333397,0.745465132732,-0.94688807096,-0.518352791927,0.638954780858,1.58625767258,0.146490856342,-0.872251770727,0.528778988854,0.0083971921185,-0.578120839771
SrY2O4,-0.493761186432,-0.513869981166,-0.125119392106,-0.499016613086,0.638727289258,-0.452123692299,0.439281782019,0.0668139770672,-0.444237062453,-0.628805777389,0.564334732494,0.462341125806,-0.074396134836,-0.319703174871,-0.604973741002,-0.417646223989,0.894261626032,-1.1234929212,-2.10997201614,-2.51427160795,0.403237396551
Y2O3,-0.552859519957,-0.616688064192,0.0383939272391,-0.559735190305,0.8324588207,-0.358335813038,0.577664615468,0.166859958463,-0.633007820659,-0.837071917161,0.781725407784,0.84162552826,-0.0381983291895,-0.315161606314,-0.493431651663,-0.377110007438,1.4172614204,-1.2108022946,-3.67043510211,-3.01900190912,0.875888280579
Y2S3,-0.170993364891,0.103038517027,0.0383939272391,-0.251418936115,-0.147594808949,0.0928290197189,-0.367905437466,-0.690745024004,0.0397025177169,0.12415642025,1.5501814666,1.63353991332,-0.31342647213,-0.726596032488,-0.291744309645,-0.156618611737,1.51098896245,-1.20667700904,-2.74777598161,-1.81641153067,1.67974819893
Y2Se3,0.688205484007,0.822765098247,0.0383939272391,0.648204533638,-0.181782726263,0.050993633355,-0.544252957927,-0.847071782712,0.279956209994,0.460586338343,1.79311941646,1.93688088301,-0.820632621262,-0.562527467514,0.794176803025,0.379988432177,1.74313500459,-1.17651981954,-2.47027280119,-1.45471494377,2.03061058427
YAs,0.688205484007,0.942719528451,-0.533902690452,0.615428744326,-0.785769265465,-0.896625718719,-0.706491593239,-1.11357479101,0.348028089472,0.732934367276,3.43517656969,2.42375245615,-0.816919225683,-0.587664521404,1.05961152527,3.24335481092,2.61410940164,-0.450090850473,0.458629510512,-1.82025405799,-0.652853289957
YBr3,0.688205484007,0.642833452942,0.896838853776,0.623023134533,0.78117694473,1.59601722465,0.460086541628,-0.64744926309,-0.12246872457,0.082102680488,0.388961534127,0.110008347303,-0.56244241098,3.29533258995,0.0204722537039,0.233773978794,0.338612331928,-1.28188267106,0.175498603074,-0.362997611757,0.0964482865081
YCl3,-0.385793077116,-0.256824773582,0.896838853776,-0.442989427595,1.06607625567,1.82672707592,0.878676819132,-0.445242986491,-0.422785839916,-0.428549873761,0.117758666063,-0.036431685692,-0.554251097202,0.0807315898505,0.0651017502897,-0.241422994699,0.258154240579,-1.28429005258,0.125568520589,-0.688391007093,0.00709244870307
YF3,-0.863125770948,-1.15648300011,0.896838853776,-0.837498013579,2.23416343055,1.62714474426,2.49493818054,0.569809595737,-1.26367376289,-1.63008529552,-0.222093326717,-0.279452106669,0.0109495534784,-0.122967881778,-0.655617141383,-0.77876111088,0.134929784298,-1.28388562951,-0.359877459766,-1.70703341234,-0.350351320625
YI3,1.76220404513,1.54249167947,0.896838853776,1.75019052306,0.353827978313,1.31596109963,-0.0342202424835,-0.871226271345,0.26794352538,0.652832005826,0.736664893077,0.308121963677,-0.988390727435,1.65803551364,0.884575272706,0.591999389581,0.448408732831,-1.27492233723,0.228981482969,-0.0144507034526,0.310371879375
YN,-0.34601535263,-0.256824773582,-0.533902690452,-0.358411902981,0.030942092576,-1.43372801798,0.441233901793,-0.445673612654,-0.25260614122,-0.248319560497,1.46610378424,1.5701025453,-0.0403826795303,-0.357446895497,-0.357137600387,-0.0878978186473,2.26314972544,-1.16207439521,0.200102497007,-2.98827517766,-0.596098293117
YP,-0.0277935567413,0.342947377434,-0.533902690452,-0.0872522021381,-0.776272621767,-0.935382532358,-0.537654654913,-1.04198774033,0.247922384357,0.512652873287,1.95338698621,2.07095458835,-0.336362150708,-0.629559611221,-0.176087444025,-0.053781112858,2.37703215273,-1.15910834225,0.447910219424,-2.09968372036,-0.663913982463
YSb,1.40420452476,1.54249167947,-0.533902690452,1.36495508722,-0.909225633541,-0.73793640303,-0.991931927553,-1.23240335129,0.768472050957,1.13344617453,3.07784450234,3.44481573375,-0.950164596472,-0.557372728521,1.36663714008,2.26859178837,3.03575128883,-0.817619181047,0.47417394747,-1.41504286118,-0.623543182843
Zn3As2,0.306339328941,0.342947377434,0.801456084161,0.208913027721,-0.478078009645,-1.18287683048,0.0427814361252,-0.772990254168,-0.208559630969,-0.388498693036,1.16898354686,-0.0787463986585,-0.705735793337,-0.63849312302,1.99353913255,2.25397034303,-0.129111445518,1.13865323798,-0.686809497395,0.869844323903,1.62006722564
Zn3N2,-0.521037340368,-0.616688064192,0.801456084161,-0.570159490125,0.175291076788,-1.61255866989,0.96096183215,-0.238669311481,-0.689067015524,-1.17350183525,-0.406274681498,-0.761666327339,-0.0845065564143,-0.454319022295,0.860139832022,-0.411031760623,-0.409879186477,0.569066402192,-0.314242547593,0.127927161226,-0.107987939277
Zn3P2,-0.266459903658,-0.136870343379,0.801456084161,-0.353231729451,-0.470480694687,-1.21388228139,0.177850986786,-0.715720613622,-0.288644195062,-0.564723888228,-0.0164481199223,-0.360984692898,-0.321290133357,-0.672009194874,1.00497995711,-0.383738395991,-0.318773244648,0.571439244559,-0.850150623131,0.656946123635,1.35407560929
ZnBr2,0.476057620079,0.342947377434,1.47973355697,0.396337248617,0.778011396824,1.16002850218,0.74672954294,-0.510027356834,-0.379406701046,-0.468601054487,-0.531566252383,-1.0231861155,-0.528949039089,2.83565035445,0.654780843477,0.0185138113152,-0.93256624208,-0.306825752965,-0.752627782264,1.08387521358,3.6465128382
ZnCl2,-0.478607767586,-0.456748823925,1.47973355697,-0.551229473273,1.03125522879,1.36510392553,1.11880978961,-0.330288444306,-0.646355247994,-0.922514436029,-0.772635468437,-1.15335503372,-0.521667871285,-0.0217727567423,0.694451507111,-0.403883498458,-1.0040845455,-0.308965647646,0.228964865652,0.851282724286,0.167369967095
ZnF2,-0.902903495434,-1.25644502527,1.47973355697,-0.901903771927,2.06955493977,1.18769740851,2.55548655534,0.571980517683,-1.39381117954,-1.99054592205,-1.07472612869,-1.3693731857,-0.0192672929019,-0.202838953742,0.0538124922902,-0.881517379507,-1.11361739553,-0.308606160475,0.343417602093,0.114114346876,-0.585354246502
ZnI2,1.43072300774,1.14264357879,1.47973355697,1.39826381621,0.398145648898,0.911089724391,0.307345734841,-0.708940253061,-0.0323735899663,0.0387139013821,-0.222496599983,-0.847085123165,-0.907569764826,1.38027517552,1.42287241592,0.33693639868,-0.834969441277,-0.300638789562,0.559355167585,1.39795851429,-0.498112981841
ZnIn2O4,-0.357380416772,-0.685233452877,1.23749160239,-0.364030609719,1.13255276156,-0.454565066387,0.635355386352,0.417326171201,-1.16499813928,-1.41838619741,-1.12742610165,-0.470841907941,-0.0893745371748,-0.334078940985,0.31619353807,-1.00702972298,-0.10654304615,-0.274103122464,-0.25492599477,-0.703338217337,-0.266729449171
ZnO,-0.664237148518,-0.856596924599,1.05581013647,-0.702637631704,0.819163519523,-0.686593390454,0.98803277182,0.237274614254,-0.933324936005,-1.50993175335,-0.664526917589,-0.980102362768,-0.075332284983,-0.402935926843,0.543681883891,-0.598186260952,-0.669281288687,0.239936353135,0.522977226934,-0.142842695026,-0.736027874234
ZnS,-0.34601535263,-0.256824773582,1.05581013647,-0.445707419879,0.00245216148155,-0.31062269649,0.200057727709,-0.477396204468,-0.372732987359,-0.70890813884,-0.0241468685715,-0.320173708549,-0.304689070767,-0.745797948655,0.711754668905,-0.414443431201,-0.591175003647,0.243374091102,-0.872026440334,0.411262944455,1.2772445205
ZnSe,0.369983688119,0.342947377434,1.05581013647,0.303978804915,-0.0260377696129,-0.34548551846,0.0531014606575,-0.607668503391,-0.172521577128,-0.428549873761,0.178301422973,-0.0673895671466,-0.72736086171,-0.609074144509,1.61668892946,0.0327291053933,-0.397719968535,0.268505082355,0.480909808812,0.671756613838,-0.524720731637
ZnTe,1.08598272887,0.942719528451,1.05581013647,1.08164436205,-0.45338673603,-0.375514419736,-0.126546420589,-0.764756075421,0.147816679242,-0.0480636568697,0.616808372106,0.25123265027,-0.857329706988,-0.590231622496,2.0664656291,1.507058177,-0.109552572483,0.272904070096,0.500775773894,0.930688844993,-0.457440937617
