name,energy,energy_per_atom,volume
Al2O3,-297.96185758,-7.4490464395,378.819910016
Al2O3,-148.09380008,-7.404690004,217.406330837
Al2O3,-595.83688335,-7.44796104187,757.854164761
Al2O3,-72.02730624,-7.202730624,84.3124459774
Al2O3,-74.71816917,-7.471816917,96.4748366199
Al2O3,-147.7586627,-7.387933135,171.320771466
Al2O3,-147.84874414,-7.392437207,194.963262519
Al2O3,-221.73488026,-7.39116267533,279.726324825
Al2O3,-294.22334399,-7.35558359975,388.934680987
Al2O3,-67.91752989,-6.791752989,122.705086246
Al2O3,-74.28397745,-7.428397745,114.117670552
Al2O3,-185.06018852,-7.4024075408,250.875504732
Al2O3,-74.81297524,-7.481297524,87.4200077443
Al2O3,-292.79719655,-7.31992991375,389.507260595
Al2O3,-593.94004839,-7.42425060488,761.677807461
Al2O3,-298.06238187,-7.45155954675,361.657033561
Al2O3,-148.18267342,-7.409133671,184.821308951
Al2O3,-297.3398654,-7.433496635,346.377384438
Al2O3,-36.95084953,-7.390169906,46.5361546334
Al2O3,-74.15711225,-7.415711225,92.0170420975
Al2O3,-298.57563624,-7.464390906,370.292718866
Al2O3,-214.42304694,-7.147434898,498.398174824
Al2O3,-109.06713408,-7.271142272,313.188857464
Al2O3,-294.80741946,-7.3701854865,379.058493016
Al2O3,-74.3559985,-7.43559985,133.908532229
Al2O3,-291.11857304,-7.277964326,412.46695047
Al2S3,-134.6203976,-4.48734658667,913.381140314
Al2S3,-587.6302956,-4.89691913,2266.24007355
Al2S3,-136.0067017,-4.53355672333,943.281539381
Al2S3,-201.26771268,-5.031692817,757.62362714
Al2S3,-151.07768794,-5.03592293133,653.931750813
Al2Se3,-44.34731258,-4.434731258,260.866422306
Al2Se3,-176.43733481,-4.41093337025,902.543377156
Al2Te3,-153.39359993,-3.83483999825,1465.79318153
AlAs,-8.81942433,-4.409712165,37.488246981
AlAs,-8.12706622,-4.06353311,39.6847679613
AlAs,-72.59579423,-4.53723713937,346.322575137
AlAs,-18.72300339,-4.6807508475,94.2439490389
AlAs,-9.37404722,-4.68702361,47.1256605779
AlAs,-17.75877003,-4.4396925075,74.3815389571
AlBr3,-52.48972107,-3.28060756688,668.264797549
AlCl3,-30.61701603,-3.82712700375,199.902752675
AlCl3,-11.66892707,-2.9172317675,82.2623913123
AlF3,-44.29962814,-5.5374535175,79.0131029576
AlF3,-141.39883147,-5.89161797792,308.352326061
AlF3,-23.56961141,-5.8924028525,48.2217667496
AlF3,-47.14404392,-5.89300549,92.3102117423
AlF3,-376.27016823,-5.87922137859,775.877837017
AlF3,-235.51515398,-5.8878788495,492.44430545
AlI3,-43.97866822,-2.74866676375,845.059649854
AlN,-29.77967434,-7.444918585,42.5272833628
AlN,-14.54578852,-7.27289426,16.8428227385
AlN,-14.8471735,-7.42358675,21.3169782775
AlN,-29.31835128,-7.32958782,39.7834871756
AlP,-10.37842077,-5.189210385,41.7553308856
AlP,-20.73996901,-5.1849922525,83.4378225866
AlP,-36.16980244,-4.521225305,728.535086806
AlSb,-15.62926855,-3.9073171375,96.9744528108
AlSb,-16.36618583,-4.0915464575,121.082168986
AlSb,-63.78211917,-3.98638244813,441.168633074
AlSb,-8.19939072,-4.09969536,60.5606242212
Ba3As2,-18.33281701,-3.666563402,236.515845054
Ba3N2,-21.14783443,-4.229566886,154.772983815
Ba3P2,-19.27694674,-3.855389348,221.367146672
Ba3P2,-172.08803607,-4.30220090175,1455.55846757
Ba3Sb2,-17.03041521,-3.406083042,275.576978923
BaAl2O4,-404.51774539,-7.22353116768,863.149897388
BaAl2O4,-404.71931371,-7.22713060196,861.019636462
BaAl2O4,-101.12921571,-7.22351540786,215.859770641
Ba(AlS2)2,-434.71663718,-5.17519806167,2095.58332674
Ba(AlTe2)2,-28.22335725,-4.03190817857,254.609962305
Ba(AlTe2)2,-56.56317106,-4.04022650429,511.20472293
BaBr2,-47.46766384,-3.95563865333,430.362224136
BaCl2,-52.88286754,-4.40690562833,369.711833113
BaCl2,-39.60743342,-4.40082593556,273.490335923
BaCl2,-13.29277949,-4.43092649667,101.874633486
BaF2,-68.75284812,-5.72940401,224.868548894
BaF2,-17.30985702,-5.76995234,62.009456031
BaF2,-67.59177858,-5.632648215,213.804629884
Ba(GaO2)2,-1039.22746816,-6.18587778667,2714.61095989
Ba(GaS2)2,-392.79660041,-4.67615000488,2116.98932952
Ba(GaSe2)2,-59.20653482,-4.22903820143,425.881439368
Ba(GaTe2)2,-26.04310287,-3.72044326714,254.206637889
BaI2,-41.44369353,-3.4536411275,530.267752261
BaI2,-31.03134891,-3.44792765667,391.880467911
BaIn2O4,-644.24922302,-5.75222520554,1730.07561209
Ba(InS2)2,-252.18511052,-4.503305545,1639.76127918
Ba(InSe2)2,-229.20154241,-4.09288468589,1850.41402746
Ba(InTe2)2,-25.35278786,-3.62182683714,273.966022711
Ba(InTe2)2,-50.89898185,-3.63564156071,555.574616143
BaLa2O4,-107.23799067,-7.65985647643,263.804361976
BaLa2O4,-215.41740107,-7.69347860964,507.53582746
BaLa2O4,-107.81625288,-7.70116092,293.280232945
BaLa2O4,-321.20046417,-7.64763009929,848.141023062
Ba(LaS2)2,-86.73303724,-6.19521694571,360.452271462
Ba(LaSe2)2,-80.038642,-5.71704585714,404.632735894
BaO,-11.82714503,-5.913572515,44.254983846
BaO,-188.60700821,-5.89396900656,708.045792762
BaO,-23.55000425,-5.8875010625,85.9132824048
BaO,-23.1216293,-5.780407325,89.4988322742
BaS,-10.21249155,-5.106245775,67.3095961043
BaSc2O4,-344.71930133,-8.20760241262,605.013704634
Ba(ScTe2)2,-147.88900686,-5.281750245,914.399592619
BaSe,-9.10933223,-4.554666115,64.7006698506
BaSe,-9.51033231,-4.755166155,74.7411336984
BaTe,-8.64734519,-4.323672595,89.0910945564
BaTe,-8.31318587,-4.156592935,77.4431053165
BaY2O4,-229.96752171,-8.21312577536,449.546010758
Ba(YS2)2,-185.52365535,-6.62584483393,731.369912784
Ba(YTe2)2,-153.36467768,-5.47730991714,1014.93642496
Be3N2,-266.07375245,-6.65184381125,270.583054287
Be3N2,-32.21877928,-6.443755856,32.0905405091
Be3N2,-66.22406841,-6.622406841,68.6117173615
Be3P2,-185.64695064,-4.641173766,529.504952716
Be3P2,-364.57220333,-4.55715254162,1067.36923161
BeAl2O4,-206.97770837,-7.39206101321,234.291119206
BeBr2,-20.28144597,-3.380240995,203.457383375
BeCl2,-23.43551118,-3.90591853,160.049399936
BeCl2,-104.9553955,-3.88723687037,966.380692784
BeCl2,-280.81045511,-3.90014520986,3874.56305686
BeCl2,-187.03455121,-3.89655315021,1130.89202071
BeF2,-271.05058227,-5.64688713063,553.67740981
BeF2,-207.53378503,-5.76482736194,627.411239184
BeF2,-9.742921,-3.24764033333,27.3464128732
BeF2,-207.44721469,-5.76242263028,725.356276512
BeF2,-51.87880878,-5.76431208667,112.862422382
BeF2,-49.87171607,-5.54130178556,187.798605385
BeF2,-51.8787778,-5.76430864444,105.355136674
Be(GaO2)2,-266.36066164,-6.34192051524,478.895370188
Be(GaO2)2,-174.54295878,-6.23367709929,322.719070714
BeI2,-17.02908178,-2.83818029667,243.256985032
BeI2,-136.0434202,-2.83423792083,1805.55599157
BeO,-14.19192116,-7.09596058,13.9805480869
BeO,-56.72994552,-7.09124319,58.197899711
BeO,-13.24221274,-6.62110637,12.1492264236
BeO,-28.4122568,-7.1030642,28.0101304371
BeS,-9.98932245,-4.994661225,28.955804657
BeSe,-8.82045458,-4.41022729,34.8236764116
BeSe,-15.64725971,-3.9118149275,59.6808703852
BeSe,-7.7337913,-3.86689565,29.8486572763
BeTe,-7.60037396,-3.80018698,45.5055119387
Y2BeO4,-238.2744111,-8.50980039643,374.23600809
Ca3N2,-26.16851958,-5.233703916,89.1965784444
Ca3N2,-105.8884293,-5.294421465,354.742782411
Ca3N2,-79.17871492,-5.27858099467,262.879593758
Ca3N2,-51.31729191,-5.131729191,174.259111618
Ca3N2,-26.16624417,-5.233248834,88.8730614569
Ca3N2,-24.07717387,-4.815434774,97.4083705283
Ca3N2,-213.06785511,-5.32669637775,755.591860942
Ca3N2,-53.13074064,-5.313074064,184.607379747
Ca3P2,-20.47662678,-4.095325356,149.721291
Ca3Sb2,-17.25649535,-3.45129907,193.100552
CaAl2O4,-201.24141622,-7.18719343643,271.685034069
CaAl2O4,-405.67428321,-7.24418362875,723.683085882
CaAl2O4,-608.64281424,-7.24574778857,1107.74612898
CaAl2O4,-101.1953127,-7.22823662143,149.08132726
CaAl2O4,-303.98148156,-7.23765432286,554.620591376
Ca(AlS2)2,-287.22346677,-5.12899047804,1244.9483888
Ca(AlSe2)2,-63.77067074,-4.55504791,362.405094332
CaBr2,-22.83643818,-3.80607303,205.721219526
CaBr2,-22.83349662,-3.80558277,207.756321795
CaCl2,-25.7697503,-4.29495838333,175.099452007
CaCl2,-25.76900611,-4.29483435167,173.813906905
CaCl2,-50.26252027,-4.18854335583,451.731394881
CaCl2,-51.52623445,-4.29385287083,341.280772874
CaF2,-69.68277018,-5.806897515,155.108992796
CaF2,-16.85577195,-5.61859065,42.4997800571
CaF2,-17.57719594,-5.85906531333,41.958987038
CaF2,-34.05872439,-5.676454065,88.0017635276
Ca(GaO2)2,-348.40081501,-6.22144312518,757.221165236
Ca(GaO2)2,-172.89109491,-6.17468196107,299.566536209
Ca(GaO2)2,-348.32818536,-6.22014616714,771.418224527
Ca(GaS2)2,-259.35862965,-4.63140410089,1263.85603656
Ca(GaSe2)2,-232.4192547,-4.15034383393,1461.9477689
CaI2,-9.97760348,-3.32586782667,144.157637069
CaIn2O4,-82.65412857,-5.90386632643,206.959129573
Ca(InTe2)2,-24.44598922,-3.49228417429,244.343723439
Ca(LaS2)2,-87.19360795,-6.22811485357,328.557139287
Ca(LaTe2)2,-71.36596749,-5.09756910643,453.413399189
CaO,-25.49662752,-6.37415688,67.0068355779
CaO,-12.87848316,-6.43924158,28.3320955031
CaS,-10.43881148,-5.21940574,46.6951298652
CaSc2O4,-232.79397638,-8.314070585,337.392667004
Ca(ScS2)2,-180.21334471,-6.4361908825,586.07872959
CaSe,-9.02959786,-4.51479893,71.874
CaSe,-9.54626754,-4.77313377,53.0513767115
CaTe,-7.82904677,-3.914523385,60.5156280752
CaTe,-8.44586617,-4.222933085,65.4508849262
CaTe,-33.5090204,-4.18862755,264.769766847
CaY2O4,-116.33383184,-8.30955941714,227.156917432
CaY2O4,-231.78695355,-8.27810548393,399.2677329
CaY2O4,-115.82760503,-8.27340035929,202.995801522
Ca(YS2)2,-184.70619313,-6.59664975464,671.466979077
Cd3As2,-23.4928717,-2.34928717,272.075810618
Cd3As2,-200.76107211,-2.50951340138,2163.70742224
Cd3As2,-100.44020346,-2.5110050865,1085.23553666
Cd3N2,-133.09902523,-3.32747563075,666.722579017
Cd3P2,-25.74745774,-2.574745774,246.040060211
Cd3P2,-110.66930867,-2.76673271675,984.240636776
Al2CdO4,-90.48575042,-6.46326788714,152.377307906
Al2CdS4,-63.17283786,-4.51234556143,279.164646257
Al2CdS4,-31.72651976,-4.53235996571,163.082928685
Al2CdSe4,-28.06846849,-4.00978121286,188.090208458
Al2CdSe4,-55.49729301,-3.96409235786,330.078737748
Al2CdTe4,-24.23285052,-3.46183578857,236.556019326
CdBr2,-13.67779001,-2.27963166833,194.653621677
CdBr2,-6.84086071,-2.28028690333,98.6711694109
CdBr2,-13.6875679,-2.28126131667,204.883292936
CdCl2,-7.63851048,-2.54617016,88.1458506871
CdCl2,-7.87903218,-2.62634406,84.2980857114
CdCl2,-7.80972387,-2.60324129,81.4025579643
CdF2,-11.26375289,-3.75458429667,41.4251716365
Cd(GaO2)2,-457.29476106,-5.44398525071,1006.08384881
Cd(GaO2)2,-304.23302993,-5.43273267732,671.157160267
Cd(GaO2)2,-76.54069845,-5.46719274643,167.408259018
Cd(GaO2)2,-151.15967472,-5.39855981143,299.706869618
Cd(GaS2)2,-28.30555782,-4.04365111714,165.252793351
Cd(GaSe2)2,-25.29924638,-3.61417805429,189.718560318
Cd(GaSe2)2,-23.14206927,-3.30600989571,166.173559815
Cd(GaTe2)2,-22.2061507,-3.17230724286,236.359799687
CdI2,-143.12883651,-1.9083844868,2997.21622576
CdI2,-34.35510314,-1.90861684111,722.437183823
CdI2,-165.99409029,-1.90797804931,3448.56475259
CdI2,-32.23257977,-1.79069887611,719.508906194
CdI2,-68.72418791,-1.90900521972,1457.07683324
CdI2,-91.65039674,-1.90938326542,1988.56406185
CdI2,-45.80914508,-1.90871437833,964.80692609
CdI2,-114.48029203,-1.90800486717,2397.40204326
CdI2,-40.0830025,-1.90871440476,843.202189868
CdI2,-45.81024232,-1.90876009667,965.488199411
CdI2,-80.14870027,-1.90830238738,1684.73067602
CdI2,-103.11160024,-1.90947407852,2218.76730186
CdI2,-62.96742021,-1.90810364273,1324.2614289
CdI2,-57.24053129,-1.90801770967,1203.57638314
CdI2,-28.62982423,-1.90865494867,601.97330729
CdI2,-57.24132991,-1.90804433033,1203.62637859
CdI2,-11.44929577,-1.90821596167,240.292030238
CdI2,-120.2218322,-1.90828305079,2518.13117032
CdI2,-40.06989038,-1.9080900181,840.935873422
CdI2,-57.28972633,-1.90965754433,1271.28310993
CdI2,-45.80880336,-1.90870014,963.519016954
CdI2,-62.96637606,-1.90807200182,1322.40340393
CdI2,-34.36709006,-1.90928278111,734.460327796
CdI2,-17.17544462,-1.90838273556,360.220189489
CdI2,-57.26489235,-1.908829745,1209.48231666
CdI2,-45.81627224,-1.90901134333,1060.77298865
CdI2,-68.7470458,-1.90964016111,1495.59056117
CdI2,-68.73513995,-1.90930944306,1470.58940058
CdI2,-45.80804761,-1.90866865042,963.433348963
CdI2,-74.4792037,-1.90972317179,1640.77260959
CdI2,-34.35399929,-1.90855551611,721.467467415
CdI2,-40.08189308,-1.90866157524,843.015548522
CdI2,-17.17127062,-1.90791895778,358.05320209
CdI2,-22.82426207,-1.90202183917,481.942885532
CdI2,-97.39196189,-1.90964631157,2123.46783763
CdI2,-5.72408435,-1.90802811667,119.460916659
CdI2,-45.80925301,-1.90871887542,965.365852277
CdI2,-34.35554056,-1.90864114222,722.514711599
CdI2,-97.3885671,-1.90957974706,2106.46345015
CdI2,-34.37229088,-1.90957171556,745.315412993
CdI2,-40.10250301,-1.90964300048,875.190535949
CdI2,-51.5181144,-1.90807831111,1080.95416516
CdI2,-85.8690837,-1.90820186,1803.53279587
CdI2,-51.54548937,-1.90909219889,1095.24838477
CdI2,-68.73577581,-1.90932710583,1470.81579272
CdI2,-57.26474445,-1.908824815,1208.89874482
CdI2,-68.7135985,-1.90871106944,1447.84393137
CdI2,-51.5463624,-1.90912453333,1096.09362345
CdI2,-91.66259621,-1.90963742104,2049.8099257
CdI2,-85.93895746,-1.90975461022,1895.13636105
CdI2,-62.96690666,-1.90808808061,1323.19187659
CdI2,-57.27208696,-1.90906956533,1214.33450455
CdI2,-28.51951267,-1.90130084467,598.42388639
CdI2,-62.96620999,-1.90806696939,1322.72453873
CdI2,-57.24115496,-1.90803849867,1203.51643048
CdI2,-62.96562157,-1.90804913848,1323.21412758
CdI2,-114.48055833,-1.9080093055,2396.77765579
CdI2,-62.9661458,-1.90806502424,1323.32714622
CdI2,-74.47783615,-1.90968810641,1628.01640227
CdI2,-17.17696821,-1.90855202333,360.756869932
CdI2,-22.90326842,-1.90860570167,481.907938784
CdI2,-91.64902704,-1.90935473,1963.58768206
CdI2,-68.71687553,-1.90880209806,1448.95053782
CdI2,-97.36581881,-1.90913370216,2068.85142919
CdI2,-68.7324511,-1.90923475278,1576.00623414
CdI2,-85.86636297,-1.90814139933,1804.98213307
CdI2,-57.27417772,-1.90913925733,1215.99288858
CdI2,-57.28552434,-1.909517478,1295.71565909
CdI2,-45.82281433,-1.90928393042,978.079967028
CdI2,-62.9653054,-1.90803955758,1322.2003356
CdI2,-51.54082101,-1.90891929667,1090.0002581
CdI2,-68.72024723,-1.90889575639,1453.84222179
CdI2,-45.80891052,-1.908704605,964.841219228
CdI2,-51.5213015,-1.90819635185,1081.79189996
CdI2,-40.08820772,-1.90896227238,848.453048884
CdI2,-22.83874426,-1.90322868833,508.806530515
CdI2,-57.26124433,-1.90870814433,1205.4417904
CdI2,-68.74789227,-1.90966367417,1495.21052136
CdI2,-68.72455851,-1.90901551417,1458.88630707
CdI2,-11.45410904,-1.90901817333,244.114985768
CdI2,-68.72806873,-1.90911302028,1461.58978436
CdI2,-74.47500317,-1.9096154659,1611.08146757
CdI2,-34.35544898,-1.90863605444,722.764033583
CdI2,-28.62935969,-1.90862397933,602.568967743
CdI2,-51.55691328,-1.90951530667,1117.23609079
CdI2,-40.08176932,-1.9086556819,842.437596754
CdI2,-40.08386832,-1.90875563429,843.875332936
CdI2,-80.14910583,-1.90831204357,1683.78533896
CdI2,-80.14898561,-1.90830918119,1682.03151648
CdI2,-62.96433589,-1.90801017848,1322.02548413
CdI2,-28.62982801,-1.90865520067,601.98337628
CdI2,-22.89606676,-1.90800556333,480.573738094
CdI2,-62.96677937,-1.90808422333,1323.59088943
CdI2,-80.14910849,-1.9083121069,1684.04343389
CdI2,-108.76347061,-1.90813106333,2280.35532097
CdI2,-74.47819967,-1.90969742744,1638.69185759
CdI2,-74.47679715,-1.90966146538,1656.84456564
CdI2,-85.87077853,-1.90823952289,1802.92544172
CdI2,-22.8289058,-1.90240881667,486.370083636
CdI2,-97.3227944,-1.90829008627,2040.36776265
CdI2,-28.62827953,-1.90855196867,601.727345474
CdI2,-45.80806222,-1.90866925917,964.032409674
CdI2,-68.69827809,-1.9082855025,1446.385077
CdI2,-34.35611238,-1.90867291,722.402998333
CdI2,-34.36909888,-1.90939438222,737.668741857
CdI2,-80.149831,-1.90832930952,1684.60467344
CdI2,-85.86794592,-1.908176576,1803.49986442
CdI2,-45.80927943,-1.90871997625,964.430758619
CdI2,-51.53544683,-1.90872025296,1084.71062358
CdI2,-22.90316289,-1.9085969075,481.172674733
CdI2,-57.26258597,-1.90875286567,1207.31325091
CdI2,-57.26024815,-1.90867493833,1205.51109282
CdI2,-62.9674138,-1.90810344848,1323.05720429
CdI2,-45.80963526,-1.9087348025,964.868263876
CdI2,-45.80751502,-1.90864645917,963.919275277
CdI2,-114.48179184,-1.908029864,2396.92654664
CdI2,-85.87021378,-1.90822697289,1807.58126668
CdI2,-34.35627443,-1.90868191278,723.868710921
CdI2,-51.52079186,-1.9081774763,1081.90509459
CdI2,-80.14859688,-1.90829992571,1684.32173353
CdI2,-125.9427449,-1.90822340758,2636.48818082
CdI2,-51.54117676,-1.90893247259,1090.49058765
CdI2,-108.76145312,-1.90809566877,2279.02038251
CdIn2O4,-72.8488727,-5.20349090714,203.086477267
CdIn2O4,-71.73592523,-5.12399465929,201.511779188
Cd(InS2)2,-54.20459439,-3.87175674214,335.372323374
Cd(InSe2)2,-24.37805216,-3.48257888,212.493136105
Cd(InSe2)2,-24.41567159,-3.48795308429,212.015731091
Cd(InSe2)2,-24.38907298,-3.48415328286,210.874112832
Cd(InSe2)2,-22.98708904,-3.28386986286,183.919258777
Cd(InSe2)2,-48.33074575,-3.452196125,387.85785085
Cd(InTe2)2,-21.62944865,-3.08992123571,261.197814024
La2CdS4,-77.87854035,-5.56275288214,332.514539545
La2CdSe4,-71.07435254,-5.07673946714,375.177307246
La2CdTe4,-62.98361141,-4.49882938643,455.322926855
CdO,-7.91277482,-3.95638741,27.3673079378
CdO,-15.79654245,-3.9491356125,68.4740414563
CdS,-5.81821037,-2.909105185,92.8907254697
CdS,-6.05717678,-3.02858839,41.7411068621
CdS,-12.6478595,-3.161964875,104.862862844
CdS,-6.32149041,-3.160745205,52.4182328986
Sc2CdS4,-82.05381409,-5.86098672071,317.778360093
CdSe,-5.65901296,-2.82950648,59.9527961018
CdSe,-11.31378918,-2.828447295,119.893368723
CdSe,-5.36747157,-2.683735785,47.4756785655
CdTe,-4.01756129,-2.008780645,60.8732121506
CdTe,-4.62417494,-2.31208747,57.6748256399
CdTe,-14.30167298,-2.38361216333,194.482378938
CdTe,-4.98219499,-2.491097495,72.8272079484
CdTe,-9.23648859,-2.3091221475,120.869889689
CdTe,-9.94382066,-2.485955165,145.521125575
CdTe,-9.94833108,-2.48708277,145.822665212
Y2CdS4,-84.15117699,-6.01079835643,362.065004086
Cs3As,-49.6283372,-2.06784738333,1207.14356261
Cs3Sb,-8.03334578,-2.008336445,204.4000726
CsBeF3,-22.69417263,-4.538834526,65.7114141429
CsBeF3,-104.08177743,-5.2040888715,388.933614162
CsBr,-6.0233623,-3.01168115,84.7791876313
CsBr,-6.10411465,-3.052057325,101.392190845
CsCaBr3,-17.74246446,-3.548492892,192.360662395
CsCaF3,-25.86332587,-5.172665174,96.2901008451
CsCaI3,-62.1923139,-3.109615695,932.398587439
CsCaI3,-15.44434955,-3.08886991,242.222337379
CsCdBr3,-26.22740029,-2.622740029,371.815787874
CsCdBr3,-12.93930798,-2.587861596,177.811012107
CsCdCl3,-14.68795218,-2.937590436,151.405997147
CsCdCl3,-88.35413953,-2.94513798433,937.896405702
CsCdF3,-19.70974251,-3.941948502,95.0060559372
CsCl,-6.54430625,-3.272153125,74.5682292379
CsCl,-6.63990302,-3.31995151,88.0492889148
CsF,-7.81054676,-3.90527338,50.7408016663
CsF,-8.03004722,-4.01502361,57.2493495696
CsHgBr3,-11.05886109,-2.211772218,184.706553168
CsHgCl3,-23.52493773,-2.352493773,365.328300103
CsHgCl3,-114.1015352,-2.53558967111,1577.82439392
CsHgCl3,-12.51499096,-2.502998192,157.708396736
CsHgF3,-16.80451714,-3.360903428,102.189179811
CsI,-5.51134306,-2.75567153,121.358802697
CsMgBr3,-31.42535277,-3.142535277,350.718457938
CsMgCl3,-35.61896068,-3.561896068,298.388416439
CsMgF3,-23.973048,-4.7946096,76.8907240471
CsMgI3,-26.86642705,-2.686642705,432.772273537
CsSrBr3,-17.53770859,-3.507541718,220.23312158
CsSrBr3,-35.22129032,-3.522129032,412.081327009
CsSrCl3,-39.16948907,-3.916948907,368.939936127
CsSrF3,-25.29870598,-5.059741196,112.899279314
CsSrI3,-15.32131266,-3.064262532,270.811703829
Ga2O3,-232.670462,-5.81676155,453.647299388
Ga2O3,-60.35698982,-6.035698982,109.592787295
Ga2O3,-57.50993377,-5.750993377,96.4982698303
Ga2O3,-60.06289326,-6.006289326,100.683551172
Ga2S3,-43.52845289,-4.352845289,227.726758861
Ga2S3,-43.52062723,-4.352062723,225.008631603
Ga2Se3,-34.56478181,-3.456478181,382.510109731
Ga2Se3,-38.91424954,-3.891424954,262.145186958
Ga2Te3,-32.87292528,-3.287292528,433.439944939
Ga2Te3,-34.17262375,-3.417262375,331.841603086
GaAs,-7.55474902,-3.77737451,40.2764114792
GaAs,-16.72661564,-4.18165391,95.0454715519
GaAs,-64.81247849,-4.05077990563,350.867116552
GaAs,-8.38980253,-4.194901265,47.5318726451
GaAs,-7.66647171,-3.833235855,38.5276918257
GaBr3,-45.10587112,-2.819116945,665.057932808
GaCl3,-25.96415149,-3.24551893625,285.157620238
GaCl3,-25.97405256,-3.24675657,280.527774505
GaF3,-38.17649338,-4.7720616725,99.2059783274
GaI3,-38.35212627,-2.39700789187,820.764825417
GaN,-12.30447176,-6.15223588,23.4804762501
GaN,-24.62981616,-6.15745404,46.9428273596
GaN,-23.14016714,-5.785041785,69.1676416362
GaN,-11.3584431,-5.67922155,19.4700506731
GaP,-18.47901241,-4.6197531025,83.3948059468
GaP,-16.7388481,-4.184712025,110.679435831
GaP,-8.10110504,-4.05055252,34.5522821082
GaP,-71.35770764,-4.4598567275,306.660427968
GaP,-9.25928642,-4.62964321,41.736858953
GaP,-8.28955049,-4.144775245,33.5445792176
GaSb,-7.08156796,-3.54078398,48.1680113104
GaSb,-7.48349749,-3.741748745,60.1332743881
GaSb,-14.9089017,-3.727225425,119.952800834
Al2HgO4,-85.27871096,-6.09133649714,157.014939784
Al2HgS4,-30.07480473,-4.29640067571,163.742533893
Al2HgSe4,-26.60005516,-3.80000788,188.885449148
Al2HgTe4,-23.03498148,-3.29071164,236.478202208
HgBr2,-14.6122277,-1.62358085556,305.121043684
HgBr2,-9.98783407,-1.66463901167,230.201795673
HgCl2,-23.16454792,-1.93037899333,391.783482782
HgF2,-16.59232036,-2.76538672667,105.343728591
HgF2,-8.32286774,-2.77428924667,45.1577945512
Ga2HgO4,-142.25064894,-5.08038031929,365.557089362
Ga2HgO4,-71.5667196,-5.11190854286,172.485162626
Ga2HgO4,-140.82163711,-5.0293441825,309.176335656
Ga2HgS4,-26.67598793,-3.81085541857,165.964361377
Ga2HgSe4,-23.85922284,-3.40846040571,190.579907814
Ga2HgTe4,-83.02842039,-2.96530072821,942.939409898
Ga2HgTe4,-21.03421025,-3.00488717857,236.183810629
HgI2,-68.62366349,-1.42965965604,2274.39940775
HgI2,-8.44624062,-1.40770677,291.901755571
HgI2,-34.2717394,-1.42798914167,1109.02155908
HgI2,-34.2840801,-1.4285033375,1110.76215005
HgI2,-8.57621878,-1.42936979667,283.442217531
In2HgO4,-68.14173345,-4.867266675,209.419501245
In2HgS4,-50.98975603,-3.64212543071,337.88766819
In2HgSe4,-22.97754702,-3.28250671714,213.493095373
In2HgTe4,-20.44550349,-2.92078621286,261.562757546
In2HgTe4,-18.97992259,-2.71141751286,227.651745363
La2HgO4,-96.55115358,-6.89651097,253.113609958
HgO,-46.63371272,-2.914607045,291.283194796
HgO,-23.32090751,-2.91511343875,146.066700596
HgO,-5.53776576,-2.76888288,30.0224017649
HgO,-17.48397881,-2.91399646833,109.44163271
HgS,-13.06216158,-2.17702693,134.147682151
HgS,-14.04119349,-2.340198915,166.400033624
HgS,-4.69644453,-2.348222265,54.1990546025
HgS,-4.33565431,-2.167827155,43.4710076755
HgS,-14.04082797,-2.340137995,165.685769663
HgS,-9.38102019,-2.3452550475,108.388624673
HgSe,-3.89206788,-1.94603394,49.0110733478
HgSe,-12.41563086,-2.06927181,178.934895052
HgSe,-4.21279593,-2.106397965,61.7493321425
HgTe,-6.89298162,-1.723245405,120.310023264
HgTe,-2.96215945,-1.481079725,55.3420365086
HgTe,-3.78330246,-1.89165123,73.8652866054
HgTe,-10.97283802,-1.82880633667,200.515466016
HgTe,-3.47739595,-1.738697975,58.2722556791
Y2HgO4,-101.61722294,-7.25837306714,229.487998255
Y2HgO4,-102.79176725,-7.34226908929,215.206100712
In2O3,-56.26666199,-5.626666199,132.807361908
In2O3,-226.23325053,-5.65583126325,546.518426444
In2O3,-108.20752015,-5.4103760075,242.908475303
In2S3,-79.07645644,-3.953822822,661.752832332
In2S3,-164.96324061,-4.12408101525,991.454312818
In2S3,-40.97185457,-4.097185457,277.466849728
In2S3,-40.94780171,-4.094780171,229.606333777
In2Se3,-18.32885646,-3.665771292,136.888893579
In2Se3,-15.93281115,-3.18656223,127.385281914
In2Se3,-111.48727783,-3.71624259433,922.627275304
In2Se3,-99.23316694,-3.30777223133,1247.02183579
In2Se3,-16.99941201,-3.399882402,145.657846105
In2Te3,-146.28513704,-3.25078082311,1707.83013775
InAs,-7.87547883,-3.937739415,59.049598691
InAs,-7.48021942,-3.74010971,47.641701111
InAs,-15.71378393,-3.9284459825,118.424600225
InAs,-44.83264312,-3.73605359333,289.904097276
InAs,-61.20529474,-3.82533092125,433.140451322
InBr3,-22.04148293,-2.75518536625,281.943198886
InCl3,-24.43407779,-3.05425972375,276.673163174
InF3,-36.86829783,-4.60853722875,128.367438234
InI3,-37.24211737,-2.32763233563,844.908778738
InN,-21.76891237,-5.4422280925,64.4149225282
InN,-10.46530889,-5.232654445,26.1124955227
InN,-10.86543221,-5.432716105,32.274482388
InP,-8.09426909,-4.047134545,42.6779401754
InP,-8.5817395,-4.29086975,52.8399833962
InP,-17.13894736,-4.28473684,105.968267626
InSb,-41.19376839,-3.4328140325,348.087528929
InSb,-13.66630004,-3.41657501,113.288489444
InSb,-14.16656498,-3.541641245,146.32530298
InSb,-13.61106262,-3.402765655,115.666109985
InSb,-6.72143279,-3.360716395,58.6927224575
InSb,-6.8110839,-3.40554195,58.0677581693
InSb,-6.63102132,-3.31551066,55.2041308461
InSb,-6.83714351,-3.418571755,56.9661361144
InSb,-7.10728336,-3.55364168,72.9648211735
K3As,-18.56237321,-2.32029665125,309.068734259
K3N,-19.43799432,-2.42974929,374.761917932
K3P,-19.15110866,-2.3938885825,289.489091501
K3Sb,-18.15741532,-2.269676915,353.715056805
K3Sb,-8.96456639,-2.2411415975,156.985363638
KBaP,-9.18418518,-3.06139506,99.8625320913
KBr,-6.12455737,-3.062278685,66.1107167194
KBr,-6.27069285,-3.135346425,75.7352984341
KCaBr3,-17.51931725,-3.50386345,187.131192424
KCaBr3,-35.587451,-3.5587451,337.439525677
KCaCl3,-19.64555073,-3.929110146,158.084792545
KCaCl3,-39.70622032,-3.970622032,320.002340104
KCaF3,-25.96956314,-5.193912628,90.0193571777
KCaF3,-104.31750622,-5.215875311,346.486480557
KCaF3,-104.35455409,-5.2177277045,346.65639886
KCdAs,-15.91831796,-2.65305299333,171.725580939
KCdCl3,-59.36117685,-2.9680588425,546.825747935
KCdF3,-79.79994309,-3.9899971545,342.483019281
KCdF3,-19.82163577,-3.964327154,89.3930977792
KCdSb,-14.71549177,-2.45258196167,197.964026579
KCl,-6.86146221,-3.430731105,65.391408571
KCl,-6.70522527,-3.352612635,56.0837230339
KF,-8.4316262,-4.2158131,39.8928738822
KF,-8.22455586,-4.11227793,34.6126688342
KHgAs,-14.27148486,-2.37858081,189.710533416
KHgF3,-67.1380671,-3.356903355,389.634915604
KHgSb,-13.26953873,-2.21158978833,218.142250275
KI,-5.6163605,-2.80818025,92.7432973746
KI,-5.47686061,-2.738430305,82.1076881642
KMgAs,-18.8375673,-3.13959455,164.656826732
KMgCl3,-70.90845399,-3.5454226995,499.325305651
KMgF3,-24.79780034,-4.959560068,66.5998285079
KMgP,-20.12990484,-3.35498414,153.047392555
KMgSb,-17.20021341,-2.866702235,196.168421492
KZnAs,-16.9198204,-2.81997006667,164.528154767
KZnAs,-8.43649173,-2.81216391,82.7052199267
KZnF3,-20.80617398,-4.161234796,70.5258535717
KZnP,-18.31606343,-3.05267723833,150.288759703
KZnSb,-7.68399484,-2.56133161333,98.4395674811
KZnSb,-15.42846579,-2.571410965,194.90690097
La2O3,-37.5789937,-7.51579874,95.5943929495
La2O3,-40.62695122,-8.125390244,112.147611991
La2O3,-125.6260535,-8.37507023333,254.449996136
La2O3,-336.19436592,-8.404859148,741.134332494
La2O3,-41.90315718,-8.380631436,83.0168710011
La2S3,-265.37420158,-6.6343550395,1005.25117698
La2S3,-132.97426546,-6.648713273,503.366682274
La2Se3,-244.2001543,-6.1050038575,1129.10835578
La2Te3,-218.72571586,-5.4681428965,1361.15927471
LaAs,-12.7282936,-6.3641468,59.4783685489
LaAs,-11.99362997,-5.996814985,51.5735966492
LaBr3,-35.8713055,-4.4839131875,258.099685826
LaCl3,-40.2139994,-5.026749925,219.035859253
LaF3,-26.56473111,-6.6411827775,50.2607942106
LaF3,-54.34870911,-6.79358863875,112.322535662
LaF3,-163.49546569,-6.81231107042,335.92334338
LaF3,-160.05465953,-6.66894414708,327.134723208
LaF3,-106.21790784,-6.63861924,206.273504329
LaF3,-163.51048075,-6.81293669792,336.110650373
LaF3,-26.52732389,-6.6318309725,50.3919229446
LaI3,-31.38717192,-3.92339649,353.032433868
LaN,-31.82601386,-7.956503465,88.1625527586
LaN,-31.3608775,-7.840219375,75.0516046839
LaN,-15.88708238,-7.94354119,37.4123028473
LaN,-14.72651511,-7.363257555,31.8725799971
LaP,-13.49189604,-6.74594802,55.3862340022
LaSb,-11.15564752,-5.57782376,60.9401010459
LaSb,-11.60385231,-5.801926155,70.2733867912
Li3As,-26.46606881,-3.30825860125,129.522350218
Li3N,-30.96061068,-3.870076335,69.8615237651
Li3N,-15.5190031,-3.879750775,44.8825641817
Li3P,-27.84784581,-3.48098072625,117.638804377
Li3Sb,-24.7439786,-3.092997325,159.010093218
Li3Sb,-12.38543439,-3.0963585975,70.6317147283
BaLiAs,-11.31732487,-3.77244162333,83.0265559849
BaLiF3,-26.89029715,-5.37805943,66.5618144299
BaLiP,-11.87125472,-3.95708490667,77.059930082
BaLiP,-23.94282751,-3.99047125167,155.661830709
BaLiSb,-21.58517653,-3.59752942167,194.627046201
LiBeAs,-23.51561498,-3.91926916333,87.2878527337
LiBeN,-66.41975051,-5.53497920917,103.18473298
LiBeP,-25.6125589,-4.26875981667,78.1297947218
LiBeSb,-21.02219011,-3.50369835167,102.232250244
LiBr,-6.63267599,-3.316337995,41.8991208616
LiBr,-13.36732186,-3.341830465,103.422874097
LiCaAs,-11.48442623,-3.82814207667,74.5758819664
LiCaF3,-26.33002352,-5.266004704,53.2101638939
LiCaN,-56.77383543,-4.7311529525,173.55105482
LiCaSb,-43.48633029,-3.6238608575,298.022564586
LiCdAs,-8.92490682,-2.97496894,64.1528642566
LiCdAs,-8.13704911,-2.71234970333,57.5923289778
LiCdP,-8.6114173,-2.87047243333,52.8750200577
LiCl,-7.37638453,-3.688192265,34.2023967267
LiF,-9.69028318,-4.84514159,17.0221540487
LiF,-9.14406152,-4.57203076,16.768040405
LiI,-11.65201297,-2.9130032425,108.910200252
LiI,-11.79689382,-2.949223455,134.038284323
LiI,-5.8256555,-2.91282775,54.6968765397
LiMgAs,-10.40323517,-3.46774505667,59.9678425179
LiMgN,-55.0273711,-4.58561425833,127.569263204
LiMgN,-13.76139766,-4.58713255333,31.4712667964
LiMgP,-10.19045743,-3.39681914333,54.6091561652
LiMgP,-10.15729766,-3.38576588667,48.1269608157
LiMgP,-11.21080914,-3.73693638,54.4434705742
SrLiN,-26.83820635,-4.47303439167,110.224655064
SrLiP,-11.70492558,-3.90164186,68.0403361475
SrLiP,-23.88952617,-3.981587695,134.248191861
SrLiSb,-42.38421425,-3.53201785417,333.445005167
LiZnAs,-9.39868952,-3.13289650667,53.4209297795
LiZnN,-12.300766,-4.10025533333,30.0596171971
LiZnP,-9.84209445,-3.28069815,47.074940508
LiZnP,-10.23988653,-3.41329551,47.7213324634
LiZnP,-8.89464596,-2.96488198667,45.1936730037
LiZnSb,-16.81027428,-2.80171238,124.956339482
Mg3As2,-32.84483436,-3.284483436,240.589600389
Mg3As2,-17.15405768,-3.430811536,108.426952277
Mg3As2,-137.98525042,-3.4496312605,970.889784977
Mg3N2,-201.83784937,-5.04594623425,503.681721149
Mg3P2,-151.68861416,-3.792215354,879.060187515
Mg3P2,-36.05455015,-3.605455015,218.648997087
Mg3Sb2,-14.88363827,-2.976727654,133.474208969
MgAl2O4,-693.52715672,-7.07680772163,953.574406212
MgAl2O4,-695.66906465,-7.098663925,954.300601724
MgAl2O4,-99.51054208,-7.10789586286,136.371331569
MgAl2O4,-98.81120241,-7.05794302929,135.688678791
MgAl2O4,-98.8637773,-7.06169837857,133.913783252
MgAl2O4,-297.43110258,-7.08169291857,408.097252779
MgAl2O4,-298.12302232,-7.0981671981,408.805381636
MgAl2O4,-396.57981235,-7.08178236339,544.033703409
MgAl2O4,-695.82773247,-7.10028298439,953.778783702
MgAl2O4,-691.68782918,-7.05803907327,948.337571629
MgAl2O4,-496.4082179,-7.09154597,680.883313519
MgAl2O4,-396.2387113,-7.07569127321,543.725938162
MgAl2O4,-397.66037556,-7.101078135,545.201414352
MgAl2O4,-396.9420752,-7.08825134286,544.428435593
MgAl2O4,-595.98305025,-7.0950363125,817.152353309
MgAl2O4,-97.99792711,-6.99985193643,123.109337193
MgAl2O4,-196.25188082,-7.00899574357,247.32164932
Mg(AlS2)2,-33.76754367,-4.82393481,154.933551365
Mg(AlS2)2,-135.87661977,-4.85273642036,547.374694457
Mg(AlSe2)2,-29.75729645,-4.25104235,182.841158349
MgBr2,-9.39603983,-3.13201327667,91.8275355529
MgCl2,-20.53112473,-3.42185412167,158.800172175
MgCl2,-10.86024165,-3.62008055,75.1136252972
MgCl2,-20.99777439,-3.499629065,275.970281697
MgCl2,-10.60800891,-3.53600297,85.8558503716
MgCl2,-20.87036749,-3.47839458167,147.857302254
MgCl2,-10.8650338,-3.62167793333,76.9298088829
MgF2,-31.30742658,-5.21790443,108.475695531
MgF2,-31.97427302,-5.32904550333,68.1861391828
MgF2,-63.14730091,-5.26227507583,125.927712904
Mg(GaO2)2,-509.11579651,-6.0609023394,887.683626181
Mg(GaO2)2,-84.93160267,-6.06654304786,147.062320129
Mg(GaO2)2,-84.82130597,-6.05866471214,151.199990136
Mg(GaO2)2,-254.62182939,-6.06242450929,444.119415714
Mg(GaO2)2,-84.60715967,-6.04336854786,149.207579431
Mg(GaO2)2,-339.25903578,-6.0581970675,593.504596751
Mg(GaS2)2,-182.88743512,-4.35446274095,903.346339262
MgI2,-7.8306205,-2.61020683333,118.643102617
MgIn2O4,-80.17040851,-5.72645775071,182.588292717
MgIn2O4,-80.09900299,-5.72135735643,185.899727712
MgIn2O4,-400.64164811,-5.72345211586,915.942990727
Mg(InS2)2,-58.54618971,-4.18187069357,323.400517462
Mg(InSe2)2,-105.16303557,-3.75582269893,801.547019433
Mg(InSe2)2,-52.02504684,-3.71607477429,376.145630733
Mg(InTe2)2,-23.03636091,-3.29090870143,255.617914954
La2MgO4,-53.38882027,-7.62697432429,97.0011249988
La2MgO4,-107.00546295,-7.64324735357,197.074033927
MgO,-11.96804153,-5.984020765,19.2793673195
MgO,-47.14071235,-5.89258904375,98.2130066434
MgO,-10.47152226,-5.23576113,18.8501885089
MgO,-11.29301221,-5.646506105,20.0319549709
MgO,-23.63951378,-5.909878445,48.5413017076
MgO,-70.77773415,-5.8981445125,147.176368143
MgS,-8.58883643,-4.294418215,35.7434909412
MgS,-8.55735981,-4.278679905,46.2527357237
Mg(ScS2)2,-86.56919714,-6.18351408143,306.39595519
Mg(ScSe2)2,-78.52165847,-5.60868989071,353.622207243
MgSe,-7.5924656,-3.7962328,54.0138265644
MgSe,-15.20519116,-3.80129779,107.893234954
MgSe,-7.56495107,-3.782475535,41.8422685283
MgTe,-12.99041779,-3.2476044475,138.261815509
MgTe,-12.79976784,-3.19994196,107.084184608
MgTe,-6.49342819,-3.246714095,69.0566558968
MgTe,-6.36740577,-3.183702885,53.438500981
Y2MgS4,-88.56115473,-6.32579676643,349.897190173
Y2MgSe4,-80.86936037,-5.77638288357,400.809604722
Na3As,-10.10468906,-2.526172265,92.3171062792
Na3As,-20.56261137,-2.57032642125,204.301729161
Na3As,-61.71706863,-2.57154452625,613.236782711
Na3N,-10.4069769,-2.601744225,62.115217909
Na3N,-11.20763507,-2.8019087675,82.9390983178
Na3N,-11.35274518,-2.838186295,106.898481762
Na3P,-21.41949779,-2.67743722375,189.475037416
Na3Sb,-19.63321413,-2.45415176625,239.286229161
BaNaP,-32.90170156,-3.65574461778,260.890892627
BaNaSb,-9.28031315,-3.09343771667,107.699898046
NaBeAs,-21.77689608,-3.62948268,114.941042629
NaBeSb,-19.38127142,-3.23021190333,141.256108103
NaBr,-6.11482283,-3.057411415,54.748518817
NaCaAs,-10.55778637,-3.51926212333,84.5834076857
NaCdAs,-32.1877422,-2.68231185,282.723809308
NaCdF3,-39.92142317,-3.992142317,151.196343757
NaCdSb,-29.44286756,-2.45357229667,334.217377364
NaCl,-6.77629517,-3.388147585,46.0961377582
NaCl,-6.46727075,-3.233635375,43.0389757867
NaF,-8.64893631,-4.324468155,25.8936106188
NaHgCl3,-49.17212086,-2.458606043,576.926625899
NaI,-5.38684399,-2.693421995,69.6750961162
NaMgAs,-18.97681324,-3.16280220667,140.818504956
NaMgF3,-49.19447823,-4.919447823,114.855283767
NaMgF3,-99.08121879,-4.9540609395,234.8729984
NaMgF3,-24.56195494,-4.912390988,61.6691421912
NaMgP,-7.99196128,-2.66398709333,63.3272166166
NaMgSb,-17.16948033,-2.861580055,167.535360245
NaSrAs,-30.84934236,-3.42770470667,248.961651828
NaSrP,-32.44574576,-3.60508286222,231.363818071
NaZnAs,-8.11610837,-2.70536945667,64.1577741475
NaZnAs,-17.01219127,-2.83536521167,125.764943655
NaZnF3,-83.0993129,-4.154965645,246.256165625
NaZnP,-18.43410724,-3.07235120667,114.7570299
NaZnSb,-15.26031663,-2.543386105,150.37547529
Rb3As,-17.20402278,-2.1505028475,360.5397902
Rb3P,-8.60136165,-2.1503404125,150.37813974
Rb3Sb,-16.93371662,-2.1167145775,407.668117676
Rb3Sb,-8.34568761,-2.0864219025,180.496765116
RbBr,-6.14064914,-3.07032457,86.780506908
RbBr,-6.03023399,-3.015116995,74.184246503
RbCaAs,-20.3551009,-3.39251681667,214.776150937
RbCaBr3,-70.84584349,-3.5422921745,712.998518305
RbCaBr3,-17.59421377,-3.518842754,189.335293234
RbCaCl3,-39.51124788,-3.951124788,314.486754725
RbCaCl3,-19.70324152,-3.940648304,159.694570872
RbCaF3,-25.92665528,-5.185331056,92.1700442555
RbCaI3,-61.98540378,-3.099270189,878.948426305
RbCaI3,-15.26708201,-3.053416402,239.404224176
RbCaSb,-19.02808976,-3.17134829333,250.86897835
RbCdBr3,-52.24710424,-2.612355212,670.504767107
RbCdCl3,-58.97502849,-2.9487514245,581.100201675
RbCdF3,-19.77858812,-3.955717624,91.3029680397
RbCl,-6.58217781,-3.291088905,63.8263660618
RbCl,-6.70481531,-3.352407655,75.1479268794
RbF,-7.97934009,-3.989670045,41.2412181346
RbF,-8.17889598,-4.08944799,47.2531389101
RbHgF3,-16.79032017,-3.358064034,98.9547468655
RbI,-5.41789523,-2.708947615,90.3702601241
RbI,-5.51725264,-2.75862632,104.95710474
RbMgCl3,-70.84226141,-3.5421130705,537.874183991
RbMgCl3,-106.07054417,-3.53568480567,795.018095715
RbMgF3,-129.85469084,-4.32848969467,593.196888925
RbMgF3,-24.4650737,-4.89301474,70.3544012973
RbMgF3,-146.90227898,-4.89674263267,439.610535114
RbSrCl3,-19.37496004,-3.874992008,185.312021668
RbSrCl3,-39.15537105,-3.915537105,374.232149891
RbZnF3,-123.41474956,-4.11382498533,461.267397923
Sc2O3,-90.19255597,-9.019255597,119.78421679
Sc2O3,-362.32343731,-9.05808593275,487.146902762
Sc2O3,-89.71564874,-8.971564874,126.411031966
Sc2O3,-44.62997816,-8.925995632,56.3800862323
Sc2O3,-134.7641552,-8.98427701333,170.309427878
Sc2O3,-359.03888063,-8.97597201575,506.463737396
Sc2S3,-69.23605495,-6.923605495,213.811757661
Sc2S3,-138.54329705,-6.9271648525,430.370352141
Sc2Se3,-63.03036345,-6.303036345,244.725326081
Sc2Te3,-112.92149514,-5.646074757,607.133217562
Sc2Te3,-113.35458085,-5.6677290425,600.06485242
Sc2Te3,-56.08663741,-5.608663741,302.364376729
ScAs,-13.73724377,-6.868621885,41.3571153761
ScAs,-12.77190253,-6.385951265,39.1549790755
ScCl3,-40.69549273,-5.08693659125,235.204384211
ScF3,-24.24677336,-6.06169334,44.0630220792
ScF3,-27.86529393,-6.9663234825,67.3561118877
ScF3,-27.87339892,-6.96834973,67.3987876151
ScF3,-24.15056965,-6.0376424125,43.3724025767
ScN,-18.49415373,-9.247076865,23.0604636085
ScN,-17.88605841,-8.943029205,29.3143547942
ScN,-16.42188275,-8.210941375,21.7300281156
ScP,-13.61041503,-6.805207515,35.2643379907
ScP,-13.66318267,-6.831591335,52.2502260891
ScP,-14.72582357,-7.362911785,37.5774277272
ScSb,-11.68799149,-5.843995745,47.8053418927
ScSb,-12.33497514,-6.16748757,51.1476052868
Sr3As2,-17.98988965,-3.59797793,196.122941
Sr3N2,-194.17776213,-4.85444405325,942.397271379
Sr3N2,-21.63784751,-4.327569502,123.431684573
Sr3P2,-168.90667224,-4.222666806,1233.23050479
Sr3P2,-19.09129686,-3.818259372,182.284263
Sr3Sb2,-16.39185794,-3.278371588,230.346397
SrAl2O4,-201.75266991,-7.20545249679,396.666033764
SrAl2O4,-301.49841318,-7.17853364714,582.811865473
SrAl2O4,-302.37908303,-7.1995019769,596.496746307
Sr(AlS2)2,-287.85569085,-5.14028019375,1338.83009155
Sr(AlSe2)2,-64.05510342,-4.57536453,387.672491492
Sr(AlTe2)2,-27.6002832,-3.9428976,239.439405553
SrBr2,-45.64224583,-3.80352048583,437.562529625
SrBr2,-113.75155228,-3.79171840933,1004.47117806
SrCl2,-12.84239639,-4.28079879667,87.4972664964
SrF2,-17.2859187,-5.7619729,50.4595808277
SrF2,-33.52799061,-5.587998435,87.6438472204
Sr(GaO2)2,-346.04760257,-6.17942147446,835.268764213
Sr(GaO2)2,-346.00079379,-6.17858560339,820.172399361
Sr(GaS2)2,-259.86299596,-4.64041064214,1360.25095439
Sr(GaTe2)2,-51.08475366,-3.64891097571,479.620030082
Sr(GaTe2)2,-25.45937672,-3.63705381714,238.395331739
SrI2,-39.46278187,-3.28856515583,534.502497082
SrI2,-78.57415443,-3.27392310125,1042.17374362
SrIn2O4,-162.98995154,-5.82106969786,386.22658
Sr(InS2)2,-248.48177149,-4.43717449089,1505.47395315
Sr(InSe2)2,-225.09049134,-4.01947305964,1715.07074888
Sr(InTe2)2,-24.36440358,-3.48062908286,281.462124682
Sr(InTe2)2,-49.72445722,-3.55174694429,520.927822527
SrLa2O4,-214.94126033,-7.67647358321,485.255190225
SrLa2O4,-107.17144947,-7.65510353357,247.629349063
SrLa2O4,-107.57223885,-7.68373134643,277.260019622
Sr(LaS2)2,-86.76177844,-6.19726988857,342.087099905
Sr(LaSe2)2,-79.78112685,-5.69865191786,386.077552399
SrO,-23.84809293,-5.9620232325,69.717353399
SrO,-24.00457132,-6.00114283,83.6340278533
SrO,-12.10460644,-6.05230322,35.276914807
SrO,-11.27390354,-5.63695177,31.0095721517
SrS,-9.51519099,-4.757595495,49.3675299377
SrS,-10.11311164,-5.05655582,55.7315335421
SrSc2O4,-114.69144479,-8.19224605643,203.083301884
SrSc2O4,-114.7640771,-8.19743407857,180.787932605
SrSc2O4,-230.25828461,-8.22351016464,355.520062903
SrSc2O4,-344.82193428,-8.21004605429,578.674042896
Sr(ScS2)2,-179.72267706,-6.41866703786,613.153231197
Sr(ScTe2)2,-146.11108047,-5.21825287393,876.988127529
SrSe,-9.31015358,-4.65507679,62.6264430717
SrTe,-8.3189605,-4.15948025,76.0067180553
SrTe,-7.84076944,-3.92038472,68.3133746365
SrY2O4,-230.58309234,-8.23511044071,421.460867595
Sr(YS2)2,-184.25670701,-6.58059667893,695.603134135
Sr(YS2)2,-91.12500434,-6.50892888143,311.499101867
Y2O3,-362.02216045,-9.05055401125,587.841709094
Y2O3,-135.98998641,-9.065999094,212.331596975
Y2O3,-84.02345459,-8.402345459,148.263914951
Y2O3,-45.20995679,-9.041991358,69.7081376895
Y2O3,-180.47675241,-9.0238376205,282.351848186
Y2O3,-364.52983952,-9.113245988,613.189950942
Y2O3,-90.6257896,-9.06257896,149.703127709
Y2O3,-271.84704309,-9.061568103,432.788244074
Y2S3,-284.30583632,-7.107645908,870.813547678
Y2S3,-214.22493017,-7.14083100567,723.072703151
Y2Se3,-260.93151894,-6.5232879735,994.322845758
YAs,-14.22770781,-7.113853905,49.6996733226
YAs,-13.25435386,-6.62717693,46.1435751102
YBr3,-38.07605319,-4.75950664875,313.466083249
YBr3,-37.58634328,-4.69829291,370.158748265
YCl3,-42.28170443,-5.28521305375,282.011366905
YF3,-83.17121207,-6.93093433917,156.185314021
YF3,-114.09999479,-7.13124967437,202.820368455
YI3,-33.57114695,-4.19639336875,388.770686711
YN,-36.0036473,-9.000911825,69.678360452
YN,-18.17802279,-9.089011395,29.7575470059
YN,-17.68139053,-8.840695265,37.1347434061
YN,-16.3073846,-8.1536923,27.2312090387
YN,-17.23340099,-8.616700495,30.0507102236
YN,-34.93216174,-8.733040435,61.0399727778
YP,-15.13060237,-7.565301185,45.8061286601
YP,-14.02948033,-7.014740165,42.1056933834
YSb,-12.91838731,-6.459193655,60.0173104007
YSb,-12.23095572,-6.11547786,55.0798026904
YSb,-12.91838612,-6.45919306,60.0173257748
Zn3As2,-110.70896208,-2.767724052,849.804868984
Zn3As2,-221.23120244,-2.7653900305,1695.79019491
Zn3As2,-442.93016047,-2.76831350294,3390.62589845
Zn3As2,-26.0905712,-2.60905712,211.282232836
Zn3N2,-79.3273465,-3.966367325,241.501188168
Zn3N2,-159.07892202,-3.9769730505,479.214128981
Zn3P2,-124.46731724,-3.111682931,756.17146967
Zn3P2,-29.27866464,-2.927866464,186.786824259
Al2ZnO4,-93.87932467,-6.70566604786,136.732334148
Al2ZnO4,-92.10579391,-6.57898527929,137.028597247
Al2ZnS4,-64.78325275,-4.62737519643,256.676462558
Al2ZnSe4,-28.5444466,-4.07777808571,174.345181869
Al2ZnTe4,-24.56461757,-3.50923108143,222.233375406
ZnBr2,-116.25288946,-2.42193519708,1563.14686762
ZnBr2,-7.00639158,-2.33546386,92.3564344776
ZnCl2,-33.57254664,-2.79771222,338.431674757
ZnCl2,-16.79108204,-2.79851367333,164.305908964
ZnCl2,-16.76295262,-2.79382543667,164.720203181
ZnCl2,-100.62547085,-2.79515196806,1005.94984534
ZnF2,-23.93210006,-3.98868334333,73.4604405821
ZnF2,-47.79559457,-3.98296621417,144.529325076
Zn(GaO2)2,-79.19053491,-5.65646677929,151.320335135
Zn(GaS2)2,-28.91829904,-4.13118557714,149.273767627
Zn(GaS2)2,-28.97956434,-4.13993776286,151.243685539
Zn(GaSe2)2,-25.8115675,-3.68736678571,175.603559444
Zn(GaTe2)2,-22.56928348,-3.22418335429,221.744317812
ZnI2,-5.74350423,-1.91450141,104.170792595
ZnI2,-5.77976332,-0.963293886667,225.907550182
ZnI2,-98.60201535,-2.05420865312,2095.56962213
ZnIn2O4,-74.33106527,-5.309361805,185.621580429
ZnIn2O4,-147.5337899,-5.269063925,376.396706474
Zn(InS2)2,-54.31593935,-3.87970995357,337.415745367
Zn(InS2)2,-54.46793858,-3.89056704143,337.630183305
Zn(InS2)2,-27.22426149,-3.88918021286,168.594205066
Zn(InS2)2,-55.12275283,-3.93733948786,310.775824061
Zn(InS2)2,-55.07854951,-3.93418210786,337.246750523
Zn(InS2)2,-27.24029058,-3.89147008286,168.853670477
Zn(InS2)2,-54.24702989,-3.87478784929,354.744962209
Zn(InSe2)2,-24.89321913,-3.55617416143,199.141165102
Zn(InSe2)2,-48.96630044,-3.49759288857,362.487348166
Zn(InSe2)2,-24.89751573,-3.55678796143,198.666612969
Zn(InTe2)2,-21.96466249,-3.13780892714,245.8968348
La2ZnO4,-203.6003657,-7.27144163214,490.316954307
ZnO,-8.8076476,-4.4038238,20.4208593161
ZnO,-9.08762678,-4.54381339,24.8184331164
ZnO,-105.06722373,-4.37780098875,245.869225554
ZnO,-7.66923477,-3.834617385,19.5054284971
ZnO,-18.20120675,-4.5503016875,49.7187230543
ZnO,-16.99359112,-4.24839778,49.0847103573
ZnS,-126.30993502,-3.50860930611,729.125669826
ZnS,-168.39741711,-3.50827952312,971.446870829
ZnS,-83.9614669,-3.49839445417,487.232337021
ZnS,-98.21652191,-3.50773292536,566.715620143
ZnS,-140.33508009,-3.50837700225,810.097461919
ZnS,-126.29937457,-3.50831596028,729.226768605
ZnS,-140.33508279,-3.50837706975,810.097012277
ZnS,-168.3859175,-3.50803994792,971.767393153
ZnS,-98.21581906,-3.50770782357,566.707644889
ZnS,-82.99253934,-3.4580224725,491.128886826
ZnS,-140.32453499,-3.50811337475,810.266762574
ZnS,-126.29944375,-3.50831788194,729.198684236
ZnS,-98.21620613,-3.5077216475,566.729779893
ZnS,-196.44939957,-3.50802499232,1134.0648688
ZnS,-126.29945981,-3.50831832806,729.201052468
ZnS,-140.33509904,-3.508377476,810.10540539
ZnS,-83.96122802,-3.49838450083,486.895219913
ZnS,-154.37186839,-3.50845155432,890.452038833
ZnS,-69.95987926,-3.497993963,405.313279956
ZnS,-280.68403288,-3.508550411,1619.01264921
ZnS,-83.94858576,-3.49785774,486.980861939
ZnS,-83.96148793,-3.49839533042,486.994662459
ZnS,-140.32448318,-3.5081120795,810.262034453
ZnS,-168.39637068,-3.5082577225,971.659633388
ZnS,-182.4340099,-3.50834634423,1052.54147892
ZnS,-79.15840439,-3.29826684958,495.387440789
ZnS,-83.94838188,-3.497849245,486.973467278
ZnS,-168.39615843,-3.50825330063,971.984809585
ZnS,-154.38245703,-3.50869220523,890.448355572
ZnS,-168.38588353,-3.50803924021,971.694508467
ZnS,-252.61223337,-3.50850324125,1456.1102941
ZnS,-126.29941413,-3.50831705917,729.222724168
ZnS,-140.3245237,-3.5081130925,810.293025141
ZnS,-168.40688229,-3.50847671437,971.534084809
ZnS,-140.33505478,-3.5083763695,810.102451485
ZnS,-182.44781725,-3.50861187019,1050.93935831
ZnS,-224.54081867,-3.50845029172,1293.94082962
ZnS,-196.47876239,-3.50854932839,1133.40230637
ZnS,-154.38241189,-3.50869117932,890.408551387
ZnS,-168.40669897,-3.50847289521,971.908379128
ZnS,-56.13112986,-3.50819561625,324.105426901
ZnS,-69.95975692,-3.497987846,407.052311703
ZnS,-112.27511873,-3.50859746031,648.147169298
ZnS,-70.16763346,-3.508381673,405.046096824
ZnS,-168.40665797,-3.50847204104,971.869590181
ZnS,-126.2994284,-3.50831745556,729.174476651
ZnS,-182.43420136,-3.50835002615,1053.57751525
ZnS,-41.96655835,-3.49721319583,243.287094809
ZnS,-168.41716293,-3.50869089437,971.912200621
ZnS,-196.47876033,-3.50854929161,1133.40795086
ZnS,-196.478788,-3.50854978571,1133.41660716
ZnS,-56.13159569,-3.50822473062,323.922986003
ZnS,-21.03845291,-3.50640881833,121.470644011
ZnS,-112.27509675,-3.50859677344,648.22981848
ZnS,-181.74053895,-3.49501036442,1049.96065427
ZnS,-79.20228471,-3.30009519625,494.027106589
ZnS,-28.06030135,-3.50753766875,162.057460164
ZnS,-7.01785207,-3.508926035,40.4756751405
ZnS,-69.9470857,-3.497354285,405.95117293
ZnS,-112.26471089,-3.50827221531,647.720415516
ZnS,-182.43389969,-3.50834422481,1052.19050411
ZnS,-55.96124262,-3.49757766375,323.74253842
ZnS,-140.32441485,-3.50811037125,810.292440823
ZnS,-252.6225063,-3.50864592083,1456.57694507
ZnS,-168.40847937,-3.50850998688,970.405244197
ZnS,-168.40697779,-3.50847870396,971.806582696
ZnS,-168.41721095,-3.50869189479,971.853120887
ZnS,-308.76635399,-3.50870856807,1780.65750062
ZnS,-70.16748528,-3.508374264,405.165351965
ZnS,-112.25424672,-3.50794521,647.68693857
ZnS,-98.22779296,-3.50813546286,566.547008048
ZnS,-308.75553396,-3.50858561318,1781.10717194
ZnS,-35.07298244,-3.507298244,202.530031935
ZnS,-168.38600629,-3.50804179771,970.205488903
ZnS,-14.02418108,-3.50604527,81.0743208329
ZnS,-28.05496614,-3.5068707675,161.44041285
ZnS,-126.29940871,-3.50831690861,729.22690202
ZnS,-196.48926858,-3.50873693893,1133.27346624
ZnS,-196.47868711,-3.50854798411,1133.32769239
ZnS,-55.96121558,-3.49757597375,323.746401803
ZnS,-56.120276,-3.50751725,324.075159642
ZnS,-55.93574155,-3.49598384688,323.994399067
ZnS,-238.56596467,-3.50832300985,1376.73975643
ZnS,-98.23826354,-3.50850941214,566.491395059
ZnS,-140.3456753,-3.5086418825,809.963292791
ZnS,-35.06104989,-3.506104989,202.501933333
ZnS,-48.9531972,-3.49665694286,284.34148341
ZnS,-126.28872453,-3.50802012583,729.223018227
ZnS,-42.09591581,-3.50799298417,243.037079432
ZnS,-449.11557086,-3.50871539734,2593.35776766
ZnS,-98.22780996,-3.50813607,566.565852095
ZnS,-196.48929157,-3.50873734946,1133.12602084
Sc2ZnS4,-83.17915419,-5.94136815643,293.569761712
Sc2ZnSe4,-75.46518537,-5.39037038357,339.133345726
ZnSe,-12.35102026,-3.087755065,94.8044294905
ZnSe,-6.18516607,-3.092583035,47.3376454287
ZnSe,-11.73050568,-2.93262642,102.426357088
ZnTe,-10.67769395,-2.6694234875,118.488017363
ZnTe,-15.14741232,-2.52456872,160.130668507
ZnTe,-5.35144786,-2.67572393,59.1456154302
ZnTe,-9.63707712,-2.40926928,101.122313621
ZnTe,-16.03572944,-2.67262157333,177.256417048
ZnTe,-4.76140524,-2.38070262,48.1593024186
Y2ZnS4,-84.79816493,-6.05701178071,335.691147752
Y2ZnSe4,-77.48680788,-5.53477199143,385.949721598
